{
  "metrics": {
    "exact_purity": 0.3482450223805722,
    "calculated_fidelity": [
      0.971692428965033,
      1.0313938158391445,
      1.0310163328698732,
      1.0202209134429436,
      1.0035527633314265,
      0.9679504528151083,
      0.9900545533957971,
      0.8023848271381416,
      1.0069687117047355,
      1.0367003872909233
    ],
    "calculated_trace_distance": [
      0.25141901310189274,
      0.1760062174124531,
      0.20757554527676675,
      0.16104607358625875,
      0.2133890597662878,
      0.2652314933498626,
      0.2864370286734146,
      0.2659167300116417,
      0.1938216506921741,
      0.15748468189165662
    ],
    "calculated_relative_entropy": [
      -0.008037116049334159,
      -0.14542556764588688,
      -0.13572037289402125,
      -0.13723751684948152,
      -0.08937405019950573,
      -0.03955255428560939,
      -0.05230706317574334,
      0.2783946953366928,
      -0.07337083606010456,
      -0.16356707272887688
    ],
    "calculated_purity": [
      0.3809380531311035,
      0.48801326751708984,
      0.44954490661621094,
      0.41780948638916016,
      0.39966392517089844,
      0.37700414657592773,
      0.3940434455871582,
      0.23042583465576172,
      0.38422489166259766,
      0.4546647071838379
    ],
    "calculated_kullback_leibler_divergence": [
      Infinity,
      Infinity,
      Infinity,
      0.04537139806755784,
      Infinity,
      Infinity,
      0.018505167769428725,
      Infinity,
      Infinity,
      Infinity
    ],
    "noiseless_fidelity": [
      0.9219540944496278,
      0.9078925506783707,
      0.9373520345723895,
      0.9386310637202437,
      0.9476282682757511,
      0.9440642188855705,
      0.9357467863234996,
      0.7742472887961026,
      0.9375867401937902,
      0.950275469048989
    ],
    "noiseless_trace_distance": [
      0.07026424478578384,
      0.09643375684497034,
      0.05524524697985535,
      0.04725116527234109,
      0.04213256259560893,
      0.03945432304150344,
      0.06748736716479478,
      0.1515029956338238,
      0.04948637321475994,
      0.04561680084449482
    ],
    "noiseless_relative_entropy": [
      0.26700751653841015,
      0.4383869371912868,
      0.21436428486927692,
      0.22245875427953454,
      0.14305548981559524,
      0.16324965973412894,
      0.19607577086031283,
      0.471934935112455,
      0.22293725973831824,
      0.1931836142803047
    ],
    "noiseless_purity": [
      0.33671590038264554,
      0.4195845494889859,
      0.3797443258500147,
      0.39818648432030235,
      0.34616253253287155,
      0.33615847155989453,
      0.324546038403199,
      0.18013475030283005,
      0.35551045800493014,
      0.40519600972710723
    ],
    "noiseless_kullback_leibler_divergence": [
      0.03311217415735867,
      0.05178097557614264,
      0.04235767818632453,
      0.04818459466733925,
      0.019505087260368627,
      0.02137755086715234,
      0.018358665820612102,
      0.23009327181088002,
      0.026380654165416257,
      0.05122179021337279
    ]
  },
  "metadata": {
    "job_ids": [
      null
    ],
    "backends": [
      null
    ],
    "n": 5,
    "J": 1.0,
    "h": 0.5,
    "beta": 1.0,
    "ancilla_reps": 1,
    "system_reps": 4,
    "optimizer": "SPSA",
    "min_kwargs": {
      "maxiter": 500
    },
    "shots": 512,
    "noise_model": null
  }
}
