{
  "metrics": {
    "exact_purity": 0.125,
    "calculated_fidelity": [
      0.9431621929972173
    ],
    "calculated_trace_distance": [
      0.1071666142712058
    ],
    "calculated_relative_entropy": [
      0.11708559994118949
    ],
    "calculated_purity": [
      0.15591212849558195
    ],
    "calculated_kullback_leibler_divergence": [
      0.07116025327115537
    ],
    "noiseless_fidelity": [
      0.8488835718034559
    ],
    "noiseless_trace_distance": [
      0.15235443709870888
    ],
    "noiseless_relative_entropy": [
      0.3433567136475354
    ],
    "noiseless_purity": [
      0.2093801135612814
    ],
    "noiseless_kullback_leibler_divergence": [
      0.34335671346854446
    ]
  },
  "metadata": {
    "job_ids": [
      "cff2d835aiqu3vr79jeg"
    ],
    "backends": [
      "ibm_oslo"
    ],
    "n": 3,
    "J": 1,
    "h": 0.5,
    "beta": 1e-10,
    "ancilla_reps": 1,
    "system_reps": 2,
    "optimizer": "SPSA",
    "min_kwargs": {
      "maxiter": 300
    },
    "shots": 1024,
    "noise_model": null
  }
}
