{
  "metrics": {
    "exact_purity": 0.1490311604153375,
    "calculated_fidelity": [
      0.8977052479018113
    ],
    "calculated_trace_distance": [
      0.12897645386551124
    ],
    "calculated_relative_entropy": [
      0.23001337508890188
    ],
    "calculated_purity": [
      0.1839291372416939
    ],
    "calculated_kullback_leibler_divergence": [
      0.12228932218699529
    ],
    "noiseless_fidelity": [
      0.689664399384994
    ],
    "noiseless_trace_distance": [
      0.2418146498325604
    ],
    "noiseless_relative_entropy": [
      1.2186428394392852
    ],
    "noiseless_purity": [
      0.3663043878646863
    ],
    "noiseless_kullback_leibler_divergence": [
      1.0157442406245876
    ]
  },
  "metadata": {
    "job_ids": [
      "cff2d9gaqp2ana0vlq5g"
    ],
    "backends": [
      "ibm_oslo"
    ],
    "n": 3,
    "J": 1,
    "h": 0.5,
    "beta": 0.2,
    "ancilla_reps": 1,
    "system_reps": 2,
    "optimizer": "SPSA",
    "min_kwargs": {
      "maxiter": 300
    },
    "shots": 1024,
    "noise_model": null
  }
}
