{
  "metrics": {
    "exact_purity": 0.40478756142181577,
    "calculated_fidelity": [
      0.7906603546448441
    ],
    "calculated_trace_distance": [
      0.18378952519362485
    ],
    "calculated_relative_entropy": [
      0.40049361186807875
    ],
    "calculated_purity": [
      0.20657135527811019
    ],
    "calculated_kullback_leibler_divergence": [
      0.6040416774520757
    ],
    "noiseless_fidelity": [
      0.9486995267952233
    ],
    "noiseless_trace_distance": [
      0.06383468814671225
    ],
    "noiseless_relative_entropy": [
      0.19465142121827567
    ],
    "noiseless_purity": [
      0.44281715403311545
    ],
    "noiseless_kullback_leibler_divergence": [
      0.07088547409490578
    ]
  },
  "metadata": {
    "job_ids": [
      "cff2dboupmfpdhktqdm0"
    ],
    "backends": [
      "ibm_oslo"
    ],
    "n": 3,
    "J": 1,
    "h": 0.5,
    "beta": 0.8,
    "ancilla_reps": 1,
    "system_reps": 2,
    "optimizer": "SPSA",
    "min_kwargs": {
      "maxiter": 300
    },
    "shots": 1024,
    "noise_model": null
  }
}
