{
  "metrics": {
    "exact_purity": 0.45242507480844885,
    "calculated_fidelity": [
      0.638138555606401
    ],
    "calculated_trace_distance": [
      0.3127358296433882
    ],
    "calculated_relative_entropy": [
      0.8256750583635204
    ],
    "calculated_purity": [
      0.254037645128039
    ],
    "calculated_kullback_leibler_divergence": [
      0.1647894350219753
    ],
    "noiseless_fidelity": [
      0.9278738471151969
    ],
    "noiseless_trace_distance": [
      0.0991113234554152
    ],
    "noiseless_relative_entropy": [
      0.3196612572170608
    ],
    "noiseless_purity": [
      0.47437769891259096
    ],
    "noiseless_kullback_leibler_divergence": [
      0.02129464388920559
    ]
  },
  "metadata": {
    "job_ids": [
      "cff2dc79l8pf2dfr4e40"
    ],
    "backends": [
      "ibm_oslo"
    ],
    "n": 3,
    "J": 1,
    "h": 0.5,
    "beta": 1,
    "ancilla_reps": 1,
    "system_reps": 2,
    "optimizer": "SPSA",
    "min_kwargs": {
      "maxiter": 300
    },
    "shots": 1024,
    "noise_model": null
  }
}
