{
  "metrics": {
    "exact_purity": 0.4776975316760884,
    "calculated_fidelity": [
      0.515508252108949
    ],
    "calculated_trace_distance": [
      0.3214465838111784
    ],
    "calculated_relative_entropy": [
      1.0092287050905462
    ],
    "calculated_purity": [
      0.2006853598135496
    ],
    "calculated_kullback_leibler_divergence": [
      0.4131718503412453
    ],
    "noiseless_fidelity": [
      0.9132576880239421
    ],
    "noiseless_trace_distance": [
      0.09721050655414805
    ],
    "noiseless_relative_entropy": [
      0.39292084288342827
    ],
    "noiseless_purity": [
      0.4533801382613181
    ],
    "noiseless_kullback_leibler_divergence": [
      0.02210938922868609
    ]
  },
  "metadata": {
    "job_ids": [
      "cff2dcdrc8d9f823v1bg"
    ],
    "backends": [
      "ibm_oslo"
    ],
    "n": 3,
    "J": 1,
    "h": 0.5,
    "beta": 1.2,
    "ancilla_reps": 1,
    "system_reps": 2,
    "optimizer": "SPSA",
    "min_kwargs": {
      "maxiter": 300
    },
    "shots": 1024,
    "noise_model": null
  }
}
