{
  "metrics": {
    "exact_purity": 0.5024484093498863,
    "calculated_fidelity": [
      0.5778867065521338
    ],
    "calculated_trace_distance": [
      0.26118021336677516
    ],
    "calculated_relative_entropy": [
      0.8284203020604297
    ],
    "calculated_purity": [
      0.3731771869423953
    ],
    "calculated_kullback_leibler_divergence": [
      0.29364594148513573
    ],
    "noiseless_fidelity": [
      0.717160422033958
    ],
    "noiseless_trace_distance": [
      0.26797916285315593
    ],
    "noiseless_relative_entropy": [
      1.1776042067181833
    ],
    "noiseless_purity": [
      0.9228799648674845
    ],
    "noiseless_kullback_leibler_divergence": [
      0.8132928106511671
    ]
  },
  "metadata": {
    "job_ids": [
      "cff2dcgupmfpdhktqe1g"
    ],
    "backends": [
      "ibm_oslo"
    ],
    "n": 3,
    "J": 1,
    "h": 0.5,
    "beta": 2,
    "ancilla_reps": 1,
    "system_reps": 2,
    "optimizer": "SPSA",
    "min_kwargs": {
      "maxiter": 300
    },
    "shots": 1024,
    "noise_model": null
  }
}
