{
  "metrics": {
    "exact_purity": 0.514603318756586,
    "calculated_fidelity": [
      0.510125170301355
    ],
    "calculated_trace_distance": [
      0.377052671497465
    ],
    "calculated_relative_entropy": [
      1.2010069582887877
    ],
    "calculated_purity": [
      0.2597459066358098
    ],
    "calculated_kullback_leibler_divergence": [
      0.587079599813478
    ],
    "noiseless_fidelity": [
      0.8753204084093019
    ],
    "noiseless_trace_distance": [
      0.23954767466748944
    ],
    "noiseless_relative_entropy": [
      0.34702842045260973
    ],
    "noiseless_purity": [
      0.6162388144804718
    ],
    "noiseless_kullback_leibler_divergence": [
      0.06167446600367993
    ]
  },
  "metadata": {
    "job_ids": [
      "cff2dd8aqp2ana0vlre0"
    ],
    "backends": [
      "ibm_oslo"
    ],
    "n": 3,
    "J": 1,
    "h": 0.5,
    "beta": 4,
    "ancilla_reps": 1,
    "system_reps": 2,
    "optimizer": "SPSA",
    "min_kwargs": {
      "maxiter": 300
    },
    "shots": 1024,
    "noise_model": null
  }
}
