{
  "metrics": {
    "exact_purity": 0.522570105217619,
    "calculated_fidelity": [
      0.6306970435248357
    ],
    "calculated_trace_distance": [
      0.31151113715476353
    ],
    "calculated_relative_entropy": [
      1.4172505463716054
    ],
    "calculated_purity": [
      0.3472784832678805
    ],
    "calculated_kullback_leibler_divergence": [
      0.12792348695623873
    ],
    "noiseless_fidelity": [
      0.5955450438435816
    ],
    "noiseless_trace_distance": [
      0.29702877275562656
    ],
    "noiseless_relative_entropy": [
      2.6348541715054075
    ],
    "noiseless_purity": [
      0.9898725385666944
    ],
    "noiseless_kullback_leibler_divergence": [
      1.6280217759263598
    ]
  },
  "metadata": {
    "job_ids": [
      "cff2dd8upmfpdhktqed0"
    ],
    "backends": [
      "ibm_oslo"
    ],
    "n": 3,
    "J": 1,
    "h": 0.5,
    "beta": 5,
    "ancilla_reps": 1,
    "system_reps": 2,
    "optimizer": "SPSA",
    "min_kwargs": {
      "maxiter": 300
    },
    "shots": 1024,
    "noise_model": null
  }
}
