{
  "metrics": {
    "exact_purity": 0.3482450223805722,
    "calculated_fidelity": [
      1.0518305810220567,
      0.9662269357369223,
      0.9600927378668125,
      1.1235477724771152,
      1.0051451585995226,
      1.0012863432982513,
      1.0295138495932168,
      1.0981905733545052,
      1.0622447407407558,
      1.074783782764234
    ],
    "calculated_trace_distance": [
      0.3123914766184328,
      0.23899002418791646,
      0.29160842843423773,
      0.35288362237832016,
      0.2848833313658213,
      0.2962898881759917,
      0.28973232005919336,
      0.26553736847159903,
      0.2560694179963951,
      0.2058220371871977
    ],
    "calculated_relative_entropy": [
      -0.14776779365834777,
      -0.00819796680103573,
      -0.002381773172390852,
      -0.21026711697579473,
      -0.10511561629305388,
      -0.08455430496693117,
      -0.10836532264911773,
      -0.21363378512294334,
      -0.14665444474945905,
      -0.20907512655956803
    ],
    "calculated_purity": [
      0.5051059722900391,
      0.41199493408203125,
      0.43199920654296875,
      0.6215534210205078,
      0.5118656158447266,
      0.4241466522216797,
      0.43349456787109375,
      0.5201301574707031,
      0.4917640686035156,
      0.5024166107177734
    ],
    "calculated_kullback_leibler_divergence": [
      Infinity,
      Infinity,
      0.07197812060054717,
      Infinity,
      Infinity,
      Infinity,
      Infinity,
      Infinity,
      Infinity,
      Infinity
    ],
    "noiseless_fidelity": [
      0.9344694654284372,
      0.8837015825922947,
      0.8912986302839562,
      0.9078214593269179,
      0.9053569607992241,
      0.9345213675132871,
      0.9331412194774941,
      0.9375271317690101,
      0.930736627096493,
      0.9424394420556578
    ],
    "noiseless_trace_distance": [
      0.05975001898257283,
      0.10171134063467893,
      0.1525685609880198,
      0.08883332889190795,
      0.14587884705272877,
      0.051397300590153704,
      0.06978240295542551,
      0.06463555044459407,
      0.048801224192696606,
      0.051184090617618486
    ],
    "noiseless_relative_entropy": [
      0.21707224431921174,
      0.44034925180638046,
      0.23324299141535162,
      0.48365281478537797,
      0.36751349768333186,
      0.23296639103325964,
      0.2040475589939428,
      0.23672208599449837,
      0.23214906016191192,
      0.21296156379371842
    ],
    "noiseless_purity": [
      0.33905749048719647,
      0.32671673376270954,
      0.26718142262875444,
      0.4063503224175636,
      0.4409043025335468,
      0.3497103632455971,
      0.3488509247940327,
      0.4057053159055648,
      0.3403610147220047,
      0.3869163797875457
    ],
    "noiseless_kullback_leibler_divergence": [
      0.009734736203727029,
      0.05274314724574225,
      0.06974918636275099,
      0.07315073677897818,
      0.10199303313702052,
      0.03953171844831233,
      0.042980436408887095,
      0.03955434654328019,
      0.047295958699772545,
      0.03402866598794546
    ]
  },
  "metadata": {
    "job_ids": [
      null
    ],
    "backends": [
      null
    ],
    "n": 5,
    "J": 1.0,
    "h": 0.5,
    "beta": 1.0,
    "ancilla_reps": 1,
    "system_reps": 4,
    "optimizer": "SPSA",
    "min_kwargs": {
      "maxiter": 500
    },
    "shots": 256,
    "noise_model": null
  }
}
