{
  "metrics": {
    "exact_purity": 0.3482450223805722,
    "calculated_fidelity": [
      0.9912504061909793,
      1.0072741561164653,
      0.9580253716677926,
      0.966731537995557,
      0.9978643725629056,
      0.9267376640601381,
      1.0042405990035177,
      0.9089739641606476,
      0.9484122868755029,
      0.9602005147948952
    ],
    "calculated_trace_distance": [
      0.10106247831789242,
      0.2012717250521671,
      0.13033694532428663,
      0.18208268002869257,
      0.30817010883925106,
      0.1460780375871594,
      0.12973101224141204,
      0.20964245305491253,
      0.1229136587168499,
      0.145988517569478
    ],
    "calculated_relative_entropy": [
      -0.04868674819051655,
      -0.1333529330639434,
      -0.023965859311654555,
      -0.02593591576470356,
      -0.06697296179778078,
      0.045097661556220275,
      -0.11148918313288922,
      0.11612312235782923,
      -0.00845139059102546,
      -0.028907469223009824
    ],
    "calculated_purity": [
      0.3830775022506714,
      0.438724160194397,
      0.35335659980773926,
      0.36136138439178467,
      0.4281914234161377,
      0.3019753694534302,
      0.4208468198776245,
      0.38722145557403564,
      0.3400287628173828,
      0.3553500175476074
    ],
    "calculated_kullback_leibler_divergence": [
      Infinity,
      Infinity,
      0.015613316734987824,
      Infinity,
      Infinity,
      0.027760790775614764,
      0.021292438225912633,
      Infinity,
      0.013851000971878602,
      0.028081683461491196
    ],
    "noiseless_fidelity": [
      0.9363852458958888,
      0.922709835810036,
      0.9346366073787462,
      0.9300018313696018,
      0.9404619949536707,
      0.9309002770048099,
      0.9577762530588922,
      0.8531753198427862,
      0.950462619240311,
      0.9281349732137327
    ],
    "noiseless_trace_distance": [
      0.048661952694727895,
      0.05324277713412026,
      0.03595695625885334,
      0.06281758450388393,
      0.08511538626406698,
      0.0825009021668257,
      0.058407572432401765,
      0.15730769903281147,
      0.03913414513505699,
      0.04529815200580365
    ],
    "noiseless_relative_entropy": [
      0.2082946985379659,
      0.3748946355984731,
      0.18471557533830002,
      0.1947463692557149,
      0.18831636208096816,
      0.167871587672493,
      0.15716742473928869,
      0.39694075477291846,
      0.12918851418792732,
      0.25438913135238955
    ],
    "noiseless_purity": [
      0.372739531178645,
      0.39511783487419494,
      0.3361251695114697,
      0.3337687381422072,
      0.39149698494629004,
      0.29478748322743653,
      0.37749436911620915,
      0.3606630465427798,
      0.3366936233070613,
      0.3283394372246594
    ],
    "noiseless_kullback_leibler_divergence": [
      0.05734868776673691,
      0.04916617574941165,
      0.015062250925592461,
      0.035277759696981006,
      0.04221858231357485,
      0.02630793649448649,
      0.02069306875628297,
      0.14018537909251794,
      0.01312297491758319,
      0.029234866503552212
    ]
  },
  "metadata": {
    "job_ids": [
      null
    ],
    "backends": [
      null
    ],
    "n": 5,
    "J": 1.0,
    "h": 0.5,
    "beta": 1.0,
    "ancilla_reps": 1,
    "system_reps": 7,
    "optimizer": "SPSA",
    "min_kwargs": {
      "maxiter": 500
    },
    "shots": 1024,
    "noise_model": null
  }
}
