{
  "metrics": {
    "exact_purity": 0.3482450223805722,
    "calculated_fidelity": [
      1.012258632286233,
      0.9889066492793059,
      1.0164177257140112,
      1.0117241153401721,
      0.9914298203630283,
      1.000116692851793,
      1.0022972019350556,
      1.00180782298797,
      0.9911575646976717,
      0.9922678637092609
    ],
    "calculated_trace_distance": [
      0.12572244176171454,
      0.13913844110955645,
      0.14146094434581513,
      0.13260050041439642,
      0.12248028862240413,
      0.15972053754342658,
      0.1919243045641508,
      0.15036783007723054,
      0.12816647717307147,
      0.14764792976728583
    ],
    "calculated_relative_entropy": [
      -0.09311170286347202,
      -0.07451962679885327,
      -0.12673139235881004,
      -0.11238275988298146,
      -0.10029193358357684,
      -0.08720230763201382,
      -0.06261925064788179,
      -0.13522336913307362,
      -0.07472447047798196,
      -0.12850193708965235
    ],
    "calculated_purity": [
      0.40567052364349365,
      0.4031466245651245,
      0.4264417886734009,
      0.4298139810562134,
      0.4080160856246948,
      0.4106861352920532,
      0.3854832649230957,
      0.43779170513153076,
      0.37923765182495117,
      0.42988598346710205
    ],
    "calculated_kullback_leibler_divergence": [
      Infinity,
      Infinity,
      Infinity,
      0.02319646820911073,
      Infinity,
      Infinity,
      0.020060459250823507,
      Infinity,
      Infinity,
      0.04658362828684964
    ],
    "noiseless_fidelity": [
      0.9468066836247012,
      0.9368907393592136,
      0.9459384357166052,
      0.9542012826872832,
      0.9473564080751108,
      0.949034723964005,
      0.9477323475982901,
      0.937938890338947,
      0.9525712243516616,
      0.9446551141668411
    ],
    "noiseless_trace_distance": [
      0.04967251092421062,
      0.05078546625869834,
      0.056223154179922005,
      0.036552183118984755,
      0.028390414612140275,
      0.039346550384910965,
      0.038291349346970066,
      0.04592967920085035,
      0.04812491038773144,
      0.0362853891970288
    ],
    "noiseless_relative_entropy": [
      0.20540510993380073,
      0.2224409749249924,
      0.2078126702446413,
      0.17420969188691834,
      0.1906137057373436,
      0.20064634624196107,
      0.14668339273901268,
      0.2457457196692997,
      0.16126107691781078,
      0.20721066257578488
    ],
    "noiseless_purity": [
      0.3789349633904362,
      0.3837634475518461,
      0.386419970332801,
      0.38828801345780195,
      0.3687823704115798,
      0.3785707368381527,
      0.3395673783292057,
      0.4164255431785311,
      0.35696281971843563,
      0.39984016612267237
    ],
    "noiseless_kullback_leibler_divergence": [
      0.04139161771611034,
      0.028314533063219106,
      0.03705755996192238,
      0.021959946063246447,
      0.040913159827978426,
      0.03374858721812983,
      0.019878997101870348,
      0.0695943683140186,
      0.016673159473553623,
      0.04903147593542537
    ]
  },
  "metadata": {
    "job_ids": [
      null
    ],
    "backends": [
      null
    ],
    "n": 5,
    "J": 1.0,
    "h": 0.5,
    "beta": 1.0,
    "ancilla_reps": 1,
    "system_reps": 4,
    "optimizer": "SPSA",
    "min_kwargs": {
      "maxiter": 900
    },
    "shots": 1024,
    "noise_model": null
  }
}
