{
  "metrics": {
    "exact_purity": 0.3482450223805722,
    "calculated_fidelity": [
      0.700682646599904,
      0.8886930989092198,
      0.9181702054376097,
      0.843893313676136,
      0.9834904550134443,
      0.9912664506703631,
      0.9445147765217339,
      0.9752649788083269,
      0.9067585833495819,
      0.9736307497581832
    ],
    "calculated_trace_distance": [
      0.267618505797598,
      0.14029783254402853,
      0.15460473607819242,
      0.18401199292204623,
      0.13427558077576446,
      0.18094815921479201,
      0.14699234955145307,
      0.15209496488500443,
      0.14903877074024216,
      0.18295243278636333
    ],
    "calculated_relative_entropy": [
      0.614868558508046,
      0.1637696354852229,
      0.05820313428456109,
      0.21161808327511855,
      -0.0583402150324829,
      -0.07411618126146903,
      -0.004240375665196944,
      -0.058145069161940746,
      0.10051934233819361,
      -0.03716592039124647
    ],
    "calculated_purity": [
      0.22362101078033447,
      0.2404787540435791,
      0.3130453824996948,
      0.24644136428833008,
      0.3702366352081299,
      0.40382707118988037,
      0.3722001314163208,
      0.38518667221069336,
      0.28176796436309814,
      0.35979950428009033
    ],
    "calculated_kullback_leibler_divergence": [
      Infinity,
      0.10814997544442458,
      Infinity,
      0.14503688643435186,
      Infinity,
      Infinity,
      Infinity,
      0.03400864321941741,
      Infinity,
      Infinity
    ],
    "noiseless_fidelity": [
      0.6963341873669553,
      0.8733839909546621,
      0.8937656976371454,
      0.8457907175599142,
      0.9204486027075727,
      0.9350039578755751,
      0.9167596697490469,
      0.9178082578925657,
      0.923950614007038,
      0.9253333780820032
    ],
    "noiseless_trace_distance": [
      0.2112259176844663,
      0.09634957023209076,
      0.08285092701116271,
      0.1482542131185987,
      0.06118876385099865,
      0.06084524981115014,
      0.07583075778662075,
      0.08319655444589086,
      0.07090029146397227,
      0.07206160922908714
    ],
    "noiseless_relative_entropy": [
      0.912772683390588,
      0.2529030654906245,
      0.25819900372906596,
      0.32857555976334996,
      0.2851667749235333,
      0.21742489443875468,
      0.3108331348946168,
      0.26059609114764126,
      0.18530415405645906,
      0.24744643149974727
    ],
    "noiseless_purity": [
      0.20472927611839797,
      0.21533582521597888,
      0.27827439534437415,
      0.2103557716634744,
      0.33862011312704376,
      0.3632341114061587,
      0.33588665608851787,
      0.35566709578913447,
      0.2660988865414008,
      0.2936241785975
    ],
    "noiseless_kullback_leibler_divergence": [
      0.1740315652629643,
      0.11137024649662261,
      0.0713085230829617,
      0.14578198599983144,
      0.02705372831002066,
      0.03951917226378239,
      0.04426665713919917,
      0.03314757257360079,
      0.04244861902834556,
      0.04083944175488681
    ]
  },
  "metadata": {
    "job_ids": [
      null
    ],
    "backends": [
      null
    ],
    "n": 5,
    "J": 1.0,
    "h": 0.5,
    "beta": 1.0,
    "ancilla_reps": 1,
    "system_reps": 9,
    "optimizer": "SPSA",
    "min_kwargs": {
      "maxiter": 500
    },
    "shots": 1024,
    "noise_model": null
  }
}
