{
  "metrics": {
    "exact_purity": 0.3482450223805722,
    "calculated_fidelity": [
      0.9651130428363999,
      0.9768687702928114,
      0.9877659070868348,
      0.9529410665484542,
      0.9725847219012524,
      0.9789996626024702,
      0.9710992184446046,
      0.9695257500596564,
      1.0030355468814387,
      0.9662017480315692
    ],
    "calculated_trace_distance": [
      0.11533184776027136,
      0.11714872062109496,
      0.15913729685177647,
      0.12670706985463648,
      0.08859780647967672,
      0.09042709548197193,
      0.13523398121448765,
      0.11079219257241052,
      0.12125527949175427,
      0.09463943479028968
    ],
    "calculated_relative_entropy": [
      -0.03743324260913291,
      -0.062052375839090505,
      -0.06380934443243608,
      0.014139921541751827,
      -0.04951082936830554,
      -0.055198216035056855,
      -0.021115168316849953,
      -0.07069146720658548,
      -0.10181611226596934,
      -0.02345177292306134
    ],
    "calculated_purity": [
      0.37427183985710144,
      0.4144187569618225,
      0.3997698128223419,
      0.3690417408943176,
      0.380354642868042,
      0.39581313729286194,
      0.3634929060935974,
      0.4124602675437927,
      0.4355412423610687,
      0.37517598271369934
    ],
    "calculated_kullback_leibler_divergence": [
      0.028835232242580843,
      0.019375744626910912,
      0.03663646223372324,
      0.017519043333514176,
      0.019590166350245866,
      0.03364264687147295,
      Infinity,
      Infinity,
      Infinity,
      0.02419066210403597
    ],
    "noiseless_fidelity": [
      0.9429457898653202,
      0.9466693096246389,
      0.9443709824917514,
      0.948308184793588,
      0.9453542714368689,
      0.945067863193519,
      0.9370178751277969,
      0.9421862309385525,
      0.9202613909778028,
      0.9529336033291124
    ],
    "noiseless_trace_distance": [
      0.05069782693307877,
      0.03916566582429888,
      0.053572565042273375,
      0.053509892685715967,
      0.027029594311277542,
      0.03807822953085603,
      0.04304627400988229,
      0.04266213664653011,
      0.08104633587208712,
      0.033296059898476484
    ],
    "noiseless_relative_entropy": [
      0.17347559862303089,
      0.18332278014688064,
      0.19857700756955152,
      0.18843319567672256,
      0.19749058870960168,
      0.1871665458063537,
      0.19061352412191346,
      0.24523108161192655,
      0.6605098105465755,
      0.12592073997531267
    ],
    "noiseless_purity": [
      0.3622086056782576,
      0.3889479259186007,
      0.39222826557398033,
      0.35244554712053133,
      0.36250575875716295,
      0.3869787813881678,
      0.35301271460699124,
      0.3956886580635482,
      0.4149070115461565,
      0.3477989057347406
    ],
    "noiseless_kullback_leibler_divergence": [
      0.028736794868099616,
      0.019473667494574576,
      0.03701530156443962,
      0.01756646148740312,
      0.01844011068266147,
      0.03587504060743671,
      0.02882708371287947,
      0.02960429918024611,
      0.09546030597025446,
      0.023847382264740577
    ]
  },
  "metadata": {
    "job_ids": [
      null
    ],
    "backends": [
      null
    ],
    "n": 5,
    "J": 1.0,
    "h": 0.5,
    "beta": 1.0,
    "ancilla_reps": 1,
    "system_reps": 4,
    "optimizer": "SPSA",
    "min_kwargs": {
      "maxiter": 500
    },
    "shots": 2048,
    "noise_model": null
  }
}
