{
  "n": 2,
  "J": 1.0,
  "h": 0.5,
  "beta": 1e-08,
  "calculated_result": {
    "n": 2,
    "J": 1.0,
    "h": 0.5,
    "beta": 1e-08,
    "params": [
      7.926223071056627,
      -0.06999659150944149,
      1.0907256096679017,
      2.71596315526064,
      5.760664705754501,
      0.9195191725457749
    ],
    "cost": -138351964.38067734,
    "energy": 0.029172652043253255,
    "entropy": 1.3835196440985,
    "rho": [
      [
        [
          0.2623697916666672,
          0.0
        ],
        [
          -0.027343749999999986,
          0.0014648437500000243
        ],
        [
          -0.020996093750000007,
          0.0053710937499999965
        ],
        [
          -0.048828125,
          -0.00439453125
        ]
      ],
      [
        [
          -0.027343749999999986,
          -0.0014648437500000243
        ],
        [
          0.23860677083333381,
          0.0
        ],
        [
          0.0166015625,
          0.02685546875
        ],
        [
          -0.008300781250000014,
          0.0053710937499999965
        ]
      ],
      [
        [
          -0.020996093750000007,
          -0.0053710937499999965
        ],
        [
          0.0166015625,
          -0.02685546875
        ],
        [
          0.23600260416666718,
          0.0
        ],
        [
          0.010742187499999972,
          -0.0024414062500000104
        ]
      ],
      [
        [
          -0.048828125,
          0.00439453125
        ],
        [
          -0.008300781250000014,
          -0.0053710937499999965
        ],
        [
          0.010742187499999972,
          0.0024414062500000104
        ],
        [
          0.2630208333333338,
          0.0
        ]
      ]
    ],
    "noiseless_rho": [
      [
        0.23293217455171308,
        -3.789772531951725e-18,
        6.75313246534631e-20,
        -0.012750544675483486
      ],
      [
        -3.789772531951725e-18,
        0.23853386712862784,
        0.014505615170543572,
        -6.665068944725214e-18
      ],
      [
        6.75313246534631e-20,
        0.014505615170543572,
        0.23477770125408337,
        -1.1929315004358494e-17
      ],
      [
        -0.012750544675483486,
        -6.665068944725214e-18,
        -1.1929315004358494e-17,
        0.29375625706557595
      ]
    ],
    "sigma": [
      0.26953125000000044,
      0.23404947916666724,
      0.22395833333333393,
      0.27246093750000044
    ],
    "noiseless_sigma": [
      0.23036742635098506,
      0.25128247441830637,
      0.22202909396440484,
      0.296321005266304
    ],
    "eigenvalues": [
      0.22395833333333393,
      0.23404947916666724,
      0.26953125000000044,
      0.27246093750000044
    ],
    "noiseless_eigenvalues": [
      0.22202909396440484,
      0.23036742635098506,
      0.25128247441830637,
      0.296321005266304
    ],
    "hamiltonian_eigenvalues": [
      -8325962.002868772,
      -7244870.392447218,
      6870309.273974031,
      11277561.252744317
    ],
    "noiseless_hamiltonian_eigenvalues": [
      -16720770.877907217,
      -234206.72618219256,
      8456009.503349632,
      12142720.799618006
    ]
  },
  "exact_result": {
    "hamiltonian_matrix": [
      [
        [
          -1.0,
          0.0
        ],
        [
          0.0,
          0.0
        ],
        [
          0.0,
          0.0
        ],
        [
          -1.0,
          0.0
        ]
      ],
      [
        [
          0.0,
          0.0
        ],
        [
          0.0,
          0.0
        ],
        [
          -1.0,
          0.0
        ],
        [
          0.0,
          0.0
        ]
      ],
      [
        [
          0.0,
          0.0
        ],
        [
          -1.0,
          0.0
        ],
        [
          0.0,
          0.0
        ],
        [
          0.0,
          0.0
        ]
      ],
      [
        [
          -1.0,
          0.0
        ],
        [
          0.0,
          0.0
        ],
        [
          0.0,
          0.0
        ],
        [
          1.0,
          0.0
        ]
      ]
    ],
    "gibbs_state": [
      [
        0.25000000250000004,
        0.0,
        0.0,
        2.5000000000000005e-09
      ],
      [
        0.0,
        0.25,
        2.5e-09,
        0.0
      ],
      [
        0.0,
        2.5e-09,
        0.25,
        0.0
      ],
      [
        2.4999999999999996e-09,
        0.0,
        0.0,
        0.24999999750000002
      ]
    ],
    "energy": -1.5000000019860238e-08,
    "entropy": 1.3862943611198908,
    "cost": -138629436.1119891,
    "eigenvalues": [
      0.24999999646446613,
      0.24999999750000002,
      0.2500000025,
      0.2500000035355339
    ],
    "hamiltonian_eigenvalues": [
      -1.4142135623730951,
      -1.0,
      1.0,
      1.4142135623730951
    ]
  },
  "metrics": {
    "exact_purity": 0.25000000000000006,
    "calculated_fidelity": 0.9897568627506386,
    "calculated_trace_distance": 0.05522521926418296,
    "calculated_relative_entropy": 0.02062194361847322,
    "calculated_purity": 0.260326173570422,
    "noiseless_fidelity": 0.9968028440030414,
    "noiseless_trace_distance": 0.02825340337052972,
    "noiseless_relative_entropy": 0.006334664951049826,
    "noiseless_purity": 0.25331508980205075
  }
}
