{
  "n": 2,
  "J": 1.0,
  "h": 0.5,
  "beta": 0.8,
  "calculated_result": {
    "n": 2,
    "J": 1.0,
    "h": 0.5,
    "beta": 0.8,
    "params": [
      -0.5313314286267143,
      0.21269461345796667,
      1.4701817963844437,
      3.2994140491443553,
      5.854048525448862,
      1.0549266435875158
    ],
    "cost": -2.1543070568213407,
    "energy": -0.9453325630323594,
    "entropy": 0.9671795950311851,
    "rho": [
      [
        [
          0.4160156250000004,
          0.0
        ],
        [
          -0.020670572916666654,
          -0.008789062499999983
        ],
        [
          -0.009440104166666644,
          0.02783203124999999
        ],
        [
          0.11474609375,
          -0.00830078125
        ]
      ],
      [
        [
          -0.020670572916666654,
          0.008789062499999983
        ],
        [
          0.27213541666666713,
          0.0
        ],
        [
          0.16845703125,
          -0.01123046875
        ],
        [
          0.0032552083333333426,
          -0.007324218749999969
        ]
      ],
      [
        [
          -0.009440104166666644,
          -0.02783203124999999
        ],
        [
          0.16845703125,
          0.01123046875
        ],
        [
          0.21712239583333381,
          0.0
        ],
        [
          -0.006998697916666685,
          0.013671874999999986
        ]
      ],
      [
        [
          0.11474609375,
          0.00830078125
        ],
        [
          0.0032552083333333426,
          0.007324218749999969
        ],
        [
          -0.006998697916666685,
          -0.013671874999999986
        ],
        [
          0.09472656250000047,
          0.0
        ]
      ]
    ],
    "noiseless_rho": [
      [
        0.4264885795707711,
        -1.917647590806578e-17,
        -4.452736647725556e-18,
        0.12382341906945164
      ],
      [
        -1.917647590806578e-17,
        0.26401974807291584,
        0.22047550964806795,
        -4.2813950151077475e-18
      ],
      [
        -4.452736647725556e-18,
        0.22047550964806795,
        0.2256785968438799,
        -3.3334901811960485e-18
      ],
      [
        0.12382341906945164,
        -4.2813950151077475e-18,
        -3.3334901811960485e-18,
        0.0838130755124333
      ]
    ],
    "sigma": [
      0.46956380208333376,
      0.4285481770833338,
      0.048990885416667185,
      0.05289713541666713
    ],
    "noiseless_sigma": [
      0.46654823618337815,
      0.46615656348718215,
      0.023541781429613513,
      0.043753418899826244
    ],
    "eigenvalues": [
      0.048990885416667185,
      0.05289713541666713,
      0.4285481770833338,
      0.46956380208333376
    ],
    "noiseless_eigenvalues": [
      0.023541781429613513,
      0.043753418899826244,
      0.46615656348718215,
      0.46654823618337815
    ],
    "hamiltonian_eigenvalues": [
      -1.2093681869647066,
      -1.0951169126573437,
      1.5199505588008617,
      1.615844205776936
    ],
    "noiseless_hamiltonian_eigenvalues": [
      -1.2013147269945441,
      -1.200264896653376,
      1.7571748468661994,
      2.5319160723152665
    ]
  },
  "exact_result": {
    "hamiltonian_matrix": [
      [
        [
          -1.0,
          0.0
        ],
        [
          0.0,
          0.0
        ],
        [
          0.0,
          0.0
        ],
        [
          -1.0,
          0.0
        ]
      ],
      [
        [
          0.0,
          0.0
        ],
        [
          0.0,
          0.0
        ],
        [
          -1.0,
          0.0
        ],
        [
          0.0,
          0.0
        ]
      ],
      [
        [
          0.0,
          0.0
        ],
        [
          -1.0,
          0.0
        ],
        [
          0.0,
          0.0
        ],
        [
          0.0,
          0.0
        ]
      ],
      [
        [
          -1.0,
          0.0
        ],
        [
          0.0,
          0.0
        ],
        [
          0.0,
          0.0
        ],
        [
          1.0,
          0.0
        ]
      ]
    ],
    "gibbs_state": [
      [
        0.4416950076916649,
        0.0,
        0.0,
        0.1610414349807664
      ],
      [
        0.0,
        0.2193464272891015,
        0.14565409314684655,
        0.0
      ],
      [
        0.0,
        0.14565409314684655,
        0.2193464272891015,
        0.0
      ],
      [
        0.16104143498076634,
        0.0,
        0.0,
        0.11961213773013224
      ]
    ],
    "energy": -0.9354739262167585,
    "entropy": 1.0594773585753432,
    "cost": -2.2598206244359376,
    "eigenvalues": [
      0.052906591257073816,
      0.07369233414225496,
      0.365000520435948,
      0.5084005541647234
    ],
    "hamiltonian_eigenvalues": [
      -1.4142135623730951,
      -1.0,
      1.0,
      1.4142135623730951
    ]
  },
  "metrics": {
    "exact_purity": 0.3999261709032876,
    "calculated_fidelity": 0.9865078625581565,
    "calculated_trace_distance": 0.06228197183376548,
    "calculated_relative_entropy": 0.029870946814030828,
    "calculated_purity": 0.3900576697455521,
    "noiseless_fidelity": 0.9758812161457525,
    "noiseless_trace_distance": 0.05974736864251788,
    "noiseless_relative_entropy": 0.05701631469665014,
    "noiseless_purity": 0.43743777550630397
  }
}
