{
  "n": 2,
  "J": 1.0,
  "h": 0.5,
  "beta": 2.0,
  "calculated_result": {
    "n": 2,
    "J": 1.0,
    "h": 0.5,
    "beta": 2.0,
    "params": [
      1.6173106277209592,
      1.4817022638321105,
      0.992444116535306,
      4.76124362519766,
      2.6160673230613423,
      4.422656348056857
    ],
    "cost": -1.4802658763060246,
    "energy": -1.2086237816923413,
    "entropy": 0.5432841892273664,
    "rho": [
      [
        [
          0.6876627604166671,
          0.0
        ],
        [
          0.0055338541666666505,
          0.017578124999999993
        ],
        [
          -0.006510416666666696,
          -0.03255208333333332
        ],
        [
          0.275390625,
          -0.02099609375
        ]
      ],
      [
        [
          0.0055338541666666505,
          -0.017578124999999993
        ],
        [
          0.06884765625000085,
          0.0
        ],
        [
          0.0693359375,
          0.01611328125
        ],
        [
          -0.020182291666666675,
          -0.008138020833333362
        ]
      ],
      [
        [
          -0.006510416666666696,
          0.03255208333333332
        ],
        [
          0.0693359375,
          -0.01611328125
        ],
        [
          0.10498046875000085,
          0.0
        ],
        [
          -0.011067708333333343,
          0.0019531250000000226
        ]
      ],
      [
        [
          0.275390625,
          0.02099609375
        ],
        [
          -0.020182291666666675,
          0.008138020833333362
        ],
        [
          -0.011067708333333343,
          -0.0019531250000000226
        ],
        [
          0.13850911458333354,
          0.0
        ]
      ]
    ],
    "noiseless_rho": [
      [
        0.780010113972446,
        9.005601951133141e-17,
        -9.943541187033937e-18,
        0.3090312918646716
      ],
      [
        9.005601951133141e-17,
        0.037109908292987104,
        0.045535102637145136,
        3.62121410715276e-17
      ],
      [
        -9.943541187033937e-18,
        0.045535102637145136,
        0.058990618097265274,
        -3.548428358430826e-18
      ],
      [
        0.3090312918646716,
        3.62121410715276e-17,
        -3.548428358430826e-18,
        0.12388935963730105
      ]
    ],
    "sigma": [
      0.7791341145833336,
      0.16487630208333415,
      0.04215494791666745,
      0.013834635416666862
    ],
    "noiseless_sigma": [
      0.9026424818306591,
      0.09488120315537149,
      0.001219323234880887,
      0.0012569917790879919
    ],
    "eigenvalues": [
      0.013834635416666862,
      0.04215494791666745,
      0.16487630208333415,
      0.7791341145833336
    ],
    "noiseless_eigenvalues": [
      0.001219323234880887,
      0.0012569917790879919,
      0.09488120315537149,
      0.9026424818306591
    ],
    "hamiltonian_eigenvalues": [
      -1.3554798335885252,
      -0.5789859910166147,
      0.10293573025795122,
      0.6600241328625642
    ],
    "noiseless_hamiltonian_eigenvalues": [
      -1.4290515129903363,
      -0.30270104480508886,
      1.859251068444191,
      1.8744637735247551
    ]
  },
  "exact_result": {
    "hamiltonian_matrix": [
      [
        [
          -1.0,
          0.0
        ],
        [
          0.0,
          0.0
        ],
        [
          0.0,
          0.0
        ],
        [
          -1.0,
          0.0
        ]
      ],
      [
        [
          0.0,
          0.0
        ],
        [
          0.0,
          0.0
        ],
        [
          -1.0,
          0.0
        ],
        [
          0.0,
          0.0
        ]
      ],
      [
        [
          0.0,
          0.0
        ],
        [
          -1.0,
          0.0
        ],
        [
          0.0,
          0.0
        ],
        [
          0.0,
          0.0
        ]
      ],
      [
        [
          -1.0,
          0.0
        ],
        [
          0.0,
          0.0
        ],
        [
          0.0,
          0.0
        ],
        [
          1.0,
          0.0
        ]
      ]
    ],
    "gibbs_state": [
      [
        0.5897309313931668,
        0.0,
        0.0,
        0.24327536307992276
      ],
      [
        0.0,
        0.15354443168675583,
        0.1480210669130998,
        0.0
      ],
      [
        0.0,
        0.1480210669130998,
        0.15354443168675583,
        0.0
      ],
      [
        0.24327536307992276,
        0.0,
        0.0,
        0.10318020523332135
      ]
    ],
    "energy": -1.2691435861458906,
    "entropy": 0.6604808716629245,
    "cost": -1.599384021977353,
    "eigenvalues": [
      0.0024122504543784146,
      0.005523364773656059,
      0.30156549859985565,
      0.6904988861721097
    ],
    "hamiltonian_eigenvalues": [
      -1.4142135623730951,
      -1.0,
      1.0,
      1.4142135623730951
    ]
  },
  "metrics": {
    "exact_purity": 0.5677667882613812,
    "calculated_fidelity": 0.9493036014456089,
    "calculated_trace_distance": 0.10260234532610028,
    "calculated_relative_entropy": 0.14122376333986927,
    "calculated_purity": 0.6746046278211815,
    "noiseless_fidelity": 0.9249801911738785,
    "noiseless_trace_distance": 0.12801755568201406,
    "noiseless_relative_entropy": 0.19248537385353215,
    "noiseless_purity": 0.8237689594951064
  }
}
