{
  "n": 2,
  "J": 1.0,
  "h": 0.5,
  "beta": 5.0,
  "calculated_result": {
    "n": 2,
    "J": 1.0,
    "h": 0.5,
    "beta": 5.0,
    "params": [
      3.062701801413039,
      7.575415731329334,
      6.040309709845912,
      1.9320965730533757,
      2.828549355629106,
      1.0450384966070438
    ],
    "cost": -1.3558048420060824,
    "energy": -1.2846082907880019,
    "entropy": 0.3559827560904029,
    "rho": [
      [
        [
          0.7571614583333336,
          0.0
        ],
        [
          0.004882812500000021,
          -0.027832031249999965
        ],
        [
          0.058430989583333315,
          -0.04475911458333334
        ],
        [
          0.29443359375,
          0.0068359375
        ]
      ],
      [
        [
          0.004882812500000021,
          0.027832031249999965
        ],
        [
          0.050130208333334245,
          0.0
        ],
        [
          0.00927734375,
          0.00390625
        ],
        [
          -0.0001627604166666019,
          0.00504557291666663
        ]
      ],
      [
        [
          0.058430989583333315,
          0.04475911458333334
        ],
        [
          0.00927734375,
          -0.00390625
        ],
        [
          0.05436197916666757,
          0.0
        ],
        [
          0.031250000000000014,
          0.014160156249999965
        ]
      ],
      [
        [
          0.29443359375,
          -0.0068359375
        ],
        [
          -0.0001627604166666019,
          -0.00504557291666663
        ],
        [
          0.031250000000000014,
          -0.014160156249999965
        ],
        [
          0.1383463541666667,
          0.0
        ]
      ]
    ],
    "noiseless_rho": [
      [
        0.8641844294426027,
        5.10610180264489e-17,
        2.5550446282109674e-17,
        0.3311918491200251
      ],
      [
        5.10610180264489e-17,
        0.004963972900883812,
        0.002547060944652224,
        2.0450659694957444e-17
      ],
      [
        2.5550446282109674e-17,
        0.002547060944652224,
        0.0038637345376975546,
        1.0439629802050069e-17
      ],
      [
        0.3311918491200251,
        2.0450659694957444e-17,
        1.0439629802050069e-17,
        0.12698786311881624
      ]
    ],
    "sigma": [
      0.007161458333333488,
      0.08821614583333412,
      0.08658854166666755,
      0.8180338541666666
    ],
    "noiseless_sigma": [
      5.33670688427079e-05,
      0.0018080619836123744,
      0.007019645454968992,
      0.9911189254925763
    ],
    "eigenvalues": [
      0.007161458333333488,
      0.08658854166666755,
      0.08821614583333412,
      0.8180338541666666
    ],
    "noiseless_eigenvalues": [
      5.33670688427079e-05,
      0.0018080619836123744,
      0.007019645454968992,
      0.9911189254925763
    ],
    "hamiltonian_eigenvalues": [
      -1.3156345306612882,
      -0.8702117873285118,
      -0.8664872849089118,
      -0.36799651382423737
    ],
    "noiseless_hamiltonian_eigenvalues": [
      -1.3540206927441265,
      -0.3639963285640806,
      -0.09270489508041169,
      0.6118584961073965
    ]
  },
  "exact_result": {
    "hamiltonian_matrix": [
      [
        [
          -1.0,
          0.0
        ],
        [
          0.0,
          0.0
        ],
        [
          0.0,
          0.0
        ],
        [
          -1.0,
          0.0
        ]
      ],
      [
        [
          0.0,
          0.0
        ],
        [
          0.0,
          0.0
        ],
        [
          -1.0,
          0.0
        ],
        [
          0.0,
          0.0
        ]
      ],
      [
        [
          0.0,
          0.0
        ],
        [
          -1.0,
          0.0
        ],
        [
          0.0,
          0.0
        ],
        [
          0.0,
          0.0
        ]
      ],
      [
        [
          -1.0,
          0.0
        ],
        [
          0.0,
          0.0
        ],
        [
          0.0,
          0.0
        ],
        [
          1.0,
          0.0
        ]
      ]
    ],
    "gibbs_state": [
      [
        0.7580016602485866,
        0.0,
        0.0,
        0.31397430263046044
      ],
      [
        0.0,
        0.05597264238187379,
        0.05596756030453423,
        0.0
      ],
      [
        0.0,
        0.055967560304534224,
        0.05597264238187379,
        0.0
      ],
      [
        0.31397430263046044,
        0.0,
        0.0,
        0.1300530549876658
      ]
    ],
    "energy": -1.3678323311309102,
    "entropy": 0.3506287991959459,
    "cost": -1.4379580909700993,
    "eigenvalues": [
      6.406014945448124e-07,
      5.082077339582658e-06,
      0.11194020268640802,
      0.8880540746347578
    ],
    "hamiltonian_eigenvalues": [
      -1.4142135623730951,
      -1.0,
      1.0,
      1.4142135623730951
    ]
  },
  "metrics": {
    "exact_purity": 0.8011706484791081,
    "calculated_fidelity": 0.9237510994405158,
    "calculated_trace_distance": 0.07818827916979226,
    "calculated_relative_entropy": 0.11205993837649912,
    "calculated_purity": 0.7864170074462896,
    "noiseless_fidelity": 0.9328744117051384,
    "noiseless_trace_distance": 0.06170015784179038,
    "noiseless_relative_entropy": 0.22038105702772046,
    "noiseless_purity": 0.9823692718280529
  }
}
