{
  "metadata": {
    "n": 2,
    "J": 1.0,
    "h": 0.5,
    "beta": 1e-10,
    "ancilla_reps": 1,
    "system_reps": null,
    "optimizer": "SPSA",
    "min_kwargs": {
      "maxiter": 200
    },
    "shots": 1024
  },
  "metrics": {
    "exact_purity": 0.25,
    "calculated_fidelity": [
      0.6030919638546676,
      0.8257395100510205,
      0.9884465227906886,
      0.8496322228085644,
      0.9935785672848175,
      0.5930583956897282,
      0.6222157830271826,
      0.9987163244867506,
      0.9971829134411473,
      0.889064350978957
    ],
    "calculated_trace_distance": [
      0.30005779572099134,
      0.15094557959500093,
      0.06231684162862688,
      0.1231755156215286,
      0.048743116104592046,
      0.26637540552184724,
      0.23535453939453607,
      0.016779833095733908,
      0.029502104585538563,
      0.12472413518952363
    ],
    "calculated_relative_entropy": [
      1.6118737136267025,
      0.5879778554876482,
      0.0239259673033356,
      0.44076468595870166,
      0.01310007208461824,
      1.2443469670094132,
      1.869043130770113,
      0.002577623286780517,
      0.005695343965701698,
      0.2823603164344701
    ],
    "calculated_purity": [
      0.5879249572753906,
      0.3422889709472656,
      0.2607755661010742,
      0.3448028564453125,
      0.2561521530151367,
      0.6153173446655273,
      0.5266942977905273,
      0.25127315521240234,
      0.2527475357055664,
      0.33386993408203125
    ],
    "noiseless_fidelity": [
      0.6501438524556032,
      0.7567190980646173,
      0.9995173961347084,
      0.8314395306659227,
      0.9999338488072222,
      0.6263823110788737,
      0.6508010629387416,
      0.99973265271405,
      0.9990167633686388,
      0.8894843938205588
    ],
    "noiseless_trace_distance": [
      0.2992479357354801,
      0.14449419590976115,
      0.008251467330340767,
      0.12346397567100612,
      0.004121687121948651,
      0.26522419351244164,
      0.22033221579958495,
      0.0062467344107313425,
      0.012123311169410993,
      0.11764124765971609
    ],
    "noiseless_relative_entropy": [
      1.0778549045629398,
      1.4288453474676928,
      0.0009640309185494633,
      0.5362540472039072,
      0.0001322329018187511,
      1.2569471903693592,
      1.5367268732163955,
      0.0005339488026012851,
      0.0019582136010938417,
      0.28530673071683543
    ],
    "noiseless_purity": [
      0.5912580383886079,
      0.35068532562908683,
      0.25048495219880546,
      0.34788513702986035,
      0.25006626771566565,
      0.6292302827622983,
      0.5109714010833593,
      0.2502686521815382,
      0.25099817306759525,
      0.33032473307360577
    ]
  }
}
