{
  "metadata": {
    "n": 2,
    "J": 1.0,
    "h": 0.5,
    "beta": 0.2,
    "ancilla_reps": 1,
    "system_reps": null,
    "optimizer": "SPSA",
    "min_kwargs": {
      "maxiter": 200
    },
    "shots": 1024
  },
  "metrics": {
    "exact_purity": 0.2644755136790756,
    "calculated_fidelity": [
      0.9924181782347125,
      0.9969502780534857,
      0.9988126882237006,
      0.9984073067889626,
      0.9932609179357359,
      0.9940991138141455,
      0.9945924345635886,
      0.9970116519335156,
      0.9934373738687372,
      0.9976972477862325
    ],
    "calculated_trace_distance": [
      0.056701456975959116,
      0.032504663587325594,
      0.019577042837374548,
      0.021663775771452693,
      0.046176971438273665,
      0.041458736440394446,
      0.03705525973257606,
      0.032507992496443316,
      0.04876584593883647,
      0.03095350273640937
    ],
    "calculated_relative_entropy": [
      0.015569740296180308,
      0.006211792833453571,
      0.002416800538722015,
      0.0032205587009141523,
      0.013745638622258137,
      0.0119695209596152,
      0.01098958701261403,
      0.006090398904642703,
      0.0134199555755986,
      0.0047040251592576805
    ],
    "calculated_purity": [
      0.26090335845947266,
      0.26433658599853516,
      0.26360034942626953,
      0.2651834487915039,
      0.26767826080322266,
      0.26490211486816406,
      0.2599945068359375,
      0.26212310791015625,
      0.2680511474609375,
      0.26564979553222656
    ],
    "noiseless_fidelity": [
      0.9949485147422724,
      0.9970031356767045,
      0.9988401110455845,
      0.9991804899408385,
      0.9947419506960455,
      0.9956486842155569,
      0.9940635548858774,
      0.9995236665604601,
      0.9979330669902974,
      0.9993820464709987
    ],
    "noiseless_trace_distance": [
      0.02884173301680409,
      0.027597225078431865,
      0.01739589171936467,
      0.010214299895843847,
      0.02400787416719424,
      0.029660512093941552,
      0.03198727348612246,
      0.010789349812234096,
      0.023693764254367304,
      0.013225062781810865
    ],
    "noiseless_relative_entropy": [
      0.010347320196483396,
      0.005988933608882224,
      0.0023546264347089514,
      0.001649878548069944,
      0.01063277217726117,
      0.008869295004386947,
      0.012057317878656382,
      0.0009755047339381415,
      0.004104734868359383,
      0.0012458482795984962
    ],
    "noiseless_purity": [
      0.26097688361700927,
      0.26373818629448,
      0.2618473958059527,
      0.26173240109713247,
      0.2579705707054514,
      0.2645476229354296,
      0.2577459342384888,
      0.26291191700824956,
      0.26091013039641836,
      0.2626397102765298
    ]
  }
}
