{
  "metadata": {
    "n": 2,
    "J": 1.0,
    "h": 0.5,
    "beta": 0.5,
    "ancilla_reps": 1,
    "system_reps": null,
    "optimizer": "SPSA",
    "min_kwargs": {
      "maxiter": 200
    },
    "shots": 1024
  },
  "metrics": {
    "exact_purity": 0.32622154913908924,
    "calculated_fidelity": [
      0.9935754664862515,
      0.9990964594344945,
      0.9948870317336096,
      0.9800483666246473,
      0.9913772939978127,
      0.9960068396918927,
      0.9955243027233799,
      0.9983109667843421,
      0.9984920643813745,
      0.9713014773545533
    ],
    "calculated_trace_distance": [
      0.04411613354948397,
      0.015280771844920143,
      0.04121470659697486,
      0.058319823231138324,
      0.05501111820298274,
      0.03903154708618435,
      0.033515925276742,
      0.02442820334930617,
      0.024043953237656478,
      0.08415095926544283
    ],
    "calculated_relative_entropy": [
      0.01394151047686127,
      0.0019589702365246115,
      0.011125540994667824,
      0.04258334594040933,
      0.018864359259112916,
      0.008314898278476639,
      0.009725875403655052,
      0.0035990214464592645,
      0.0031681062022756237,
      0.060324849069036554
    ],
    "calculated_purity": [
      0.3329496383666992,
      0.32937049865722656,
      0.3412036895751953,
      0.3048982620239258,
      0.34109973907470703,
      0.33887672424316406,
      0.3290691375732422,
      0.3242225646972656,
      0.33238792419433594,
      0.28969478607177734
    ],
    "noiseless_fidelity": [
      0.9984222046111866,
      0.9996758833013593,
      0.9994220224563911,
      0.9824230659930578,
      0.9988889139480269,
      0.9993474875397299,
      0.9991258810175896,
      0.998270065768515,
      0.999122267202382,
      0.9717192902036323
    ],
    "noiseless_trace_distance": [
      0.021633424659182797,
      0.005920602205658314,
      0.009998165860984336,
      0.044585015775791964,
      0.016559179554612148,
      0.007552594065128183,
      0.01102329958683776,
      0.02221924978398123,
      0.013463616227316642,
      0.07704620251151262
    ],
    "noiseless_relative_entropy": [
      0.00318579454455258,
      0.0006811192428053236,
      0.0012972630543511658,
      0.03766959749037119,
      0.0024757507791016153,
      0.0013962400582913821,
      0.0019052157767042808,
      0.0038418752534394637,
      0.0018703538810252718,
      0.059066285037583724
    ],
    "noiseless_purity": [
      0.3129855367832272,
      0.331904569737817,
      0.32498689271190306,
      0.3043087609565898,
      0.3212485203563949,
      0.3208478151028483,
      0.3236204006402127,
      0.3236358834006751,
      0.3327699025776147,
      0.285271400255628
    ]
  }
}
