{
  "metadata": {
    "n": 2,
    "J": 1.0,
    "h": 0.5,
    "beta": 0.8,
    "ancilla_reps": 1,
    "system_reps": null,
    "optimizer": "SPSA",
    "min_kwargs": {
      "maxiter": 200
    },
    "shots": 1024
  },
  "metrics": {
    "exact_purity": 0.3999261709032876,
    "calculated_fidelity": [
      0.9953835273027954,
      0.9972694690819369,
      0.9891080649561678,
      0.996473977232214,
      0.9854729495105672,
      0.9986654228025416,
      0.997770314384252,
      0.9913808895399353,
      0.9982025198328109,
      0.9962083763002272
    ],
    "calculated_trace_distance": [
      0.04371212392064027,
      0.02395485470769227,
      0.04467928399098149,
      0.024254957811164796,
      0.06977762279544258,
      0.02524982074576441,
      0.0184597299569961,
      0.041396660519826434,
      0.02430167529728679,
      0.02821354892899517
    ],
    "calculated_relative_entropy": [
      0.009779554391328452,
      0.005892183269642489,
      0.02650037601616178,
      0.007934773878050548,
      0.03460121091473944,
      0.003124189776557632,
      0.004846617499853292,
      0.020358514394907462,
      0.004528518163906117,
      0.00807335379754939
    ],
    "calculated_purity": [
      0.3870658874511719,
      0.3978424072265625,
      0.4197721481323242,
      0.4128589630126953,
      0.43564414978027344,
      0.4069805145263672,
      0.3899202346801758,
      0.40816211700439453,
      0.4081840515136719,
      0.3928871154785156
    ],
    "noiseless_fidelity": [
      0.9978501108540692,
      0.9988197659493605,
      0.9906481213358083,
      0.9995299509807771,
      0.9977068961162654,
      0.9994210512644386,
      0.9986522906405976,
      0.9974352448606876,
      0.9994418698850558,
      0.9987112802396165
    ],
    "noiseless_trace_distance": [
      0.017211539265835372,
      0.016018476092487244,
      0.0385089189281797,
      0.0053261185654518844,
      0.017968227494624234,
      0.009032711361096749,
      0.013420818189241152,
      0.02752455543583468,
      0.009171024217952989,
      0.01799614301827053
    ],
    "noiseless_relative_entropy": [
      0.004720705342802797,
      0.0023944490412408075,
      0.02224032865546159,
      0.000980903050492598,
      0.005094351790949442,
      0.0011793046512127625,
      0.002702003619848299,
      0.006481881081691419,
      0.0013058638539406604,
      0.0027176126472086073
    ],
    "noiseless_purity": [
      0.37905027577545525,
      0.39395509407025264,
      0.4071516067148629,
      0.40890112606300544,
      0.3928070790847603,
      0.3886130651509734,
      0.3939825167832077,
      0.41463995867830755,
      0.39315012813877026,
      0.4016319769303236
    ]
  }
}
