{
  "metadata": {
    "n": 2,
    "J": 1.0,
    "h": 0.5,
    "beta": 1.0,
    "ancilla_reps": 1,
    "system_reps": null,
    "optimizer": "SPSA",
    "min_kwargs": {
      "maxiter": 200
    },
    "shots": 1024
  },
  "metrics": {
    "exact_purity": 0.4423502848609148,
    "calculated_fidelity": [
      0.9979316749524212,
      0.9961047451422267,
      0.9944258749846785,
      0.9890121318558,
      0.9888767038073926,
      0.9954677294736359,
      0.9930070818043155,
      0.9917402357112444,
      0.9984759902645858,
      0.9968754353984471
    ],
    "calculated_trace_distance": [
      0.01846096505431669,
      0.029115932310954322,
      0.026442371786552434,
      0.03918367474390612,
      0.06558301726034402,
      0.029823079177554456,
      0.0591014563925051,
      0.049801460157965535,
      0.019779350111950603,
      0.02704930763516826
    ],
    "calculated_relative_entropy": [
      0.0050244819828851005,
      0.009963123908372423,
      0.013014991912027186,
      0.024364523367846627,
      0.029808270396546273,
      0.011887323483334766,
      0.01726043957081614,
      0.019673823364567543,
      0.003585777678271255,
      0.007455876975360036
    ],
    "calculated_purity": [
      0.44355010986328125,
      0.4659137725830078,
      0.45540618896484375,
      0.44043922424316406,
      0.4463157653808594,
      0.45415782928466797,
      0.42914867401123047,
      0.4450874328613281,
      0.446197509765625,
      0.43088722229003906
    ],
    "noiseless_fidelity": [
      0.9977911599318798,
      0.998939670864584,
      0.9982278789526642,
      0.9975529466236724,
      0.99926890572072,
      0.9988894494620416,
      0.9949720420301416,
      0.9908765483324603,
      0.9994217713347994,
      0.998970026567675
    ],
    "noiseless_trace_distance": [
      0.01455264301525322,
      0.013816991692027769,
      0.01484364740700675,
      0.02418234101509882,
      0.014260203664011352,
      0.012053890381467688,
      0.030481464393698268,
      0.04100115958431734,
      0.012015266035346944,
      0.01313180700658502
    ],
    "noiseless_relative_entropy": [
      0.005389797689962474,
      0.002420663051149683,
      0.004371541201344149,
      0.004872359803166788,
      0.00198961658079096,
      0.0027237801151525493,
      0.010320308377360258,
      0.020922516709128765,
      0.0012240956817324497,
      0.0027007993795183406
    ],
    "noiseless_purity": [
      0.4560136189733732,
      0.4593188167781388,
      0.4477302607419349,
      0.4195491382581736,
      0.45269427200777707,
      0.45000737527993195,
      0.4151469069794306,
      0.42882540345601416,
      0.4490988306232978,
      0.44161391975157344
    ]
  }
}
