{
  "metadata": {
    "n": 2,
    "J": 1.0,
    "h": 0.5,
    "beta": 1.2,
    "ancilla_reps": 1,
    "system_reps": null,
    "optimizer": "SPSA",
    "min_kwargs": {
      "maxiter": 200
    },
    "shots": 1024
  },
  "metrics": {
    "exact_purity": 0.47715088918704646,
    "calculated_fidelity": [
      0.9956550325428325,
      0.997206577063364,
      0.9840174862923964,
      0.9911494067035806,
      0.9932303885331771,
      0.9925327076615251,
      0.9743232403417906,
      0.990642556496753,
      0.9848984871708742,
      0.9816571815429511
    ],
    "calculated_trace_distance": [
      0.027988543402423585,
      0.02192386485312938,
      0.04314868335408206,
      0.029569558720649078,
      0.03688742834411872,
      0.020699017397160287,
      0.03997335219451262,
      0.037602581169450415,
      0.0472365873893339,
      0.03173212326563665
    ],
    "calculated_relative_entropy": [
      0.011310931815330032,
      0.005843429477973915,
      0.05563153619514987,
      0.02368532503467497,
      0.017011938702434566,
      0.020119068198735532,
      0.03617491449765592,
      0.02354134102994279,
      0.032032318814611875,
      0.009068741459717936
    ],
    "calculated_purity": [
      0.49017333984375,
      0.46818065643310547,
      0.5136318206787109,
      0.4795713424682617,
      0.4721536636352539,
      0.49994945526123047,
      0.4858074188232422,
      0.49419498443603516,
      0.46434974670410156,
      0.4976329803466797
    ],
    "noiseless_fidelity": [
      0.9987506696805323,
      0.9997965761553558,
      0.9863411945613506,
      0.9972828039926488,
      0.9990210352419313,
      0.9985420117201019,
      0.9976528462882628,
      0.9989115359455225,
      0.9983143293566129,
      0.9920705804966699
    ],
    "noiseless_trace_distance": [
      0.014525226344390726,
      0.004527994382864914,
      0.021017750028536182,
      0.013408019885302436,
      0.015571265489134747,
      0.005739327341380537,
      0.021564006550657405,
      0.014816030307314806,
      0.017148196419851464,
      0.014180327646156246
    ],
    "noiseless_relative_entropy": [
      0.003258100608490383,
      0.0004689440812843653,
      0.038803376501181396,
      0.005916171377402258,
      0.0019785475064380866,
      0.0031645503928320814,
      0.004790698981296953,
      0.0027627892354067218,
      0.0032837065821748924,
      0.021984549065000726
    ],
    "noiseless_purity": [
      0.4723416033835908,
      0.4743389166008869,
      0.5123844688006808,
      0.46876364745875604,
      0.4690675878831153,
      0.48931610312595225,
      0.4957934432068809,
      0.49228064097218116,
      0.45948742204806536,
      0.48912560302112484
    ]
  }
}
