{
  "metadata": {
    "n": 2,
    "J": 1.0,
    "h": 0.5,
    "beta": 2.0,
    "ancilla_reps": 1,
    "system_reps": null,
    "optimizer": "SPSA",
    "min_kwargs": {
      "maxiter": 200
    },
    "shots": 1024
  },
  "metrics": {
    "exact_purity": 0.5677667882613814,
    "calculated_fidelity": [
      1.0048813558619756,
      1.011624572706281,
      0.996553823425758,
      1.0032874770874243,
      0.8933171605627463,
      1.001953000155831,
      1.0032922689874681,
      1.0002937211085994,
      0.9978355563942313,
      1.004039078617394
    ],
    "calculated_trace_distance": [
      0.030460370896736762,
      0.03371428253978666,
      0.023118123649362957,
      0.03044867616295572,
      0.12973337086499623,
      0.03399894003587371,
      0.04594340858786352,
      0.029719090124187955,
      0.0182752562247692,
      0.023942552262163824
    ],
    "calculated_relative_entropy": [
      -0.009749409273386571,
      -0.015293173907015066,
      -0.00206782352301154,
      -0.007492137290384813,
      0.291143954903614,
      -0.0025095361059698576,
      -0.003734733876117006,
      -0.0042819552273249024,
      0.0057107405921956855,
      -0.015656575161056528
    ],
    "calculated_purity": [
      0.5735960006713867,
      0.5957021713256836,
      0.5671138763427734,
      0.5927658081054688,
      0.7731494903564453,
      0.5856218338012695,
      0.5601358413696289,
      0.58740234375,
      0.5622711181640625,
      0.5682010650634766
    ],
    "noiseless_fidelity": [
      0.9970036103697288,
      0.9936635735910462,
      0.9932501844284548,
      0.9954560168244501,
      0.8634072162477245,
      0.9975332963931766,
      0.995507657116685,
      0.9964943055880794,
      0.9979648435884237,
      0.9970069977772572
    ],
    "noiseless_trace_distance": [
      0.005755502732524953,
      0.017776409432644462,
      0.017912023227429866,
      0.016306594870568222,
      0.1293098315771219,
      0.02809774010682682,
      0.0036663997096857692,
      0.004875775050121628,
      0.010083040555103798,
      0.005448191865705686
    ],
    "noiseless_relative_entropy": [
      0.010663835061011435,
      0.06591073954610897,
      0.032004821313884074,
      0.01701914028017368,
      0.35039903428030206,
      0.014761256383340082,
      0.014973385935925097,
      0.01159923276417565,
      0.008081007069257962,
      0.008607762915283127
    ],
    "noiseless_purity": [
      0.5722426525511477,
      0.574283293815029,
      0.5621491548048951,
      0.5856696310087756,
      0.812223338618449,
      0.5724992778275247,
      0.5752440628400588,
      0.5769848222967214,
      0.5671366245482952,
      0.5776872644032176
    ]
  }
}
