{
  "metadata": {
    "n": 2,
    "J": 1.0,
    "h": 0.5,
    "beta": 3.0,
    "ancilla_reps": 1,
    "system_reps": null,
    "optimizer": "SPSA",
    "min_kwargs": {
      "maxiter": 200
    },
    "shots": 1024
  },
  "metrics": {
    "exact_purity": 0.6514456428594425,
    "calculated_fidelity": [
      0.9940645495850868,
      1.0215629491230138,
      0.9989604737942931,
      1.0007920871513143,
      1.0027752484036527,
      0.9965526050000051,
      0.9083268349492907,
      0.9901375015048101,
      0.9930100296170031,
      1.0013775420982134
    ],
    "calculated_trace_distance": [
      0.06136093474078028,
      0.03646577781976534,
      0.0301833972408557,
      0.01658674310228906,
      0.03873022479394013,
      0.049601945716709006,
      0.14348758045365959,
      0.03662591559140563,
      0.038054886051201706,
      0.026820784940607027
    ],
    "calculated_relative_entropy": [
      0.021769598983263708,
      -0.02102138672097488,
      0.006947183033114904,
      -0.00010659428658826853,
      0.0038878235145679008,
      0.012111846282728912,
      0.28205994495882125,
      0.013621517100796947,
      0.014102899059186658,
      0.002023965349054392
    ],
    "calculated_purity": [
      0.5873479843139648,
      0.6456661224365234,
      0.6964340209960938,
      0.6468963623046875,
      0.6753549575805664,
      0.6070165634155273,
      0.9819936752319336,
      0.5945301055908203,
      0.6276426315307617,
      0.6707267761230469
    ],
    "noiseless_fidelity": [
      0.9932216875290046,
      0.9976911725269099,
      0.9978197195548266,
      0.9996648354261365,
      0.998619741930709,
      0.9981179659899894,
      0.8603154874883419,
      0.9964461997504955,
      0.9981675408071106,
      0.9971641626091939
    ],
    "noiseless_trace_distance": [
      0.04157044654569225,
      0.02162645642418612,
      0.020527766554265303,
      0.003609638333957735,
      0.020808879912017936,
      0.01883347599785741,
      0.12204797029408934,
      0.026559604855631885,
      0.021396197514179344,
      0.021776438011274796
    ],
    "noiseless_relative_entropy": [
      0.01666275494666772,
      0.007257427100297607,
      0.005215301211040958,
      0.0011185073882362864,
      0.01104527367181056,
      0.007134487390742454,
      0.7490074082971956,
      0.006402274269335097,
      0.012830054009556585,
      0.009834108760489992
    ],
    "noiseless_purity": [
      0.5855284699569063,
      0.6149268995317331,
      0.6915140693028559,
      0.6473020078329162,
      0.6653167565256387,
      0.6201179550605004,
      0.959097940905226,
      0.6056123098395529,
      0.632904824733863,
      0.6945961857024637
    ]
  }
}
