{
  "metadata": {
    "n": 2,
    "J": 1.0,
    "h": 0.5,
    "beta": 4.0,
    "ancilla_reps": 1,
    "system_reps": null,
    "optimizer": "SPSA",
    "min_kwargs": {
      "maxiter": 200
    },
    "shots": 1024
  },
  "metrics": {
    "exact_purity": 0.7308553090569767,
    "calculated_fidelity": [
      0.9693128053035576,
      1.0140272818275857,
      1.0125961745180923,
      0.8479099562247996,
      1.0024554481726449,
      0.9844599156785402,
      0.9948731804416269,
      0.9863423309828705,
      0.9798076907173148,
      0.9891946042993518
    ],
    "calculated_trace_distance": [
      0.08707035792457721,
      0.04719020183972914,
      0.015668283597788317,
      0.10840168753860671,
      0.06943066264181201,
      0.054321995084659444,
      0.05635134495323163,
      0.06286160287299054,
      0.055560145023835585,
      0.04204195723377756
    ],
    "calculated_relative_entropy": [
      0.07152396478296524,
      -0.007390140902733898,
      -0.010864419825877642,
      0.4272696054434123,
      0.015464586913836773,
      0.023434412997372794,
      0.02354859742818762,
      0.02632246863193087,
      0.056080252845088954,
      0.020253780421084097
    ],
    "calculated_purity": [
      0.8737573623657227,
      0.816624641418457,
      0.763829231262207,
      1.0175647735595703,
      0.7066221237182617,
      0.6557502746582031,
      0.8383979797363281,
      0.7496757507324219,
      0.8356428146362305,
      0.7620811462402344
    ],
    "noiseless_fidelity": [
      0.9812242104027683,
      0.9955956186034919,
      0.9995887333519395,
      0.847884787508104,
      0.9906427286184807,
      0.9964585154461704,
      0.9914503165379812,
      0.9964203806229639,
      0.9866577853678974,
      0.9979696153175889
    ],
    "noiseless_trace_distance": [
      0.048132363863195735,
      0.026825190317322167,
      0.011398653877327553,
      0.09646821557002952,
      0.05502839503845727,
      0.027670197092262122,
      0.035445073654740034,
      0.01905208892296318,
      0.041859059576781446,
      0.018891582439472948
    ],
    "noiseless_relative_entropy": [
      0.09493941606576561,
      0.012076441032568275,
      0.0023691951712691423,
      1.2518827038076554,
      0.06799494635739722,
      0.00693617672230246,
      0.018257670430297454,
      0.018758685915844286,
      0.06844771030343283,
      0.008946195958123668
    ],
    "noiseless_purity": [
      0.8475350226113445,
      0.7955354073049646,
      0.7453860224303334,
      0.999553925093132,
      0.6637861685540998,
      0.6727673032869641,
      0.8177269039733935,
      0.757947309784824,
      0.8295282324368676,
      0.772055284524567
    ]
  }
}
