{
  "metadata": {
    "n": 2,
    "J": 1.0,
    "h": 0.5,
    "beta": 5.0,
    "ancilla_reps": 1,
    "system_reps": null,
    "optimizer": "SPSA",
    "min_kwargs": {
      "maxiter": 200
    },
    "shots": 1024
  },
  "metrics": {
    "exact_purity": 0.8011706484791081,
    "calculated_fidelity": [
      0.9951303147455995,
      0.9853728279378229,
      0.9860490232162606,
      1.0118154204669234,
      1.0033599303564642,
      1.0043792832679366,
      1.0023839737602986,
      1.012944612316002,
      1.0147833873046932,
      1.0058345489799965
    ],
    "calculated_trace_distance": [
      0.04693289480392727,
      0.06392066806650941,
      0.045109466220743986,
      0.03213652270836727,
      0.03468616044112291,
      0.01866658429990351,
      0.06917777989166882,
      0.03071882392135872,
      0.021647700173269606,
      0.03424439917131164
    ],
    "calculated_relative_entropy": [
      0.0288559431373503,
      0.033181999394717,
      0.01909061529773758,
      -0.004356592632423609,
      0.01115830222524546,
      -0.0017324086363845262,
      0.014035518750862667,
      -0.00506710307186109,
      -0.01312018715470178,
      -0.0024848584216102428
    ],
    "calculated_purity": [
      0.8554172515869141,
      0.7388381958007812,
      0.7450790405273438,
      0.8132648468017578,
      0.7914628982543945,
      0.8021907806396484,
      0.7079677581787109,
      0.8564748764038086,
      0.8498811721801758,
      0.8204736709594727
    ],
    "noiseless_fidelity": [
      0.9949123926184745,
      0.9931185914585837,
      0.9984872823695907,
      0.9991899231531739,
      0.9996556329651658,
      0.9991671504235532,
      0.9867122515648343,
      0.9970460331673151,
      0.9987673084437519,
      0.9982631457625896
    ],
    "noiseless_trace_distance": [
      0.0215569201352178,
      0.045834424774212644,
      0.01492046083363932,
      0.014296723468089634,
      0.004403043219953273,
      0.01476434708913077,
      0.04947785684249262,
      0.018342237829327368,
      0.01822433414798133,
      0.027553551546711075
    ],
    "noiseless_relative_entropy": [
      0.017950932903891895,
      0.029791351884330117,
      0.003913232483833691,
      0.004941507010311569,
      0.0006434977456718192,
      0.005950552954410507,
      0.02725416171942968,
      0.00684839773085863,
      0.005386886798138597,
      0.015686718677753536
    ],
    "noiseless_purity": [
      0.8583483262683307,
      0.764421016096383,
      0.764094090422998,
      0.7781743163193989,
      0.7899571034907112,
      0.7779491113580982,
      0.6876341491349471,
      0.8502494035159723,
      0.8184716361744802,
      0.7980437848455665
    ]
  }
}
