{
  "n": 2,
  "J": 1.0,
  "h": 0.5,
  "beta": 1e-08,
  "calculated_result": {
    "n": 2,
    "J": 1.0,
    "h": 0.5,
    "beta": 1e-08,
    "params": [
      4.717184798017345,
      6.286318453246538,
      2.716693774634804,
      4.285629760694644,
      0.033144900615399715,
      2.39283261350893
    ],
    "cost": -138627619.4697507,
    "energy": 0.0038405359827884122,
    "entropy": 1.3862761947359123,
    "rho": [
      [
        0.2492190755684665,
        -4.584761518096551e-17,
        -1.873042263312794e-18,
        -0.0003099349679223373
      ],
      [
        -4.584761518096551e-17,
        0.24897547029019784,
        -0.001298225112405002,
        1.4047679081929093e-17
      ],
      [
        -1.873042263312794e-18,
        -0.001298225112405002,
        0.2519621627507354,
        -2.679028352712588e-17
      ],
      [
        -0.0003099349679223373,
        1.4047679081929093e-17,
        -2.679028352712588e-17,
        0.24984329139060024
      ]
    ],
    "noiseless_rho": [
      [
        0.2492190755684665,
        -4.584761518096551e-17,
        -1.873042263312794e-18,
        -0.0003099349679223373
      ],
      [
        -4.584761518096551e-17,
        0.24897547029019784,
        -0.001298225112405002,
        1.4047679081929093e-17
      ],
      [
        -1.873042263312794e-18,
        -0.001298225112405002,
        0.2519621627507354,
        -2.679028352712588e-17
      ],
      [
        -0.0003099349679223373,
        1.4047679081929093e-17,
        -2.679028352712588e-17,
        0.24984329139060024
      ]
    ],
    "sigma": [
      0.24997103690113148,
      0.2524475715345947,
      0.24849006150633854,
      0.24909133005793527
    ],
    "noiseless_sigma": [
      0.24997103690113148,
      0.2524475715345947,
      0.24849006150633854,
      0.24909133005793527
    ],
    "eigenvalues": [
      0.24849006150633854,
      0.24909133005793527,
      0.24997103690113148,
      0.2524475715345947
    ],
    "noiseless_eigenvalues": [
      0.24849006150633854,
      0.24909133005793527,
      0.24997103690113148,
      0.2524475715345947
    ],
    "hamiltonian_eigenvalues": [
      -972450.5384383202,
      13402.55292648077,
      365946.7688703835,
      607623.3486000896
    ],
    "noiseless_hamiltonian_eigenvalues": [
      -972450.5384383202,
      13402.55292648077,
      365946.7688703835,
      607623.3486000896
    ]
  },
  "exact_result": {
    "hamiltonian_matrix": [
      [
        [
          -1.0,
          0.0
        ],
        [
          0.0,
          0.0
        ],
        [
          0.0,
          0.0
        ],
        [
          -1.0,
          0.0
        ]
      ],
      [
        [
          0.0,
          0.0
        ],
        [
          0.0,
          0.0
        ],
        [
          -1.0,
          0.0
        ],
        [
          0.0,
          0.0
        ]
      ],
      [
        [
          0.0,
          0.0
        ],
        [
          -1.0,
          0.0
        ],
        [
          0.0,
          0.0
        ],
        [
          0.0,
          0.0
        ]
      ],
      [
        [
          -1.0,
          0.0
        ],
        [
          0.0,
          0.0
        ],
        [
          0.0,
          0.0
        ],
        [
          1.0,
          0.0
        ]
      ]
    ],
    "gibbs_state": [
      [
        0.25000000250000004,
        0.0,
        0.0,
        2.5000000000000005e-09
      ],
      [
        0.0,
        0.25,
        2.5e-09,
        0.0
      ],
      [
        0.0,
        2.5e-09,
        0.25,
        0.0
      ],
      [
        2.4999999999999996e-09,
        0.0,
        0.0,
        0.24999999750000002
      ]
    ],
    "energy": -1.5000000019860238e-08,
    "entropy": 1.3862943611198908,
    "cost": -138629436.1119891,
    "eigenvalues": [
      0.24999999646446613,
      0.24999999750000002,
      0.2500000025,
      0.2500000035355339
    ],
    "hamiltonian_eigenvalues": [
      -1.4142135623730951,
      -1.0,
      1.0,
      1.4142135623730951
    ]
  },
  "metrics": {
    "exact_purity": 0.25000000000000006,
    "calculated_fidelity": 0.9999909236922905,
    "calculated_trace_distance": 0.0016301951815702194,
    "calculated_relative_entropy": 1.8138945893735335e-05,
    "calculated_purity": 0.2500090970405963,
    "noiseless_fidelity": 0.9999909236922905,
    "noiseless_trace_distance": 0.0016301951815702194,
    "noiseless_relative_entropy": 1.8138945893735335e-05,
    "noiseless_purity": 0.2500090970405963
  }
}
