{
  "n": 2,
  "J": 1.0,
  "h": 0.5,
  "beta": 0.2,
  "calculated_result": {
    "n": 2,
    "J": 1.0,
    "h": 0.5,
    "beta": 0.2,
    "params": [
      4.491694953946507,
      3.0996757976724485,
      4.4010100121357905,
      3.458513518489763,
      2.6647750417201834,
      2.210205822718387
    ],
    "cost": -7.068103928988524,
    "energy": -0.26163715103878316,
    "entropy": 1.361293355589948,
    "rho": [
      [
        0.30650285820956,
        5.095823137397562e-17,
        -1.9986303627219247e-17,
        0.027335357197934916
      ],
      [
        5.095823137397562e-17,
        0.2572315323497063,
        0.04754871775162084,
        3.1659669773982825e-17
      ],
      [
        -1.9986303627219247e-17,
        0.04754871775162084,
        0.2416317523708455,
        -1.567924125085884e-17
      ],
      [
        0.027335357197934916,
        3.1659669773982825e-17,
        -1.567924125085884e-17,
        0.1946338570698884
      ]
    ],
    "noiseless_rho": [
      [
        0.30650285820956,
        5.095823137397562e-17,
        -1.9986303627219247e-17,
        0.027335357197934916
      ],
      [
        5.095823137397562e-17,
        0.2572315323497063,
        0.04754871775162084,
        3.1659669773982825e-17
      ],
      [
        -1.9986303627219247e-17,
        0.04754871775162084,
        0.2416317523708455,
        -1.567924125085884e-17
      ],
      [
        0.027335357197934916,
        3.1659669773982825e-17,
        -1.567924125085884e-17,
        0.1946338570698884
      ]
    ],
    "sigma": [
      0.31282500473170677,
      0.29761586014650254,
      0.20124742457404926,
      0.1883117105477417
    ],
    "noiseless_sigma": [
      0.31282500473170677,
      0.29761586014650254,
      0.20124742457404926,
      0.1883117105477417
    ],
    "eigenvalues": [
      0.1883117105477417,
      0.20124742457404926,
      0.29761586014650254,
      0.31282500473170677
    ],
    "noiseless_eigenvalues": [
      0.1883117105477417,
      0.20124742457404926,
      0.29761586014650254,
      0.31282500473170677
    ],
    "hamiltonian_eigenvalues": [
      -1.2575472534620857,
      -1.0083455092874454,
      0.9479968705761248,
      1.2801793427417305
    ],
    "noiseless_hamiltonian_eigenvalues": [
      -1.2575472534620857,
      -1.0083455092874454,
      0.9479968705761248,
      1.2801793427417305
    ]
  },
  "exact_result": {
    "hamiltonian_matrix": [
      [
        [
          -1.0,
          0.0
        ],
        [
          0.0,
          0.0
        ],
        [
          0.0,
          0.0
        ],
        [
          -1.0,
          0.0
        ]
      ],
      [
        [
          0.0,
          0.0
        ],
        [
          0.0,
          0.0
        ],
        [
          -1.0,
          0.0
        ],
        [
          0.0,
          0.0
        ]
      ],
      [
        [
          0.0,
          0.0
        ],
        [
          -1.0,
          0.0
        ],
        [
          0.0,
          0.0
        ],
        [
          0.0,
          0.0
        ]
      ],
      [
        [
          -1.0,
          0.0
        ],
        [
          0.0,
          0.0
        ],
        [
          0.0,
          0.0
        ],
        [
          1.0,
          0.0
        ]
      ]
    ],
    "gibbs_state": [
      [
        0.30163668885233524,
        0.0,
        0.0,
        0.04918555449042901
      ],
      [
        0.0,
        0.24754886563809372,
        0.04886003662663048,
        0.0
      ],
      [
        0.0,
        0.04886003662663048,
        0.24754886563809372,
        0.0
      ],
      [
        0.04918555449042902,
        0.0,
        0.0,
        0.2032655798714772
      ]
    ],
    "energy": -0.294462291214977,
    "entropy": 1.357122893136917,
    "cost": -7.080076756899562,
    "eigenvalues": [
      0.18289225612870066,
      0.19868882901146326,
      0.2964089022647242,
      0.32201001259511175
    ],
    "hamiltonian_eigenvalues": [
      -1.4142135623730951,
      -1.0,
      1.0,
      1.4142135623730951
    ]
  },
  "metrics": {
    "exact_purity": 0.2644755136790756,
    "calculated_fidelity": 0.9988257484982247,
    "calculated_trace_distance": 0.015240960047041473,
    "calculated_relative_entropy": 0.0023976391536331947,
    "calculated_purity": 0.262396510023239,
    "noiseless_fidelity": 0.9988257484982247,
    "noiseless_trace_distance": 0.015240960047041473,
    "noiseless_relative_entropy": 0.0023976391536331947,
    "noiseless_purity": 0.262396510023239
  }
}
