{
  "n": 2,
  "J": 1.0,
  "h": 0.5,
  "beta": 0.5,
  "calculated_result": {
    "n": 2,
    "J": 1.0,
    "h": 0.5,
    "beta": 0.5,
    "params": [
      4.1334642105863235,
      6.337522796529025,
      1.6787248163368895,
      6.349445805055216,
      2.740788257760303,
      1.9542988394937142
    ],
    "cost": -3.1273224529172357,
    "energy": -0.6752081478725142,
    "entropy": 1.2260571525223607,
    "rho": [
      [
        0.3770148844975603,
        -2.7226517743584346e-17,
        3.225904665220004e-17,
        0.1142610530158007
      ],
      [
        -2.7226517743584346e-17,
        0.23510524218440065,
        0.10933107202836187,
        -6.206087639342296e-18
      ],
      [
        3.225904665220004e-17,
        0.10933107202836187,
        0.23888888660466762,
        7.650936185468307e-18
      ],
      [
        0.1142610530158007,
        -6.206087639342296e-18,
        7.650936185468307e-18,
        0.1489909867133712
      ]
    ],
    "noiseless_rho": [
      [
        0.3770148844975603,
        -2.7226517743584346e-17,
        3.225904665220004e-17,
        0.1142610530158007
      ],
      [
        -2.7226517743584346e-17,
        0.23510524218440065,
        0.10933107202836187,
        -6.206087639342296e-18
      ],
      [
        3.225904665220004e-17,
        0.10933107202836187,
        0.23888888660466762,
        7.650936185468307e-18
      ],
      [
        0.1142610530158007,
        -6.206087639342296e-18,
        7.650936185468307e-18,
        0.1489909867133712
      ]
    ],
    "sigma": [
      0.42441641932492835,
      0.34634450287457175,
      0.12764962591449655,
      0.10158945188600321
    ],
    "noiseless_sigma": [
      0.42441641932492835,
      0.34634450287457175,
      0.12764962591449655,
      0.10158945188600321
    ],
    "eigenvalues": [
      0.10158945188600321,
      0.12764962591449655,
      0.34634450287457175,
      0.42441641932492835
    ],
    "noiseless_eigenvalues": [
      0.10158945188600321,
      0.12764962591449655,
      0.34634450287457175,
      0.42441641932492835
    ],
    "hamiltonian_eigenvalues": [
      -1.4132420835849195,
      -1.0066798004569413,
      0.9896096787931121,
      1.4463086855769252
    ],
    "noiseless_hamiltonian_eigenvalues": [
      -1.4132420835849195,
      -1.0066798004569413,
      0.9896096787931121,
      1.4463086855769252
    ]
  },
  "exact_result": {
    "hamiltonian_matrix": [
      [
        [
          -1.0,
          0.0
        ],
        [
          0.0,
          0.0
        ],
        [
          0.0,
          0.0
        ],
        [
          -1.0,
          0.0
        ]
      ],
      [
        [
          0.0,
          0.0
        ],
        [
          0.0,
          0.0
        ],
        [
          -1.0,
          0.0
        ],
        [
          0.0,
          0.0
        ]
      ],
      [
        [
          0.0,
          0.0
        ],
        [
          -1.0,
          0.0
        ],
        [
          0.0,
          0.0
        ],
        [
          0.0,
          0.0
        ]
      ],
      [
        [
          -1.0,
          0.0
        ],
        [
          0.0,
          0.0
        ],
        [
          0.0,
          0.0
        ],
        [
          1.0,
          0.0
        ]
      ]
    ],
    "gibbs_state": [
      [
        0.3775435925176229,
        0.0,
        0.0,
        0.11362464936063967
      ],
      [
        0.0,
        0.23608105684301672,
        0.10909710687123368,
        0.0
      ],
      [
        0.0,
        0.10909710687123368,
        0.23608105684301672,
        0.0
      ],
      [
        0.11362464936063967,
        0.0,
        0.0,
        0.15029429379634357
      ]
    ],
    "energy": -0.672692811185026,
    "entropy": 1.2273481730923634,
    "cost": -3.1273891573697528,
    "eigenvalues": [
      0.10322942301127919,
      0.12698394997178303,
      0.3451781637142504,
      0.42460846330268726
    ],
    "hamiltonian_eigenvalues": [
      -1.4142135623730951,
      -1.0,
      1.0,
      1.4142135623730951
    ]
  },
  "metrics": {
    "exact_purity": 0.32622154913908924,
    "calculated_fidelity": 0.999983951720198,
    "calculated_trace_distance": 0.0015208974593895605,
    "calculated_relative_entropy": 3.3350200744790715e-05,
    "calculated_purity": 0.32669865539463705,
    "noiseless_fidelity": 0.999983951720198,
    "noiseless_trace_distance": 0.0015208974593895605,
    "noiseless_relative_entropy": 3.3350200744790715e-05,
    "noiseless_purity": 0.32669865539463705
  }
}
