{
  "n": 2,
  "J": 1.0,
  "h": 0.5,
  "beta": 0.8,
  "calculated_result": {
    "n": 2,
    "J": 1.0,
    "h": 0.5,
    "beta": 0.8,
    "params": [
      8.404523305812376,
      5.579693467677401,
      0.5377856364389918,
      4.308584947594543,
      5.908513371193286,
      1.988074115479211
    ],
    "cost": -2.259496097607183,
    "energy": -0.9415637649957795,
    "entropy": 1.054345866089123,
    "rho": [
      [
        0.4442266612185786,
        -7.805867206543924e-17,
        -7.841995044015735e-17,
        0.1613055013206964
      ],
      [
        -7.805867206543924e-17,
        0.22543248252508263,
        0.14604330472577104,
        -4.7765407667642204e-17
      ],
      [
        -7.841995044015735e-17,
        0.14604330472577104,
        0.21298034794060502,
        -3.0578307045645163e-17
      ],
      [
        0.1613055013206964,
        -4.7765407667642204e-17,
        -3.0578307045645163e-17,
        0.1173605083157339
      ]
    ],
    "noiseless_rho": [
      [
        0.4442266612185786,
        -7.805867206543924e-17,
        -7.841995044015735e-17,
        0.1613055013206964
      ],
      [
        -7.805867206543924e-17,
        0.22543248252508263,
        0.14604330472577104,
        -4.7765407667642204e-17
      ],
      [
        -7.841995044015735e-17,
        0.14604330472577104,
        0.21298034794060502,
        -3.0578307045645163e-17
      ],
      [
        0.1613055013206964,
        -4.7765407667642204e-17,
        -3.0578307045645163e-17,
        0.1173605083157339
      ]
    ],
    "sigma": [
      0.05116380613490295,
      0.07303045698679057,
      0.36538237347889707,
      0.5104233633994095
    ],
    "noiseless_sigma": [
      0.05116380613490295,
      0.07303045698679057,
      0.36538237347889707,
      0.5104233633994095
    ],
    "eigenvalues": [
      0.05116380613490295,
      0.07303045698679057,
      0.36538237347889707,
      0.5104233633994095
    ],
    "noiseless_eigenvalues": [
      0.05116380613490295,
      0.07303045698679057,
      0.36538237347889707,
      0.5104233633994095
    ],
    "hamiltonian_eigenvalues": [
      -1.4188526309649052,
      -1.0009825036374624,
      1.0116022847031414,
      1.456407537822881
    ],
    "noiseless_hamiltonian_eigenvalues": [
      -1.4188526309649052,
      -1.0009825036374624,
      1.0116022847031414,
      1.456407537822881
    ]
  },
  "exact_result": {
    "hamiltonian_matrix": [
      [
        [
          -1.0,
          0.0
        ],
        [
          0.0,
          0.0
        ],
        [
          0.0,
          0.0
        ],
        [
          -1.0,
          0.0
        ]
      ],
      [
        [
          0.0,
          0.0
        ],
        [
          0.0,
          0.0
        ],
        [
          -1.0,
          0.0
        ],
        [
          0.0,
          0.0
        ]
      ],
      [
        [
          0.0,
          0.0
        ],
        [
          -1.0,
          0.0
        ],
        [
          0.0,
          0.0
        ],
        [
          0.0,
          0.0
        ]
      ],
      [
        [
          -1.0,
          0.0
        ],
        [
          0.0,
          0.0
        ],
        [
          0.0,
          0.0
        ],
        [
          1.0,
          0.0
        ]
      ]
    ],
    "gibbs_state": [
      [
        0.4416950076916649,
        0.0,
        0.0,
        0.1610414349807664
      ],
      [
        0.0,
        0.2193464272891015,
        0.14565409314684655,
        0.0
      ],
      [
        0.0,
        0.14565409314684655,
        0.2193464272891015,
        0.0
      ],
      [
        0.16104143498076634,
        0.0,
        0.0,
        0.11961213773013224
      ]
    ],
    "energy": -0.9354739262167585,
    "entropy": 1.0594773585753432,
    "cost": -2.2598206244359376,
    "eigenvalues": [
      0.052906591257073816,
      0.07369233414225496,
      0.365000520435948,
      0.5084005541647234
    ],
    "hamiltonian_eigenvalues": [
      -1.4142135623730951,
      -1.0,
      1.0,
      1.4142135623730951
    ]
  },
  "metrics": {
    "exact_purity": 0.3999261709032876,
    "calculated_fidelity": 0.9998896909489662,
    "calculated_trace_distance": 0.0033776454637105395,
    "calculated_relative_entropy": 0.00026061565724167825,
    "calculated_purity": 0.40198747145894737,
    "noiseless_fidelity": 0.9998896909489662,
    "noiseless_trace_distance": 0.0033776454637105395,
    "noiseless_relative_entropy": 0.00026061565724167825,
    "noiseless_purity": 0.40198747145894737
  }
}
