{
  "n": 2,
  "J": 1.0,
  "h": 0.5,
  "beta": 1.0,
  "calculated_result": {
    "n": 2,
    "J": 1.0,
    "h": 0.5,
    "beta": 1.0,
    "params": [
      3.512510177493674,
      4.172626002418149,
      5.2820359087239845,
      4.708707664493194,
      5.860025820400401,
      8.226414655748668
    ],
    "cost": -1.9896178460306158,
    "energy": -1.0827967543649781,
    "entropy": 0.9068210916656377,
    "rho": [
      [
        0.4771044912682275,
        -9.810922972654787e-17,
        -1.0794162080711554e-16,
        0.1919161050912415
      ],
      [
        -9.810922972654787e-17,
        0.21096604537486868,
        0.1536128101316156,
        -3.523990108351926e-17
      ],
      [
        -1.0794162080711554e-16,
        0.1536128101316156,
        0.2265638960079403,
        -3.355616743301882e-17
      ],
      [
        0.1919161050912415,
        -3.523990108351926e-17,
        -3.355616743301882e-17,
        0.08536556734896347
      ]
    ],
    "noiseless_rho": [
      [
        0.4771044912682275,
        -9.810922972654787e-17,
        -1.0794162080711554e-16,
        0.1919161050912415
      ],
      [
        -9.810922972654787e-17,
        0.21096604537486868,
        0.1536128101316156,
        -3.523990108351926e-17
      ],
      [
        -1.0794162080711554e-16,
        0.1536128101316156,
        0.2265638960079403,
        -3.355616743301882e-17
      ],
      [
        0.1919161050912415,
        -3.523990108351926e-17,
        -3.355616743301882e-17,
        0.08536556734896347
      ]
    ],
    "sigma": [
      0.007014976209358808,
      0.06495431217703268,
      0.37257562920577625,
      0.5554550824078321
    ],
    "noiseless_sigma": [
      0.007014976209358808,
      0.06495431217703268,
      0.37257562920577625,
      0.5554550824078321
    ],
    "eigenvalues": [
      0.007014976209358808,
      0.06495431217703268,
      0.37257562920577625,
      0.5554550824078321
    ],
    "noiseless_eigenvalues": [
      0.007014976209358808,
      0.06495431217703268,
      0.37257562920577625,
      0.5554550824078321
    ],
    "hamiltonian_eigenvalues": [
      -1.40165031310696,
      -1.002302615684905,
      0.7444532997826965,
      2.970090110798598
    ],
    "noiseless_hamiltonian_eigenvalues": [
      -1.40165031310696,
      -1.002302615684905,
      0.7444532997826965,
      2.970090110798598
    ]
  },
  "exact_result": {
    "hamiltonian_matrix": [
      [
        [
          -1.0,
          0.0
        ],
        [
          0.0,
          0.0
        ],
        [
          0.0,
          0.0
        ],
        [
          -1.0,
          0.0
        ]
      ],
      [
        [
          0.0,
          0.0
        ],
        [
          0.0,
          0.0
        ],
        [
          -1.0,
          0.0
        ],
        [
          0.0,
          0.0
        ]
      ],
      [
        [
          0.0,
          0.0
        ],
        [
          -1.0,
          0.0
        ],
        [
          0.0,
          0.0
        ],
        [
          0.0,
          0.0
        ]
      ],
      [
        [
          -1.0,
          0.0
        ],
        [
          0.0,
          0.0
        ],
        [
          0.0,
          0.0
        ],
        [
          1.0,
          0.0
        ]
      ]
    ],
    "gibbs_state": [
      [
        0.47651580836299356,
        0.0,
        0.0,
        0.18384866024320862
      ],
      [
        0.0,
        0.20733285188021505,
        0.15790348832961396,
        0.0
      ],
      [
        0.0,
        0.157903488329614,
        0.20733285188021502,
        0.0
      ],
      [
        0.18384866024320862,
        0.0,
        0.0,
        0.10881848787657636
      ]
    ],
    "energy": -1.0512016176320624,
    "entropy": 0.9560090098858776,
    "cost": -2.00721062751794,
    "eigenvalues": [
      0.03266587937971612,
      0.04942936355060101,
      0.3652363402098291,
      0.5526684168598538
    ],
    "hamiltonian_eigenvalues": [
      -1.4142135623730951,
      -1.0,
      1.0,
      1.4142135623730951
    ]
  },
  "metrics": {
    "exact_purity": 0.44235028486091477,
    "calculated_fidelity": 0.9893646612851192,
    "calculated_trace_distance": 0.015760182687822914,
    "calculated_relative_entropy": 0.027115947374840327,
    "calculated_purity": 0.451611220612381,
    "noiseless_fidelity": 0.9893646612851192,
    "noiseless_trace_distance": 0.015760182687822914,
    "noiseless_relative_entropy": 0.027115947374840327,
    "noiseless_purity": 0.451611220612381
  }
}
