{
  "n": 2,
  "J": 1.0,
  "h": 0.5,
  "beta": 1.2,
  "calculated_result": {
    "n": 2,
    "J": 1.0,
    "h": 0.5,
    "beta": 1.2,
    "params": [
      2.0725300127717263,
      4.843667526615586,
      3.4292365574426817,
      7.267037429334116,
      -0.33985034234701705,
      5.127418201661745
    ],
    "cost": -1.8453973707174534,
    "energy": -1.0816998973418739,
    "entropy": 0.9164369680506953,
    "rho": [
      [
        0.49491543749481465,
        2.7628201999696475e-17,
        4.3616294234516386e-17,
        0.1957337426736212
      ],
      [
        2.7628201999696475e-17,
        0.20134666747458166,
        0.16097918760784685,
        2.1202937339304725e-17
      ],
      [
        4.3616294234516386e-17,
        0.16097918760784685,
        0.1770964943147273,
        2.599611432004289e-17
      ],
      [
        0.1957337426736212,
        2.1202937339304725e-17,
        2.599611432004289e-17,
        0.12664140071587696
      ]
    ],
    "noiseless_rho": [
      [
        0.49491543749481465,
        2.7628201999696475e-17,
        4.3616294234516386e-17,
        0.1957337426736212
      ],
      [
        2.7628201999696475e-17,
        0.20134666747458166,
        0.16097918760784685,
        2.1202937339304725e-17
      ],
      [
        4.3616294234516386e-17,
        0.16097918760784685,
        0.1770964943147273,
        2.599611432004289e-17
      ],
      [
        0.1957337426736212,
        2.1202937339304725e-17,
        2.599611432004289e-17,
        0.12664140071587696
      ]
    ],
    "sigma": [
      0.5795127480668444,
      0.3506567584968521,
      0.027786403292456893,
      0.0420440901438472
    ],
    "noiseless_sigma": [
      0.5795127480668444,
      0.3506567584968521,
      0.027786403292456893,
      0.0420440901438472
    ],
    "eigenvalues": [
      0.027786403292456893,
      0.0420440901438472,
      0.3506567584968521,
      0.5795127480668444
    ],
    "noiseless_eigenvalues": [
      0.027786403292456893,
      0.0420440901438472,
      0.3506567584968521,
      0.5795127480668444
    ],
    "hamiltonian_eigenvalues": [
      -1.3907576890053126,
      -0.9721078457267098,
      0.7954663342720334,
      1.1406096860563486
    ],
    "noiseless_hamiltonian_eigenvalues": [
      -1.3907576890053126,
      -0.9721078457267098,
      0.7954663342720334,
      1.1406096860563486
    ]
  },
  "exact_result": {
    "hamiltonian_matrix": [
      [
        [
          -1.0,
          0.0
        ],
        [
          0.0,
          0.0
        ],
        [
          0.0,
          0.0
        ],
        [
          -1.0,
          0.0
        ]
      ],
      [
        [
          0.0,
          0.0
        ],
        [
          0.0,
          0.0
        ],
        [
          -1.0,
          0.0
        ],
        [
          0.0,
          0.0
        ]
      ],
      [
        [
          0.0,
          0.0
        ],
        [
          -1.0,
          0.0
        ],
        [
          0.0,
          0.0
        ],
        [
          0.0,
          0.0
        ]
      ],
      [
        [
          -1.0,
          0.0
        ],
        [
          0.0,
          0.0
        ],
        [
          0.0,
          0.0
        ],
        [
          1.0,
          0.0
        ]
      ]
    ],
    "gibbs_state": [
      [
        0.5058526567926453,
        0.0,
        0.0,
        0.20133735000697395
      ],
      [
        0.0,
        0.19548469321432851,
        0.1629667150984828,
        0.0
      ],
      [
        0.0,
        0.16296671509848276,
        0.19548469321432851,
        0.0
      ],
      [
        0.201337350006974,
        0.0,
        0.0,
        0.10317795677869743
      ]
    ],
    "energy": -1.1312828302248614,
    "entropy": 0.8684227735250276,
    "cost": -1.8549684748290511,
    "eigenvalues": [
      0.01978129579355002,
      0.03251797811584574,
      0.3584514083128113,
      0.5892493177777928
    ],
    "hamiltonian_eigenvalues": [
      -1.4142135623730951,
      -1.0,
      1.0,
      1.4142135623730951
    ]
  },
  "metrics": {
    "exact_purity": 0.47715088918704646,
    "calculated_fidelity": 0.9950865521812025,
    "calculated_trace_distance": 0.014533525635266161,
    "calculated_relative_entropy": 0.009412009353674235,
    "calculated_purity": 0.46133497717546057,
    "noiseless_fidelity": 0.9950865521812025,
    "noiseless_trace_distance": 0.014533525635266161,
    "noiseless_relative_entropy": 0.009412009353674235,
    "noiseless_purity": 0.46133497717546057
  }
}
