{
  "n": 2,
  "J": 1.0,
  "h": 0.5,
  "beta": 2.0,
  "calculated_result": {
    "n": 2,
    "J": 1.0,
    "h": 0.5,
    "beta": 2.0,
    "params": [
      1.4476081606647584,
      4.652389492613818,
      3.4827420804710876,
      4.724835411894762,
      5.866039150092888,
      1.938688762887343
    ],
    "cost": -1.5956525164685704,
    "energy": -1.2970216228296318,
    "entropy": 0.597261787277877,
    "rho": [
      [
        0.6171183081181593,
        -9.058701028749274e-17,
        -1.403495190286545e-18,
        0.25558096822069726
      ],
      [
        -9.058701028749274e-17,
        0.13149945180911532,
        0.1375326075256605,
        -3.4014428615267575e-17
      ],
      [
        -1.403495190286545e-18,
        0.1375326075256605,
        0.14505840329148317,
        3.0255935210625057e-18
      ],
      [
        0.25558096822069726,
        -3.4014428615267575e-17,
        3.0255935210625057e-18,
        0.10632383678124274
      ]
    ],
    "noiseless_rho": [
      [
        0.6171183081181593,
        -9.058701028749274e-17,
        -1.403495190286545e-18,
        0.25558096822069726
      ],
      [
        -9.058701028749274e-17,
        0.13149945180911532,
        0.1375326075256605,
        -3.4014428615267575e-17
      ],
      [
        -1.403495190286545e-18,
        0.1375326075256605,
        0.14505840329148317,
        3.0255935210625057e-18
      ],
      [
        0.25558096822069726,
        -3.4014428615267575e-17,
        3.0255935210625057e-18,
        0.10632383678124274
      ]
    ],
    "sigma": [
      0.0004048960837388575,
      0.000579329060933034,
      0.27597852603966544,
      0.7230372488156631
    ],
    "noiseless_sigma": [
      0.0004048960837388575,
      0.000579329060933034,
      0.27597852603966544,
      0.7230372488156631
    ],
    "eigenvalues": [
      0.0004048960837388575,
      0.000579329060933034,
      0.27597852603966544,
      0.7230372488156631
    ],
    "noiseless_eigenvalues": [
      0.0004048960837388575,
      0.000579329060933034,
      0.27597852603966544,
      0.7230372488156631
    ],
    "hamiltonian_eigenvalues": [
      -1.4335052472935166,
      -0.9519364062205695,
      2.1311674412905797,
      2.310287537102291
    ],
    "noiseless_hamiltonian_eigenvalues": [
      -1.4335052472935166,
      -0.9519364062205695,
      2.1311674412905797,
      2.310287537102291
    ]
  },
  "exact_result": {
    "hamiltonian_matrix": [
      [
        [
          -1.0,
          0.0
        ],
        [
          0.0,
          0.0
        ],
        [
          0.0,
          0.0
        ],
        [
          -1.0,
          0.0
        ]
      ],
      [
        [
          0.0,
          0.0
        ],
        [
          0.0,
          0.0
        ],
        [
          -1.0,
          0.0
        ],
        [
          0.0,
          0.0
        ]
      ],
      [
        [
          0.0,
          0.0
        ],
        [
          -1.0,
          0.0
        ],
        [
          0.0,
          0.0
        ],
        [
          0.0,
          0.0
        ]
      ],
      [
        [
          -1.0,
          0.0
        ],
        [
          0.0,
          0.0
        ],
        [
          0.0,
          0.0
        ],
        [
          1.0,
          0.0
        ]
      ]
    ],
    "gibbs_state": [
      [
        0.5897309313931668,
        0.0,
        0.0,
        0.24327536307992276
      ],
      [
        0.0,
        0.15354443168675583,
        0.1480210669130998,
        0.0
      ],
      [
        0.0,
        0.1480210669130998,
        0.15354443168675583,
        0.0
      ],
      [
        0.24327536307992276,
        0.0,
        0.0,
        0.10318020523332135
      ]
    ],
    "energy": -1.2691435861458906,
    "entropy": 0.6604808716629245,
    "cost": -1.599384021977353,
    "eigenvalues": [
      0.0024122504543784146,
      0.005523364773656059,
      0.30156549859985565,
      0.6904988861721097
    ],
    "hamiltonian_eigenvalues": [
      -1.4142135623730951,
      -1.0,
      1.0,
      1.4142135623730951
    ]
  },
  "metrics": {
    "exact_purity": 0.5677667882613812,
    "calculated_fidelity": 0.9955273919048465,
    "calculated_trace_distance": 0.019846490932883532,
    "calculated_relative_entropy": 0.01280971901935457,
    "calculated_purity": 0.598947509572949,
    "noiseless_fidelity": 0.9955273919048465,
    "noiseless_trace_distance": 0.019846490932883532,
    "noiseless_relative_entropy": 0.01280971901935457,
    "noiseless_purity": 0.598947509572949
  }
}
