{
  "n": 2,
  "J": 1.0,
  "h": 0.5,
  "beta": 5.0,
  "calculated_result": {
    "n": 2,
    "J": 1.0,
    "h": 0.5,
    "beta": 5.0,
    "params": [
      5.429961039864751,
      4.65981071441838,
      -0.18979930769541822,
      1.5256812907474118,
      5.909845239148353,
      5.12649986665393
    ],
    "cost": -1.4373707470225785,
    "energy": -1.3691390932229308,
    "entropy": 0.34115826899823826,
    "rho": [
      [
        0.7636520500990923,
        -1.842884200225123e-16,
        -1.48918070586979e-17,
        0.3152246647223414
      ],
      [
        -1.842884200225123e-16,
        0.055024305468419875,
        0.052823372546026724,
        -8.984558417449489e-17
      ],
      [
        -1.48918070586979e-17,
        0.052823372546026724,
        0.05071461301959032,
        -1.9360046548703e-17
      ],
      [
        0.3152246647223414,
        -8.984558417449489e-17,
        -1.9360046548703e-17,
        0.1306090314128976
      ]
    ],
    "noiseless_rho": [
      [
        0.7636520500990923,
        -1.842884200225123e-16,
        -1.48918070586979e-17,
        0.3152246647223414
      ],
      [
        -1.842884200225123e-16,
        0.055024305468419875,
        0.052823372546026724,
        -8.984558417449489e-17
      ],
      [
        -1.48918070586979e-17,
        0.052823372546026724,
        0.05071461301959032,
        -1.9360046548703e-17
      ],
      [
        0.3152246647223414,
        -8.984558417449489e-17,
        -1.9360046548703e-17,
        0.1306090314128976
      ]
    ],
    "sigma": [
      0.8938434856391101,
      0.105736765297815,
      2.1531901951986835e-06,
      0.0004175958728798377
    ],
    "noiseless_sigma": [
      0.8938434856391101,
      0.105736765297815,
      2.1531901951986835e-06,
      0.0004175958728798377
    ],
    "eigenvalues": [
      2.1531901951986835e-06,
      0.0004175958728798377,
      0.105736765297815,
      0.8938434856391101
    ],
    "noiseless_eigenvalues": [
      2.1531901951986835e-06,
      0.0004175958728798377,
      0.105736765297815,
      0.8938434856391101
    ],
    "hamiltonian_eigenvalues": [
      -1.4149258287970665,
      -0.9880102230754073,
      0.11882853385647407,
      1.172341253750469
    ],
    "noiseless_hamiltonian_eigenvalues": [
      -1.4149258287970665,
      -0.9880102230754073,
      0.11882853385647407,
      1.172341253750469
    ]
  },
  "exact_result": {
    "hamiltonian_matrix": [
      [
        [
          -1.0,
          0.0
        ],
        [
          0.0,
          0.0
        ],
        [
          0.0,
          0.0
        ],
        [
          -1.0,
          0.0
        ]
      ],
      [
        [
          0.0,
          0.0
        ],
        [
          0.0,
          0.0
        ],
        [
          -1.0,
          0.0
        ],
        [
          0.0,
          0.0
        ]
      ],
      [
        [
          0.0,
          0.0
        ],
        [
          -1.0,
          0.0
        ],
        [
          0.0,
          0.0
        ],
        [
          0.0,
          0.0
        ]
      ],
      [
        [
          -1.0,
          0.0
        ],
        [
          0.0,
          0.0
        ],
        [
          0.0,
          0.0
        ],
        [
          1.0,
          0.0
        ]
      ]
    ],
    "gibbs_state": [
      [
        0.7580016602485866,
        0.0,
        0.0,
        0.31397430263046044
      ],
      [
        0.0,
        0.05597264238187379,
        0.05596756030453423,
        0.0
      ],
      [
        0.0,
        0.055967560304534224,
        0.05597264238187379,
        0.0
      ],
      [
        0.31397430263046044,
        0.0,
        0.0,
        0.1300530549876658
      ]
    ],
    "energy": -1.3678323311309102,
    "entropy": 0.3506287991959459,
    "cost": -1.4379580909700993,
    "eigenvalues": [
      6.406014945448124e-07,
      5.082077339582658e-06,
      0.11194020268640802,
      0.8880540746347578
    ],
    "hamiltonian_eigenvalues": [
      -1.4142135623730951,
      -1.0,
      1.0,
      1.4142135623730951
    ]
  },
  "metrics": {
    "exact_purity": 0.8011706484791081,
    "calculated_fidelity": 0.999469965941977,
    "calculated_trace_distance": 0.0042011085603955054,
    "calculated_relative_entropy": 0.001121108003350163,
    "calculated_purity": 0.8101366147460682,
    "noiseless_fidelity": 0.999469965941977,
    "noiseless_trace_distance": 0.0042011085603955054,
    "noiseless_relative_entropy": 0.001121108003350163,
    "noiseless_purity": 0.8101366147460682
  }
}
