{
  "metadata": {
    "n": 3,
    "J": 1.0,
    "h": 0.5,
    "beta": 1e-10,
    "ancilla_reps": 1,
    "system_reps": null,
    "optimizer": "function",
    "min_kwargs": {
      "initial_temp": 0.1,
      "visit": 2.0,
      "accept": -10.0,
      "maxfun": 100,
      "no_local_search": true,
      "restart_temp_ratio": 1e-10
    },
    "shots": 1024
  },
  "metrics": {
    "exact_purity": 0.125,
    "calculated_fidelity": [
      0.9692256776440755,
      0.847122500337307,
      0.992078503501252,
      0.9806204577009755,
      0.9849457225602412,
      0.9015431628058526,
      0.954927585259933,
      0.9752531621943387,
      0.898800763516596,
      0.8989674315197279
    ],
    "calculated_trace_distance": [
      0.07336591790098801,
      0.14128496203160562,
      0.03666341528051171,
      0.06392797668428411,
      0.055026195208089844,
      0.14824553580924346,
      0.11006607094416831,
      0.0651552545075064,
      0.1188780812477625,
      0.10575700515684588
    ],
    "calculated_relative_entropy": [
      0.06292548507267835,
      0.4682463722879932,
      0.015895789512067576,
      0.03928016337869718,
      0.03085797136260626,
      0.22866947909826887,
      0.09286513977435779,
      0.05346957525676141,
      0.23028694759835333,
      0.2469415120717396
    ],
    "calculated_purity": [
      0.14058732986450195,
      0.16457223892211914,
      0.12900352478027344,
      0.13495302200317383,
      0.1323685646057129,
      0.17186927795410156,
      0.14821720123291016,
      0.1357884407043457,
      0.1749281883239746,
      0.16691160202026367
    ],
    "noiseless_fidelity": [
      0.9826696133333247,
      0.9981955088963715,
      0.9957621449605966,
      0.9974501441871187,
      0.9919025557660285,
      0.9140547189714142,
      0.9971652083491603,
      0.9854220536218116,
      0.9219801973709937,
      0.9055001081922828
    ],
    "noiseless_trace_distance": [
      0.04452041854936993,
      0.013517841158626453,
      0.027213137167872603,
      0.01434800588022362,
      0.030316240730000416,
      0.11411155866946915,
      0.019154626408135002,
      0.037877226564125926,
      0.11463409505571051,
      0.07070801645021575
    ],
    "noiseless_relative_entropy": [
      0.034879903813020266,
      0.00363591922448063,
      0.008471090435933477,
      0.005100948035218316,
      0.0165511663761594,
      0.19088108776610385,
      0.005724868812580528,
      0.029883592050226677,
      0.16023118634338251,
      0.2184201670878108
    ],
    "noiseless_purity": [
      0.13396545165289603,
      0.1258870621316448,
      0.12715117527545455,
      0.12628339874663994,
      0.1289173393700344,
      0.16846958196173556,
      0.12638948093051056,
      0.1320774490899279,
      0.17015293096870204,
      0.1683686908532901
    ]
  }
}
