{
  "metadata": {
    "n": 3,
    "J": 1.0,
    "h": 0.5,
    "beta": 0.2,
    "ancilla_reps": 1,
    "system_reps": null,
    "optimizer": "function",
    "min_kwargs": {
      "initial_temp": 0.1,
      "visit": 2.0,
      "accept": -10.0,
      "maxfun": 100,
      "no_local_search": true,
      "restart_temp_ratio": 1e-10
    },
    "shots": 1024
  },
  "metrics": {
    "exact_purity": 0.1490311604153375,
    "calculated_fidelity": [
      0.9644289931720702,
      0.9370071054798212,
      0.9001448262687796,
      0.934833620397625,
      0.917864555469356,
      0.9521263215365403,
      0.9435604682164481,
      0.9564735816471054,
      0.9092314549952571,
      0.9468758111454542
    ],
    "calculated_trace_distance": [
      0.07242797088193434,
      0.09109667915301521,
      0.09276589561066424,
      0.09820568608586898,
      0.11098471533725363,
      0.0872904917611994,
      0.07744176148842798,
      0.07956729046516617,
      0.08495900037560455,
      0.09207718590337761
    ],
    "calculated_relative_entropy": [
      0.07398792214858183,
      0.15093080253813404,
      0.2371798145670824,
      0.14417560050485445,
      0.17894603083476374,
      0.10072665171400763,
      0.11995294699727962,
      0.09641295463118389,
      0.21816222578989156,
      0.11519183488577547
    ],
    "calculated_purity": [
      0.13553857803344727,
      0.1667952537536621,
      0.17008209228515625,
      0.13768863677978516,
      0.15983343124389648,
      0.14536666870117188,
      0.14548873901367188,
      0.15848112106323242,
      0.1615128517150879,
      0.14917850494384766
    ],
    "noiseless_fidelity": [
      0.9728570765387892,
      0.9464088525971935,
      0.9112349114887925,
      0.9312935543437252,
      0.9512894872699682,
      0.9687992000855596,
      0.9637999984796907,
      0.9625289687149001,
      0.9378028072578852,
      0.9668224980833231
    ],
    "noiseless_trace_distance": [
      0.05196214523423015,
      0.06060278832633021,
      0.08713591915380589,
      0.09239850511490343,
      0.08527196429608416,
      0.06384783595319958,
      0.06666377210876195,
      0.07248736417357318,
      0.05322550372417174,
      0.06025534759726092
    ],
    "noiseless_relative_entropy": [
      0.05645958453030624,
      0.12586634343111053,
      0.20234159110713384,
      0.15470658727451483,
      0.0970858899217546,
      0.06345670741934392,
      0.07406889844915823,
      0.07994348246025677,
      0.13585698791006368,
      0.06889706283343308
    ],
    "noiseless_purity": [
      0.12827544717468814,
      0.1538881503359677,
      0.1673850535583269,
      0.13585753812394769,
      0.14550559539105407,
      0.1360958437977082,
      0.13341103346628994,
      0.15103953184505037,
      0.15236778942015322,
      0.14049162921972808
    ]
  }
}
