{
  "metadata": {
    "n": 3,
    "J": 1.0,
    "h": 0.5,
    "beta": 0.5,
    "ancilla_reps": 1,
    "system_reps": null,
    "optimizer": "function",
    "min_kwargs": {
      "initial_temp": 0.1,
      "visit": 2.0,
      "accept": -10.0,
      "maxfun": 100,
      "no_local_search": true,
      "restart_temp_ratio": 1e-10
    },
    "shots": 1024
  },
  "metrics": {
    "exact_purity": 0.27695519291630366,
    "calculated_fidelity": [
      0.844103915435196,
      0.9175096675273525,
      0.9539169045035133,
      0.9052164444816027,
      0.9452484328792726,
      0.8509770114599926,
      0.7872827158542499,
      0.844992260753885,
      0.9074850813854622,
      0.8008836340244234
    ],
    "calculated_trace_distance": [
      0.13865195867112265,
      0.08697423128539873,
      0.06891711550771383,
      0.08332257501009774,
      0.08398181530179726,
      0.18632099782165149,
      0.19988091280125958,
      0.19577163910953435,
      0.12475177012192537,
      0.1958865132205317
    ],
    "calculated_relative_entropy": [
      0.3467252988187682,
      0.10618014269619888,
      0.031025422145593923,
      0.1821379153417603,
      0.13348932993325283,
      0.32603110840127913,
      0.6639577198621551,
      0.3074287211731741,
      0.2863081230901906,
      0.4920685745104869
    ],
    "calculated_purity": [
      0.23270416259765625,
      0.27227067947387695,
      0.29025936126708984,
      0.2983279228210449,
      0.25077152252197266,
      0.18428564071655273,
      0.29871034622192383,
      0.2577037811279297,
      0.26178741455078125,
      0.19864940643310547
    ],
    "noiseless_fidelity": [
      0.8640573975103695,
      0.9359771395618819,
      0.9682845766714188,
      0.9334076705336957,
      0.9521816689884354,
      0.8523561828314257,
      0.8269172648223293,
      0.8988165215341876,
      0.9384305125542247,
      0.8182160098326331
    ],
    "noiseless_trace_distance": [
      0.12213727037755291,
      0.0736511249884601,
      0.05560002379723779,
      0.05081250191332115,
      0.06727378348847389,
      0.1599966300366177,
      0.16818431961986233,
      0.16766800299545032,
      0.070455285287823,
      0.1744841803581631
    ],
    "noiseless_relative_entropy": [
      0.29015558124168095,
      0.1762080016228445,
      0.07281872040764453,
      0.20593661233618243,
      0.10486620541011055,
      0.3089355871694966,
      0.46778482115787484,
      0.22360360543961527,
      0.15839368299966267,
      0.4090377084098949
    ],
    "noiseless_purity": [
      0.22637202793587208,
      0.26912480372746617,
      0.27847016769606836,
      0.2743805217353158,
      0.2517448716353782,
      0.17462857768374637,
      0.27415135040849004,
      0.22809431033887304,
      0.26351203116415256,
      0.19981724766116446
    ]
  }
}
