{
  "metadata": {
    "n": 3,
    "J": 1.0,
    "h": 0.5,
    "beta": 0.8,
    "ancilla_reps": 1,
    "system_reps": null,
    "optimizer": "function",
    "min_kwargs": {
      "initial_temp": 0.1,
      "visit": 2.0,
      "accept": -10.0,
      "maxfun": 100,
      "no_local_search": true,
      "restart_temp_ratio": 1e-10
    },
    "shots": 1024
  },
  "metrics": {
    "exact_purity": 0.40478756142181577,
    "calculated_fidelity": [
      0.9264703802963226,
      0.9661282068257914,
      0.9281940496493437,
      0.8692951534804902,
      0.8763974794426012,
      0.7918196609987384,
      0.7214793373017646,
      0.9210718921624808,
      0.9097438911269405,
      0.9120955662069409
    ],
    "calculated_trace_distance": [
      0.10986917067655157,
      0.07654972968734297,
      0.12311880229699791,
      0.17281836902663233,
      0.0941914880055891,
      0.2445844765245583,
      0.2745531594453176,
      0.0822129672746682,
      0.13912483039919007,
      0.17313838230594983
    ],
    "calculated_relative_entropy": [
      0.13952018356752927,
      0.02558825879337384,
      0.11183881432847938,
      0.2910378186899725,
      0.19438563280529736,
      0.4287058074212699,
      0.7241306518467443,
      0.1807595884665681,
      0.19401122365203158,
      0.20274167145805408
    ],
    "calculated_purity": [
      0.3460049629211426,
      0.42560911178588867,
      0.46419858932495117,
      0.4892153739929199,
      0.24686622619628906,
      0.3195791244506836,
      0.4303569793701172,
      0.37706613540649414,
      0.45026159286499023,
      0.35285520553588867
    ],
    "noiseless_fidelity": [
      0.9322589938599415,
      0.9682201427696392,
      0.9181289916578214,
      0.8552656815801452,
      0.8802514569235066,
      0.7838416093327406,
      0.7520449455192397,
      0.9287212504460421,
      0.9144158711265405,
      0.9448630096546234
    ],
    "noiseless_trace_distance": [
      0.10421100139620797,
      0.056701362275522894,
      0.10663560216713387,
      0.16545366592639765,
      0.08149647345899189,
      0.23302129922210102,
      0.24707572392578325,
      0.07200996134640467,
      0.12435003202452366,
      0.1447885838401026
    ],
    "noiseless_relative_entropy": [
      0.18195819821701031,
      0.10610605500130091,
      0.33980215965989446,
      0.42929641299922916,
      0.221780065650757,
      0.48213217570292916,
      0.7060382176297232,
      0.19564498829619165,
      0.25611470555820653,
      0.12704201371711246
    ],
    "noiseless_purity": [
      0.3537034084504863,
      0.4113691062234841,
      0.4546954818953518,
      0.48731730045405014,
      0.2403685887129821,
      0.312501043873639,
      0.4145256050015982,
      0.3707135622272558,
      0.4402358059943304,
      0.36122581191725456
    ]
  }
}
