{
  "metadata": {
    "n": 3,
    "J": 1.0,
    "h": 0.5,
    "beta": 1.0,
    "ancilla_reps": 1,
    "system_reps": null,
    "optimizer": "function",
    "min_kwargs": {
      "initial_temp": 0.1,
      "visit": 2.0,
      "accept": -10.0,
      "maxfun": 100,
      "no_local_search": true,
      "restart_temp_ratio": 1e-10
    },
    "shots": 1024
  },
  "metrics": {
    "exact_purity": 0.45242507480844885,
    "calculated_fidelity": [
      0.6540316007913951,
      0.6818815337880475,
      0.9500192101948004,
      0.9467891971304863,
      0.8229541358302022,
      0.8029980271620627,
      0.6618078662647117,
      0.9798105671787011,
      0.8167368005259632,
      0.977214469132719
    ],
    "calculated_trace_distance": [
      0.28335186803626605,
      0.32829000493921334,
      0.15954365173473486,
      0.07747272684457071,
      0.20539175283918332,
      0.183671202784038,
      0.22621208262456524,
      0.113252589173009,
      0.18854705522425239,
      0.056277640884580656
    ],
    "calculated_relative_entropy": [
      0.8581521688803483,
      0.9686398526029915,
      0.10330821214347248,
      0.06983344837846514,
      0.4290106801050393,
      0.41069504982257765,
      0.7211660295357014,
      0.04271034486017157,
      0.3151959236752452,
      0.020726624484228656
    ],
    "calculated_purity": [
      0.5391254425048828,
      0.7103443145751953,
      0.4805445671081543,
      0.4074835777282715,
      0.37357664108276367,
      0.28868961334228516,
      0.3318653106689453,
      0.4968423843383789,
      0.30823612213134766,
      0.4481682777404785
    ],
    "noiseless_fidelity": [
      0.7302708927088242,
      0.6826186498795354,
      0.957956205529334,
      0.9602601134570335,
      0.8351157574479185,
      0.835837492296307,
      0.6595211105950125,
      0.9553673343934045,
      0.8161626128622675,
      0.9801086196114771
    ],
    "noiseless_trace_distance": [
      0.24031166235135124,
      0.32035821436768913,
      0.0731565519786831,
      0.06270812911073917,
      0.19312313938807008,
      0.14383085449488206,
      0.20231130477001835,
      0.08148402907241842,
      0.17519270523409347,
      0.03716629683934332
    ],
    "noiseless_relative_entropy": [
      0.7799542280005713,
      1.0240385656547706,
      0.13573382302426773,
      0.07792316627770678,
      0.43214569114752366,
      0.31663485573121564,
      0.8138360024317985,
      0.2457845237451997,
      0.38973819698978324,
      0.05980911013935444
    ],
    "noiseless_purity": [
      0.547645162297439,
      0.7127507649970775,
      0.428909501759526,
      0.39553727498699254,
      0.37205601069298544,
      0.29515099409487094,
      0.3326764469714929,
      0.489367339081303,
      0.31008536705774414,
      0.44983898323157234
    ]
  }
}
