{
  "metadata": {
    "n": 3,
    "J": 1.0,
    "h": 0.5,
    "beta": 1.2,
    "ancilla_reps": 1,
    "system_reps": null,
    "optimizer": "function",
    "min_kwargs": {
      "initial_temp": 0.1,
      "visit": 2.0,
      "accept": -10.0,
      "maxfun": 100,
      "no_local_search": true,
      "restart_temp_ratio": 1e-10
    },
    "shots": 1024
  },
  "metrics": {
    "exact_purity": 0.4776975316760884,
    "calculated_fidelity": [
      0.8429115628030935,
      0.6967633198486819,
      0.6145467318636398,
      0.9473715939660818,
      0.8449969843356003,
      0.6869799329127662,
      0.7477137594198772,
      0.6390320905614462,
      0.7659070810925179,
      0.8527685454497818
    ],
    "calculated_trace_distance": [
      0.22341336069177695,
      0.2548299449923632,
      0.35218509975823165,
      0.09943423636061804,
      0.133210836524782,
      0.31460254557864425,
      0.2859677670803175,
      0.26202249327211097,
      0.2572797820696523,
      0.205577557217495
    ],
    "calculated_relative_entropy": [
      0.3796296642222559,
      0.8465220255292825,
      1.2485250112595465,
      0.1085246227175275,
      0.2822830327008113,
      0.8071719443145118,
      0.6390125691811172,
      0.8795883340112394,
      0.4344889789679185,
      0.3078967745459852
    ],
    "calculated_purity": [
      0.44110774993896484,
      0.6445932388305664,
      0.806267261505127,
      0.42310333251953125,
      0.3229670524597168,
      0.8732337951660156,
      0.47310686111450195,
      0.3942451477050781,
      0.33713483810424805,
      0.41515493392944336
    ],
    "noiseless_fidelity": [
      0.8551755069038439,
      0.7225002541398279,
      0.6188851924178068,
      0.9446194968594397,
      0.8499377440953311,
      0.6691008083223405,
      0.7350491420940818,
      0.6628202282698185,
      0.7548780174374795,
      0.8821570294602679
    ],
    "noiseless_trace_distance": [
      0.19973910507777912,
      0.23056172335201697,
      0.34593904027430666,
      0.06467892330338851,
      0.1100675247420729,
      0.2936562872269523,
      0.2560788613651258,
      0.24205777017174243,
      0.2444711991425125,
      0.17333992632331463
    ],
    "noiseless_relative_entropy": [
      0.4817904616450438,
      0.9272608043395739,
      1.6252806184800894,
      0.126346468638802,
      0.3094005508294423,
      1.4059944488500378,
      0.6055698449863913,
      0.7946217131004436,
      0.4729040090090479,
      0.23705718534520265
    ],
    "noiseless_purity": [
      0.43338217249747174,
      0.64993770520692,
      0.8058553395452599,
      0.4210043163077736,
      0.33343043668169786,
      0.8579906683084875,
      0.4299958147677645,
      0.39649883028571165,
      0.3298764279322647,
      0.4139099270318976
    ]
  }
}
