{
  "metadata": {
    "n": 3,
    "J": 1.0,
    "h": 0.5,
    "beta": 2.0,
    "ancilla_reps": 1,
    "system_reps": null,
    "optimizer": "function",
    "min_kwargs": {
      "initial_temp": 0.1,
      "visit": 2.0,
      "accept": -10.0,
      "maxfun": 100,
      "no_local_search": true,
      "restart_temp_ratio": 1e-10
    },
    "shots": 1024
  },
  "metrics": {
    "exact_purity": 0.5024484093498863,
    "calculated_fidelity": [
      0.41132489176297427,
      0.7274012948486988,
      0.6442961900561706,
      0.6170607385079462,
      0.6755547853906291,
      0.5331087437988985,
      0.7894355878158804,
      0.6880683539752139,
      0.6002640646843154,
      0.6997955745382785
    ],
    "calculated_trace_distance": [
      0.3046109700537939,
      0.24635259418327027,
      0.36424351241009106,
      0.3784852519652605,
      0.3498449001700733,
      0.3874966790548428,
      0.21025268430473446,
      0.28443665245035465,
      0.24266769144916575,
      0.21063056430582427
    ],
    "calculated_relative_entropy": [
      1.4569261072806845,
      0.8504920136711493,
      1.1892434945758534,
      1.4288642274943275,
      0.9927494932115768,
      1.502790131169343,
      0.6053523582173324,
      0.6810191052899578,
      0.9773924438379731,
      0.7009418681377819
    ],
    "calculated_purity": [
      0.44245481491088867,
      0.7618813514709473,
      0.8363747596740723,
      0.8385357856750488,
      0.8358263969421387,
      0.8603601455688477,
      0.6398191452026367,
      0.478945255279541,
      0.4771099090576172,
      0.3969082832336426
    ],
    "noiseless_fidelity": [
      0.4218975335875021,
      0.7181721651407623,
      0.6217774195837158,
      0.616809604967459,
      0.6368517179955195,
      0.5109251395265771,
      0.8048615425987763,
      0.6941606210997177,
      0.5426410372794533,
      0.687386250820061
    ],
    "noiseless_trace_distance": [
      0.2820243595286116,
      0.2290657880179619,
      0.33865256825377615,
      0.3540006288947686,
      0.3430762678057992,
      0.36482109305922505,
      0.1920483094718515,
      0.2700245954554894,
      0.21962588235919533,
      0.19797548995550507
    ],
    "noiseless_relative_entropy": [
      1.6985859366233724,
      0.81412813497304,
      1.3624465206068497,
      1.3525947632247002,
      1.301958020215581,
      1.9367303476896773,
      0.6191792037021792,
      0.7925654233427029,
      1.0310788835485707,
      0.7880241456839108
    ],
    "noiseless_purity": [
      0.44179425890729884,
      0.7728413530629841,
      0.7922806193027292,
      0.8261050553880656,
      0.8174219393195339,
      0.870641439759086,
      0.6443206592340095,
      0.473796831612997,
      0.4248418098985696,
      0.39605248168296736
    ]
  }
}
