{
  "metadata": {
    "n": 3,
    "J": 1.0,
    "h": 0.5,
    "beta": 3.0,
    "ancilla_reps": 1,
    "system_reps": null,
    "optimizer": "function",
    "min_kwargs": {
      "initial_temp": 0.1,
      "visit": 2.0,
      "accept": -10.0,
      "maxfun": 100,
      "no_local_search": true,
      "restart_temp_ratio": 1e-10
    },
    "shots": 1024
  },
  "metrics": {
    "exact_purity": 0.5082516505507471,
    "calculated_fidelity": [
      0.5859874089619361,
      0.8475696746576504,
      0.708503504934507,
      0.9325600274842065,
      0.7878468608243125,
      0.6264926777363399,
      0.6383127661635186,
      0.7901817503797146,
      0.9048819094455184,
      0.6371514398004402
    ],
    "calculated_trace_distance": [
      0.41305877803987934,
      0.20441979914156702,
      0.2950879853933967,
      0.09955831167327636,
      0.22687450368162304,
      0.27221635504911545,
      0.3161565118038693,
      0.3104587812968208,
      0.1312261107191778,
      0.25921114013405605
    ],
    "calculated_relative_entropy": [
      1.3314474189983978,
      0.40564616649548335,
      0.8252235191949348,
      0.13590424455750916,
      0.5264170808789561,
      1.2487352737518602,
      1.1479782134996008,
      0.7252668775129852,
      0.24643667037281453,
      0.8606357361418769
    ],
    "calculated_purity": [
      0.7380480766296387,
      0.5519833564758301,
      0.7777175903320312,
      0.5087804794311523,
      0.6231608390808105,
      0.8421072959899902,
      0.8822698593139648,
      0.5245628356933594,
      0.4969501495361328,
      0.838442325592041
    ],
    "noiseless_fidelity": [
      0.5762224807437504,
      0.8268176177398046,
      0.7189428619968304,
      0.9340629155665928,
      0.7753642869249149,
      0.6571988833840459,
      0.6613931099105801,
      0.7930570326028789,
      0.9158058348074518,
      0.6707105162097494
    ],
    "noiseless_trace_distance": [
      0.38607530823833747,
      0.1894567356378009,
      0.2587579189574558,
      0.078047386674072,
      0.2091305824458444,
      0.24912171553268841,
      0.2877647029844581,
      0.29255577277263234,
      0.11548517951266446,
      0.23255838742175672
    ],
    "noiseless_relative_entropy": [
      1.807860294284135,
      0.8380621278390885,
      1.1471157188670662,
      0.12645750348574522,
      1.3911274267834561,
      1.1844677852994259,
      1.5260298782135984,
      0.7335728660828051,
      0.3174854566053936,
      1.5080272948469164
    ],
    "noiseless_purity": [
      0.7243273731508769,
      0.5195648741826531,
      0.7859617488354405,
      0.4889251506394815,
      0.6064932950683299,
      0.8203803488251293,
      0.8450142025589242,
      0.5116454476526383,
      0.5019862376708017,
      0.8332556806611671
    ]
  }
}
