{
  "metadata": {
    "n": 3,
    "J": 1.0,
    "h": 0.5,
    "beta": 4.0,
    "ancilla_reps": 1,
    "system_reps": null,
    "optimizer": "function",
    "min_kwargs": {
      "initial_temp": 0.1,
      "visit": 2.0,
      "accept": -10.0,
      "maxfun": 100,
      "no_local_search": true,
      "restart_temp_ratio": 1e-10
    },
    "shots": 1024
  },
  "metrics": {
    "exact_purity": 0.514603318756586,
    "calculated_fidelity": [
      0.4692152073879539,
      0.6583737971477647,
      0.884127805378995,
      0.9330470560264622,
      0.8013973460480325,
      0.6904584974824857,
      0.5553959686556119,
      0.7691548050296798,
      0.9445047342067082,
      0.5644241131113753
    ],
    "calculated_trace_distance": [
      0.43558696395596175,
      0.3449180613299853,
      0.15788942858466207,
      0.18225355439928834,
      0.3275808345609978,
      0.32123343754791184,
      0.2930974565259212,
      0.15609085566458514,
      0.14723267750922026,
      0.31980151125049405
    ],
    "calculated_relative_entropy": [
      1.5569298273242738,
      0.9665880681018322,
      0.26731414726723274,
      0.18089203577516305,
      0.5181926166604265,
      0.8931749741599369,
      1.2185470795472488,
      0.3635683986500408,
      0.22440821427857327,
      1.3806145494270514
    ],
    "calculated_purity": [
      0.8647565841674805,
      0.6138167381286621,
      0.4686574935913086,
      0.6521139144897461,
      0.6981301307678223,
      0.8027553558349609,
      0.7865190505981445,
      0.437591552734375,
      0.6250462532043457,
      1.0018672943115234
    ],
    "noiseless_fidelity": [
      0.46669110191709784,
      0.6849723280900706,
      0.8675595497365634,
      0.9186685436283275,
      0.8026009281223335,
      0.6144459413846123,
      0.6175694653622008,
      0.7857168869881728,
      0.9301657001543129,
      0.5686777270917395
    ],
    "noiseless_trace_distance": [
      0.3951317219275879,
      0.295221678438075,
      0.14852404187628204,
      0.14546846247193382,
      0.2940083319939528,
      0.29395061202411166,
      0.2467961285184313,
      0.14171622456476574,
      0.12816078771598272,
      0.28417462793874715
    ],
    "noiseless_relative_entropy": [
      2.2243261025551133,
      0.8521369629419429,
      0.3623863389052572,
      0.23134617938511587,
      0.5616116679013445,
      1.2519878548430368,
      1.350922195111917,
      0.41434382976683226,
      0.274356657294025,
      4.378929640394037
    ],
    "noiseless_purity": [
      0.8376862022642233,
      0.5915814710520638,
      0.442498894899121,
      0.628783508850356,
      0.6879866390738553,
      0.806677873822028,
      0.7620101520349631,
      0.4523510392416755,
      0.5931847243530417,
      0.9694615312199785
    ]
  }
}
