{
  "metadata": {
    "n": 3,
    "J": 1.0,
    "h": 0.5,
    "beta": 5.0,
    "ancilla_reps": 1,
    "system_reps": null,
    "optimizer": "function",
    "min_kwargs": {
      "initial_temp": 0.1,
      "visit": 2.0,
      "accept": -10.0,
      "maxfun": 100,
      "no_local_search": true,
      "restart_temp_ratio": 1e-10
    },
    "shots": 1024
  },
  "metrics": {
    "exact_purity": 0.522570105217619,
    "calculated_fidelity": [
      0.8069247886105003,
      0.44930890174771937,
      0.5661700785026141,
      0.7070570983566252,
      0.480484699362499,
      0.8827149297265265,
      0.586638826342039,
      0.47368253945403077,
      0.6470008765666397,
      0.9202932942619474
    ],
    "calculated_trace_distance": [
      0.2615359502763395,
      0.41444372078990205,
      0.3993987431252451,
      0.3346222836361055,
      0.44867563359196183,
      0.15068361383252277,
      0.25587617224263937,
      0.43602571153100234,
      0.2280216212323276,
      0.13008926533757492
    ],
    "calculated_relative_entropy": [
      0.4730630089573451,
      2.2225166218861627,
      1.383674221440807,
      0.9060301426977111,
      2.11479238002194,
      0.3143546691409075,
      1.0000312460409129,
      1.7814583725143294,
      1.257976893152104,
      0.19768762800424436
    ],
    "calculated_purity": [
      0.7274494171142578,
      0.9623956680297852,
      0.8768939971923828,
      0.7155880928039551,
      0.9466586112976074,
      0.48900747299194336,
      0.9486026763916016,
      0.9390668869018555,
      0.8906497955322266,
      0.5389695167541504
    ],
    "noiseless_fidelity": [
      0.811896455466053,
      0.4509183593463812,
      0.5502682130045976,
      0.7062379351954746,
      0.4546127937053432,
      0.881913080089754,
      0.6468124697603036,
      0.44262536971929783,
      0.6318729623107395,
      0.9293302963777266
    ],
    "noiseless_trace_distance": [
      0.22711079980368157,
      0.41160365034782287,
      0.3853791849691638,
      0.32548340075680793,
      0.4228493743105018,
      0.13695387372854595,
      0.2547147610995514,
      0.4114750634343638,
      0.20885630296084035,
      0.10519006247823569
    ],
    "noiseless_relative_entropy": [
      0.5137698693213686,
      2.668327250703424,
      1.7434684054314504,
      0.9459673365791571,
      5.539732004556054,
      0.43709903963657465,
      1.6502710807836891,
      2.647351585576409,
      1.5002190674333846,
      0.21030659634568916
    ],
    "noiseless_purity": [
      0.7504396606830015,
      0.9588385787018945,
      0.8659655195051514,
      0.7196122599295511,
      0.9236912609648091,
      0.48851591543168055,
      0.9592584454092244,
      0.9287031492265441,
      0.8609649257609395,
      0.5511039083449509
    ]
  }
}
