{
  "metadata": {
    "n": 3,
    "J": 1.0,
    "h": 0.5,
    "beta": 1e-10,
    "ancilla_reps": 1,
    "system_reps": null,
    "optimizer": "UMDA",
    "min_kwargs": {},
    "shots": 1024
  },
  "metrics": {
    "exact_purity": 0.125,
    "calculated_fidelity": [
      0.9681444591618212,
      0.9746927641083672,
      0.9616509551457038,
      0.930161195979004,
      0.9884221800728733,
      0.9773857671106245,
      0.9861911342560007,
      0.9813780245475351,
      0.9855797631112642,
      0.9813440309594293
    ],
    "calculated_trace_distance": [
      0.06535621539096292,
      0.06610687348228984,
      0.08708343660057903,
      0.10778351481857465,
      0.03705453785637345,
      0.06337980562672883,
      0.05649161192537608,
      0.05783363974826716,
      0.04569923828244487,
      0.05562764936833926
    ],
    "calculated_relative_entropy": [
      0.06674896232779892,
      0.052419286469643965,
      0.08564479670924616,
      0.15836195201403486,
      0.02358211176617208,
      0.04659107528142023,
      0.029321036473664668,
      0.03843946639441846,
      0.0292436393380442,
      0.03891441284087627
    ],
    "calculated_purity": [
      0.1402721405029297,
      0.13728570938110352,
      0.14110994338989258,
      0.15510225296020508,
      0.13065433502197266,
      0.13624334335327148,
      0.13108110427856445,
      0.13402843475341797,
      0.13216400146484375,
      0.13374710083007812
    ],
    "noiseless_fidelity": [
      0.9851943655185629,
      0.9926171413409178,
      0.9951998342394089,
      0.9996047427948037,
      0.99710165839889,
      0.9969436319884474,
      0.9976717246715117,
      0.9945386544106821,
      0.9951011482715275,
      0.9901915438135156
    ],
    "noiseless_trace_distance": [
      0.032256811173580195,
      0.024926148238888477,
      0.01910478039067532,
      0.006035821174627036,
      0.012783806162336693,
      0.016508342755111316,
      0.01669257714580649,
      0.02405871287880503,
      0.019268923445165315,
      0.03181303633407977
    ],
    "noiseless_relative_entropy": [
      0.029696186908129953,
      0.014844616650173196,
      0.009586932512436554,
      0.0007934330213963201,
      0.0058431633400757195,
      0.006117071715121488,
      0.00474161734404234,
      0.010762742542251484,
      0.00988582632208738,
      0.020007663878599518
    ],
    "noiseless_purity": [
      0.13264332418632221,
      0.1287049743242895,
      0.1274405148407126,
      0.1251956765490504,
      0.12642537471139417,
      0.12653787081118284,
      0.12611172935795895,
      0.12789596901193834,
      0.12741731084693014,
      0.12976871486812855
    ]
  }
}
