{
  "metadata": {
    "n": 3,
    "J": 1.0,
    "h": 0.5,
    "beta": 0.2,
    "ancilla_reps": 1,
    "system_reps": null,
    "optimizer": "UMDA",
    "min_kwargs": {},
    "shots": 1024
  },
  "metrics": {
    "exact_purity": 0.1490311604153375,
    "calculated_fidelity": [
      0.9745622219563407,
      0.9696926989180144,
      0.9659289992258424,
      0.9683872262694814,
      0.9580873926630472,
      0.9734149676293385,
      0.9805510567624682,
      0.9648028016357947,
      0.9665664857018823,
      0.955554862162992
    ],
    "calculated_trace_distance": [
      0.06093867859858969,
      0.07233791257431901,
      0.07153149802131303,
      0.07026293747896349,
      0.09313214164062926,
      0.061370894711328276,
      0.07431587028453569,
      0.07590898364495823,
      0.06742953445674024,
      0.08405325748679943
    ],
    "calculated_relative_entropy": [
      0.052016638507751276,
      0.06730663878958135,
      0.07138435329464721,
      0.06505586083696008,
      0.08676475513317958,
      0.05393204046107471,
      0.040546707880176266,
      0.07336008721805104,
      0.07055827376691853,
      0.09938402038944119
    ],
    "calculated_purity": [
      0.1428227424621582,
      0.1459498405456543,
      0.13681602478027344,
      0.13346433639526367,
      0.13974475860595703,
      0.14886808395385742,
      0.13849210739135742,
      0.14004898071289062,
      0.13382387161254883,
      0.16562557220458984
    ],
    "noiseless_fidelity": [
      0.9763513709955193,
      0.9880418083216201,
      0.9685653574383666,
      0.9693713527406831,
      0.9792728364802087,
      0.9851044626954991,
      0.9868126959576029,
      0.9753808881853437,
      0.9654968290559213,
      0.9799680324329724
    ],
    "noiseless_trace_distance": [
      0.04593341183342366,
      0.03334130717084843,
      0.04917362006943418,
      0.059309920365790324,
      0.051087188273468455,
      0.0393418257311549,
      0.046217945695272655,
      0.05342976843996537,
      0.06198397485376846,
      0.04893348996838952
    ],
    "noiseless_relative_entropy": [
      0.048907924456171564,
      0.023891720011692718,
      0.06654646043335527,
      0.06192843091188317,
      0.041688182633142556,
      0.030270281845737084,
      0.02658777267410316,
      0.05065120620104716,
      0.07280480006167385,
      0.04284444006010784
    ],
    "noiseless_purity": [
      0.14423942101691667,
      0.14057564379354048,
      0.1336264611815489,
      0.1290034517633963,
      0.13041748903296527,
      0.14429211954590443,
      0.13661076523060928,
      0.13489987180980192,
      0.1296014686225525,
      0.15349005829681273
    ]
  }
}
