{
  "metadata": {
    "n": 3,
    "J": 1.0,
    "h": 0.5,
    "beta": 0.5,
    "ancilla_reps": 1,
    "system_reps": null,
    "optimizer": "UMDA",
    "min_kwargs": {},
    "shots": 1024
  },
  "metrics": {
    "exact_purity": 0.27695519291630366,
    "calculated_fidelity": [
      0.8967413876326471,
      0.9280971945497218,
      0.905292175712587,
      0.9347318245972461,
      0.9311131020691519,
      0.9322068349841323,
      0.9427620186082556,
      0.9241875979145261,
      0.9137076285506173,
      0.9476559246196276
    ],
    "calculated_trace_distance": [
      0.1281687650248754,
      0.0829944723611134,
      0.1178339187972498,
      0.17173673963907105,
      0.06677424952982693,
      0.09326827850075196,
      0.09055219120816188,
      0.07860454300927182,
      0.11684308965145661,
      0.08257901693024786
    ],
    "calculated_relative_entropy": [
      0.2089163790476048,
      0.10072822241135676,
      0.19591623177920567,
      0.07277377150046058,
      0.11883687614838606,
      0.1607825653190878,
      0.08319301925792959,
      0.11724133913604054,
      0.11349548932781944,
      0.12713768425134978
    ],
    "calculated_purity": [
      0.2670102119445801,
      0.3336200714111328,
      0.34275054931640625,
      0.35435056686401367,
      0.28455543518066406,
      0.23829269409179688,
      0.3483724594116211,
      0.30046987533569336,
      0.2626509666442871,
      0.2367568016052246
    ],
    "noiseless_fidelity": [
      0.9476787146905414,
      0.9700126091353994,
      0.9659858414555424,
      0.9228098220428685,
      0.9469965529355792,
      0.9604955969231543,
      0.9506581552305367,
      0.9431626456685651,
      0.9115015410683679,
      0.9624199991142869
    ],
    "noiseless_trace_distance": [
      0.06370613046914336,
      0.05419688247578515,
      0.08307134726033469,
      0.10779751590950991,
      0.06425102982179853,
      0.05602735807580894,
      0.05677823070198193,
      0.047097054488161635,
      0.09404104157781948,
      0.06553252709559063
    ],
    "noiseless_relative_entropy": [
      0.12766739362860935,
      0.07527140461643171,
      0.08390195795797144,
      0.24012879490713307,
      0.12361852464037322,
      0.09095991102913173,
      0.13678288725636117,
      0.1345680372925881,
      0.26525551586771756,
      0.08706478019656078
    ],
    "noiseless_purity": [
      0.2688918876729492,
      0.3125036103249655,
      0.3301678497177547,
      0.34253043351533713,
      0.2803996000284442,
      0.2317072922429048,
      0.35751446886926985,
      0.29226772472030016,
      0.2511084176399515,
      0.23390742526733022
    ]
  }
}
