{
  "metadata": {
    "n": 3,
    "J": 1.0,
    "h": 0.5,
    "beta": 0.8,
    "ancilla_reps": 1,
    "system_reps": null,
    "optimizer": "UMDA",
    "min_kwargs": {},
    "shots": 1024
  },
  "metrics": {
    "exact_purity": 0.40478756142181577,
    "calculated_fidelity": [
      0.9662949895309408,
      0.9580931993793749,
      0.9322326148939364,
      0.9367571860040831,
      0.9589473595479684,
      0.9517835482636724,
      0.955058221335809,
      0.951947203420485,
      0.955174375276185,
      0.9637183591774433
    ],
    "calculated_trace_distance": [
      0.08294226975333131,
      0.1342001035788042,
      0.07227996751385778,
      0.10764809475027592,
      0.08258307555103013,
      0.08474110010457798,
      0.10934868035421838,
      0.11564758607358691,
      0.10213843608864326,
      0.09880962796552731
    ],
    "calculated_relative_entropy": [
      0.05208090886799871,
      0.022871943952760425,
      0.09814148537201696,
      0.0757776777311249,
      0.11036801079154686,
      0.03853004130936681,
      0.054452167652142086,
      0.07544856661481228,
      0.04694608819673677,
      0.02955631368900978
    ],
    "calculated_purity": [
      0.3876075744628906,
      0.5074481964111328,
      0.3890061378479004,
      0.45870113372802734,
      0.411923885345459,
      0.42905759811401367,
      0.4822421073913574,
      0.41586923599243164,
      0.45169496536254883,
      0.468813419342041
    ],
    "noiseless_fidelity": [
      0.9737023306161573,
      0.9485197179770907,
      0.9610108320604036,
      0.9457137322573134,
      0.9529876403288426,
      0.9526079525197946,
      0.9617771101209236,
      0.9658587805947254,
      0.9585653602757312,
      0.9622814824093457
    ],
    "noiseless_trace_distance": [
      0.0665741092848586,
      0.11425886441614547,
      0.05367774829555423,
      0.08449197246510527,
      0.06313541533871934,
      0.07339456441451725,
      0.08009226989060825,
      0.08465992137544055,
      0.09444330384528643,
      0.07347266027270405
    ],
    "noiseless_relative_entropy": [
      0.06802218478401093,
      0.1517972257285256,
      0.10254657166330136,
      0.18761955637125377,
      0.23371705919747504,
      0.19890738530870236,
      0.1273209500467728,
      0.10514337616988631,
      0.14075207172990994,
      0.14667906190539715
    ],
    "noiseless_purity": [
      0.3874649067827055,
      0.4954684738428088,
      0.38951848603785455,
      0.4566797658579459,
      0.3989794633121164,
      0.4123550068256567,
      0.4498372119695678,
      0.42137344406291605,
      0.4368669661802121,
      0.46491143302574545
    ]
  }
}
