{
  "metadata": {
    "n": 3,
    "J": 1.0,
    "h": 0.5,
    "beta": 1.0,
    "ancilla_reps": 1,
    "system_reps": null,
    "optimizer": "UMDA",
    "min_kwargs": {},
    "shots": 1024
  },
  "metrics": {
    "exact_purity": 0.45242507480844885,
    "calculated_fidelity": [
      0.9758659215655089,
      0.971806150027325,
      0.9813058552694682,
      0.9854764485437096,
      0.9880787547626083,
      0.9683938687674913,
      0.9755482914591627,
      0.970955566659963,
      0.9798217895926578,
      0.9697390007993796
    ],
    "calculated_trace_distance": [
      0.10056140070151247,
      0.09350031260107992,
      0.11398411275166816,
      0.07693822048962091,
      0.08284977465540914,
      0.06422389818408752,
      0.07551156319872901,
      0.08925742731630747,
      0.1274646316102647,
      0.11847076787684449
    ],
    "calculated_relative_entropy": [
      0.02751677824585351,
      0.019574710343005494,
      0.050979229457454006,
      0.023181340715988458,
      -0.023577404035629794,
      0.06286784453351574,
      0.05228011817084879,
      0.06276773564237387,
      0.007975716543949823,
      0.04764637966827559
    ],
    "calculated_purity": [
      0.45652055740356445,
      0.4946160316467285,
      0.5136599540710449,
      0.48059558868408203,
      0.4816398620605469,
      0.4438285827636719,
      0.45499658584594727,
      0.45809173583984375,
      0.5228867530822754,
      0.4388899803161621
    ],
    "noiseless_fidelity": [
      0.9567300352068936,
      0.9730863723034788,
      0.9637378000744604,
      0.9684388460855101,
      0.9790138975738982,
      0.9651229224471389,
      0.9622662182185642,
      0.9718690062755373,
      0.9588217181996868,
      0.9559735442346975
    ],
    "noiseless_trace_distance": [
      0.080483312335671,
      0.05112845613827809,
      0.09372881326295945,
      0.06620667557123777,
      0.04807395795817185,
      0.058973315938284504,
      0.04831334510231258,
      0.06609133266144351,
      0.08694366422271213,
      0.08553666065349419
    ],
    "noiseless_relative_entropy": [
      0.1428147078185037,
      0.09884330571668277,
      0.11496910162022733,
      0.1475676048043931,
      0.08248543029599018,
      0.1357682535062633,
      0.12398245293743136,
      0.10912018705033624,
      0.15403992875770361,
      0.13347984091839246
    ],
    "noiseless_purity": [
      0.4540988578562149,
      0.47529372376468115,
      0.4987693739149421,
      0.48456988271098905,
      0.455687629088967,
      0.45209369780405667,
      0.4615019635791194,
      0.4723287783572687,
      0.5009413751064572,
      0.44371303727315714
    ]
  }
}
