{
  "metadata": {
    "n": 3,
    "J": 1.0,
    "h": 0.5,
    "beta": 1.2,
    "ancilla_reps": 1,
    "system_reps": null,
    "optimizer": "UMDA",
    "min_kwargs": {},
    "shots": 1024
  },
  "metrics": {
    "exact_purity": 0.4776975316760884,
    "calculated_fidelity": [
      0.9695894804044167,
      0.9288098805887016,
      0.9969733815527534,
      0.9760385069336902,
      0.9814448770033641,
      0.977656508803344,
      0.9544326547286842,
      0.9823058635294142,
      0.9824645779877786,
      0.9661956733155995
    ],
    "calculated_trace_distance": [
      0.11488043187254282,
      0.10658938550965441,
      0.078435526333319,
      0.12017592173917158,
      0.08825078992311419,
      0.10132518030150953,
      0.13309222313979732,
      0.14141118183036516,
      0.05228799225282807,
      0.12253443625579682
    ],
    "calculated_relative_entropy": [
      0.07411772538474443,
      0.13729598206349616,
      0.007747206813079268,
      0.06245196801824662,
      0.028958576114275374,
      0.04614863215131284,
      0.11600235618901102,
      0.034201202993220034,
      0.03236587969854262,
      0.08646241478844079
    ],
    "calculated_purity": [
      0.4781184196472168,
      0.4131278991699219,
      0.48328256607055664,
      0.5077781677246094,
      0.4780282974243164,
      0.4814462661743164,
      0.510617733001709,
      0.5580964088439941,
      0.4785275459289551,
      0.4722599983215332
    ],
    "noiseless_fidelity": [
      0.9580082782754795,
      0.9347715246576782,
      0.9811199197017638,
      0.9593283776037228,
      0.9815229103006733,
      0.9762638847553515,
      0.9556061456232624,
      0.956010103298469,
      0.9850835889127421,
      0.9590276612395198
    ],
    "noiseless_trace_distance": [
      0.09553150069208026,
      0.08310957005343411,
      0.05264822089778558,
      0.07931195012963208,
      0.0641149726941285,
      0.07594769956872255,
      0.09040100028408096,
      0.11698083241285166,
      0.04469050721287545,
      0.10962126327033589
    ],
    "noiseless_relative_entropy": [
      0.1506258274601293,
      0.1324170029142988,
      0.07722557437279887,
      0.13356575240739496,
      0.06074438558397807,
      0.09143139895913657,
      0.13284308830145328,
      0.15884591786789365,
      0.08052848293717395,
      0.13117134167914565
    ],
    "noiseless_purity": [
      0.47290116861305115,
      0.4062822883815792,
      0.4773210626006083,
      0.48548541074191437,
      0.47539130823078735,
      0.47693079804620464,
      0.4832082474779807,
      0.5459151504587973,
      0.4811175052395368,
      0.472079748935849
    ]
  }
}
