{
  "metadata": {
    "n": 3,
    "J": 1.0,
    "h": 0.5,
    "beta": 2.0,
    "ancilla_reps": 1,
    "system_reps": null,
    "optimizer": "UMDA",
    "min_kwargs": {},
    "shots": 1024
  },
  "metrics": {
    "exact_purity": 0.5024484093498863,
    "calculated_fidelity": [
      0.9333000746786745,
      0.5570305187270003,
      0.9820272370306496,
      0.7486317381179775,
      0.9932219740877346,
      0.9528615983025217,
      0.9888962710107924,
      0.9635463910010713,
      0.9775871526789196,
      0.9668967852920647
    ],
    "calculated_trace_distance": [
      0.17077158925833508,
      0.37807785121763754,
      0.09948202589002715,
      0.3227583238468619,
      0.08434137637660631,
      0.14392459777457509,
      0.12764872638634586,
      0.1221336911788263,
      0.08163804499003992,
      0.09146250538791448
    ],
    "calculated_relative_entropy": [
      0.1987971087525047,
      1.7442987399161465,
      0.0920929898646392,
      0.721310414685161,
      0.05684471701873764,
      0.1374005366294643,
      0.06665322826733965,
      0.12074026194555679,
      0.04471787635547451,
      0.07561341019789339
    ],
    "calculated_purity": [
      0.5639700889587402,
      0.948768138885498,
      0.5054483413696289,
      0.735567569732666,
      0.5111236572265625,
      0.5705361366271973,
      0.5141668319702148,
      0.5039610862731934,
      0.4782280921936035,
      0.4812335968017578
    ],
    "noiseless_fidelity": [
      0.9351728377824264,
      0.5530972999019121,
      0.9764388213513578,
      0.7469417868086169,
      0.9772502764301173,
      0.9430226469949828,
      0.9781646084438436,
      0.9518455638590416,
      0.9801360523852484,
      0.9690880959687636
    ],
    "noiseless_trace_distance": [
      0.15303377354229408,
      0.3615362078351904,
      0.06299744131241841,
      0.3011016339187016,
      0.06990964904204688,
      0.12782468114653533,
      0.06824209738064313,
      0.11423370471276706,
      0.0377076712358632,
      0.07415412815205374
    ],
    "noiseless_relative_entropy": [
      0.26547608361720204,
      1.9707509536025793,
      0.1567139972345504,
      0.6341438475675658,
      0.14581372726141634,
      0.21824875511683925,
      0.10787381158396937,
      0.22879766812597765,
      0.04194616000900961,
      0.10677950495766989
    ],
    "noiseless_purity": [
      0.5652526352485738,
      0.9373939231690259,
      0.4939105131885852,
      0.742810635728129,
      0.49653410173252244,
      0.5515694507305611,
      0.4921277789861247,
      0.5014658427785554,
      0.47790685234011554,
      0.4788190780885273
    ]
  }
}
