{
  "metadata": {
    "n": 3,
    "J": 1.0,
    "h": 0.5,
    "beta": 3.0,
    "ancilla_reps": 1,
    "system_reps": null,
    "optimizer": "UMDA",
    "min_kwargs": {},
    "shots": 1024
  },
  "metrics": {
    "exact_purity": 0.5082516505507471,
    "calculated_fidelity": [
      0.9750515332316546,
      0.5641849977125578,
      0.956047244930927,
      0.8872919540522134,
      0.973631301271708,
      0.4569382247413074,
      0.47738975239422815,
      0.9307453160872236,
      0.8182460004204966,
      0.8864442841184668
    ],
    "calculated_trace_distance": [
      0.12190527497580196,
      0.40161394470663675,
      0.1023301676987415,
      0.2601879921317151,
      0.09576432182602647,
      0.40511311303034175,
      0.40849625654410493,
      0.17915012992208276,
      0.24241050807357906,
      0.19956381854221117
    ],
    "calculated_relative_entropy": [
      0.07108619681832075,
      1.772263072132651,
      0.12813862749929503,
      0.2638935432889141,
      0.09028187512150365,
      1.6441883484913147,
      1.4647419277045008,
      0.22618590072910008,
      0.5047848538101575,
      0.22285194781698425
    ],
    "calculated_purity": [
      0.5311322212219238,
      0.8550376892089844,
      0.49283695220947266,
      0.60595703125,
      0.5067906379699707,
      0.9946060180664062,
      0.9592795372009277,
      0.582794189453125,
      0.5510735511779785,
      0.48861026763916016
    ],
    "noiseless_fidelity": [
      0.9731802192038334,
      0.5746532750638884,
      0.9499404859127778,
      0.8805773443421487,
      0.9447763594192011,
      0.458157403611028,
      0.4373275980433019,
      0.8995077349833023,
      0.8347863787511821,
      0.8996605308877025
    ],
    "noiseless_trace_distance": [
      0.08697797936417195,
      0.36880106347884345,
      0.07472821790020115,
      0.2021319277945677,
      0.059525481227547125,
      0.3849398650117377,
      0.38626850225728154,
      0.1652103228317163,
      0.20754578660425174,
      0.16037908283322588
    ],
    "noiseless_relative_entropy": [
      0.08954571335918485,
      1.441185067410497,
      0.2120104732092311,
      0.25681371477241205,
      0.1467468844863475,
      3.3196754089380764,
      4.853862643268727,
      0.32940039352841194,
      0.6751231618007041,
      0.20118486541037686
    ],
    "noiseless_purity": [
      0.5277565898250776,
      0.8798572820629267,
      0.47726883981764706,
      0.5705138562988376,
      0.4663405094005829,
      0.9874217633404841,
      0.9564337779097783,
      0.5620325185911366,
      0.563866152945383,
      0.4976825894140954
    ]
  }
}
