{
  "metadata": {
    "n": 3,
    "J": 1.0,
    "h": 0.5,
    "beta": 4.0,
    "ancilla_reps": 1,
    "system_reps": null,
    "optimizer": "UMDA",
    "min_kwargs": {},
    "shots": 1024
  },
  "metrics": {
    "exact_purity": 0.514603318756586,
    "calculated_fidelity": [
      0.44003025726077055,
      0.7070072525124497,
      0.40006584841800547,
      0.9155995917603259,
      0.4016005073215056,
      0.5096439060887775,
      0.7402399533218209,
      0.6974940318007785,
      0.8877075122048333,
      0.5957670385309027
    ],
    "calculated_trace_distance": [
      0.41663875337841,
      0.3697632824737634,
      0.4144652355246198,
      0.21226708746638295,
      0.42341515345441755,
      0.42008284563601656,
      0.32729493392465764,
      0.3662812435006777,
      0.2337312948415822,
      0.39616103855723733
    ],
    "calculated_relative_entropy": [
      2.147150196709635,
      0.7761863146076022,
      1.7462088005262366,
      0.22335038134574886,
      1.6202982616085957,
      1.4627829189307828,
      0.657683306563181,
      0.7971250815284561,
      0.22648083166257527,
      1.5568608231426464
    ],
    "calculated_purity": [
      0.9477410316467285,
      0.7761149406433105,
      0.9402337074279785,
      0.5547337532043457,
      0.9771394729614258,
      0.9768466949462891,
      0.7138991355895996,
      0.7520914077758789,
      0.5644521713256836,
      0.8842568397521973
    ],
    "noiseless_fidelity": [
      0.4491805320851727,
      0.7064280280459512,
      0.49434485185397364,
      0.9015971916362806,
      0.45643758126128814,
      0.49799756745722173,
      0.7256230525844478,
      0.720128802282074,
      0.8943004652879852,
      0.5829306047293722
    ],
    "noiseless_trace_distance": [
      0.39936389973571695,
      0.33712082076675787,
      0.3930964288282295,
      0.1844065388519523,
      0.39994575059560805,
      0.39484625230022685,
      0.30300583413054216,
      0.3206532969825916,
      0.20012181798121326,
      0.3658429122794076
    ],
    "noiseless_relative_entropy": [
      2.9396355716214715,
      0.7788409773616372,
      2.2433615878729283,
      0.22428048770964573,
      3.779719585660539,
      2.4065606412961933,
      0.7772774286875661,
      0.8280236241245427,
      0.2190445007961326,
      3.3737409816737847
    ],
    "noiseless_purity": [
      0.93578446291529,
      0.7746352069093922,
      0.9237758020347826,
      0.5450566786307448,
      0.96781337797748,
      0.9624872580749232,
      0.7090396717977989,
      0.7671723534633099,
      0.5444295344261659,
      0.8613492325722214
    ]
  }
}
