{
  "metadata": {
    "n": 3,
    "J": 1.0,
    "h": 0.5,
    "beta": 5.0,
    "ancilla_reps": 1,
    "system_reps": null,
    "optimizer": "UMDA",
    "min_kwargs": {},
    "shots": 1024
  },
  "metrics": {
    "exact_purity": 0.522570105217619,
    "calculated_fidelity": [
      0.8566786805580384,
      0.4335838056244064,
      0.477585067583571,
      0.9604852558882347,
      0.5231657335947951,
      0.5519424593792448,
      0.6353160919283327,
      0.5654345536594184,
      0.5920680349723373,
      0.7402821257869715
    ],
    "calculated_trace_distance": [
      0.27837907251774896,
      0.4260337962431153,
      0.4267340796434417,
      0.13002149243890204,
      0.4197859717043326,
      0.4171862865847116,
      0.3968899757122384,
      0.4020953333217706,
      0.3967842995940039,
      0.3457235743739224
    ],
    "calculated_relative_entropy": [
      0.3069517271457418,
      1.5232417815379167,
      2.042944710832023,
      0.1465912908804651,
      1.6131695832321298,
      1.5399920506370628,
      1.1553956513890127,
      1.566944153773975,
      1.2864327908276842,
      0.6855880683767769
    ],
    "calculated_purity": [
      0.564323902130127,
      0.9250607490539551,
      0.9658465385437012,
      0.5031895637512207,
      0.941563606262207,
      0.886812686920166,
      0.8750333786010742,
      0.918266773223877,
      0.8663101196289062,
      0.7570552825927734
    ],
    "noiseless_fidelity": [
      0.8570118359386432,
      0.45660388060584695,
      0.49183583149489374,
      0.959165553325161,
      0.49528586848394873,
      0.5580288232192273,
      0.625005121745185,
      0.5690280733285588,
      0.598606010913422,
      0.7398653945580972
    ],
    "noiseless_trace_distance": [
      0.24097647516091752,
      0.4097299674890885,
      0.40450537339583936,
      0.08510286504904722,
      0.4070708579715572,
      0.3959844114021628,
      0.3717121759266412,
      0.38767672484235877,
      0.3809326131880288,
      0.3272382937527384
    ],
    "noiseless_relative_entropy": [
      0.32330105431797584,
      2.5182811131048797,
      2.447829014935987,
      0.20847724098213033,
      2.537449163125357,
      1.8355902428566362,
      1.119420339065325,
      1.5096318645624032,
      1.251082168606267,
      0.685269997897742
    ],
    "noiseless_purity": [
      0.551190365639467,
      0.9368228247296628,
      0.9566922168170725,
      0.4925219217839692,
      0.9543786351061176,
      0.8863594304163651,
      0.8625230768646049,
      0.9103285755948365,
      0.8648199295376303,
      0.7430709179887467
    ]
  }
}
