{
  "metadata": {
    "n": 2,
    "J": 1.0,
    "h": 0.5,
    "beta": 1e-10,
    "ancilla_reps": 1,
    "system_reps": null,
    "optimizer": "IMFIL",
    "min_kwargs": {},
    "shots": 1024
  },
  "metrics": {
    "exact_purity": 0.25,
    "calculated_fidelity": [
      0.9197625897843053,
      0.8106713717859935,
      0.5841975151991852,
      0.5055049724992468,
      0.8660999038037679,
      0.43486632736483316,
      0.7377265651412824,
      0.8125494502946621,
      0.8484900692891464,
      0.5941055837861561
    ],
    "calculated_trace_distance": [
      0.11679474223542521,
      0.23203769700253735,
      0.4072845678715908,
      0.39845293270043014,
      0.23406320104459827,
      0.45244760661455474,
      0.24053354411455474,
      0.17032677149010367,
      0.24430694358357713,
      0.40461105461104924
    ],
    "calculated_relative_entropy": [
      0.194490262054279,
      0.5089829800654595,
      1.221210021377183,
      1.3275347441966914,
      0.2785472442424884,
      1.4492369992927019,
      0.7218618929381009,
      0.7000134995537828,
      0.32651919490811043,
      1.241750503945406
    ],
    "calculated_purity": [
      0.3106374740600586,
      0.41957664489746094,
      0.7442502975463867,
      0.7551326751708984,
      0.4152212142944336,
      0.9137258529663086,
      0.48915767669677734,
      0.33783626556396484,
      0.4300355911254883,
      0.7237024307250977
    ],
    "noiseless_fidelity": [
      0.9307973776939428,
      0.8117831407151204,
      0.5879218654820437,
      0.4956097135018641,
      0.8840747571141506,
      0.4431625173985656,
      0.7291134399487166,
      0.7964954356187732,
      0.894352034733086,
      0.5916989660624443
    ],
    "noiseless_trace_distance": [
      0.10524615159217388,
      0.22879552135442974,
      0.3883922102262034,
      0.36035617788594787,
      0.19674955104430575,
      0.4344586425821372,
      0.22748557075189227,
      0.15623358499529677,
      0.18520858158068937,
      0.39216743115647823
    ],
    "noiseless_relative_entropy": [
      0.16285127915568026,
      0.48959173834744973,
      1.1499998017864284,
      2.3887577481371376,
      0.2322185327574263,
      1.9084773344286714,
      0.7703580860786828,
      0.8308951387018099,
      0.21642232400731606,
      1.1213135849848812
    ],
    "noiseless_purity": [
      0.30437422061537067,
      0.42808706759221954,
      0.7558317695890495,
      0.7456303926389625,
      0.3990214867329979,
      0.911578943454722,
      0.4878536331570831,
      0.3415140494926995,
      0.377597635589903,
      0.7541320610163719
    ]
  }
}
