{
  "metadata": {
    "n": 2,
    "J": 1.0,
    "h": 0.5,
    "beta": 0.2,
    "ancilla_reps": 1,
    "system_reps": null,
    "optimizer": "IMFIL",
    "min_kwargs": {},
    "shots": 1024
  },
  "metrics": {
    "exact_purity": 0.2644755136790756,
    "calculated_fidelity": [
      0.9939766631449894,
      0.9964003022891809,
      0.9957568082961523,
      0.99140072751903,
      0.9994173271655796,
      0.9973622970964888,
      0.9983967447914351,
      0.9959334128537084,
      0.9842687906260507,
      0.9941534691978527
    ],
    "calculated_trace_distance": [
      0.0347123410938075,
      0.03737426890462616,
      0.03464250333466775,
      0.05525274019473848,
      0.013417078216752766,
      0.02479590029473718,
      0.018822437447650338,
      0.034371284057755254,
      0.06355601476836462,
      0.051463856519330574
    ],
    "calculated_relative_entropy": [
      0.012325448124479312,
      0.007340984483256607,
      0.00861570043827406,
      0.01769963900479983,
      0.0011740264438466833,
      0.005346638274533155,
      0.003241775168898446,
      0.008371439127578791,
      0.03227415280268396,
      0.01162479050817014
    ],
    "calculated_purity": [
      0.26603221893310547,
      0.27253055572509766,
      0.2794370651245117,
      0.263763427734375,
      0.2670021057128906,
      0.26604652404785156,
      0.2642345428466797,
      0.27524280548095703,
      0.28259849548339844,
      0.26297855377197266
    ],
    "noiseless_fidelity": [
      0.9987409120933869,
      0.9956536832051365,
      0.995901828737942,
      0.9946849627932477,
      0.9994840446896782,
      0.99864010743923,
      0.9989792071180403,
      0.998369103017953,
      0.9976534057430344,
      0.9982713558212936
    ],
    "noiseless_trace_distance": [
      0.017755429037755836,
      0.029258879090916116,
      0.02471171573516191,
      0.026703307852959556,
      0.009385489000806782,
      0.01526848662416809,
      0.013788666008440927,
      0.016046739614755633,
      0.021543718446197294,
      0.020923544906812565
    ],
    "noiseless_relative_entropy": [
      0.0025881903827166645,
      0.008916914137156071,
      0.008332237902710662,
      0.010657498360332397,
      0.0010356623633727535,
      0.002725328698848825,
      0.002086658370767802,
      0.0033107627242864087,
      0.0047512570328515635,
      0.003497892007845102
    ],
    "noiseless_purity": [
      0.2629577160770386,
      0.27397586315582295,
      0.2807006089075316,
      0.25788066815839283,
      0.2664892544604065,
      0.2593399732907608,
      0.26382269598046826,
      0.270067775287437,
      0.26502808049762683,
      0.2641298179832006
    ]
  }
}
