{
  "metadata": {
    "n": 2,
    "J": 1.0,
    "h": 0.5,
    "beta": 0.5,
    "ancilla_reps": 1,
    "system_reps": null,
    "optimizer": "IMFIL",
    "min_kwargs": {},
    "shots": 1024
  },
  "metrics": {
    "exact_purity": 0.32622154913908924,
    "calculated_fidelity": [
      0.9915680765004568,
      0.9848810642090329,
      0.9945788889879749,
      0.9883780747453508,
      0.9888765083380299,
      0.995587192961127,
      0.9973710087815945,
      0.9955297386808427,
      0.98747398188175,
      0.9909552153243335
    ],
    "calculated_trace_distance": [
      0.05296584284433391,
      0.0466737861119189,
      0.03873634098956025,
      0.05025584393788599,
      0.06936445704038983,
      0.028543937907596052,
      0.020103049032018715,
      0.041328178307156294,
      0.05664785190461774,
      0.04807502540442106
    ],
    "calculated_relative_entropy": [
      0.018648852639038045,
      0.0337863520510629,
      0.010750115021021495,
      0.025984541668008124,
      0.023091921395534155,
      0.00946563036844995,
      0.005607973947176548,
      0.009522283960297778,
      0.02770774813414903,
      0.020104694209546477
    ],
    "calculated_purity": [
      0.31595325469970703,
      0.3783378601074219,
      0.2969503402709961,
      0.3314247131347656,
      0.2990226745605469,
      0.3262605667114258,
      0.3405141830444336,
      0.3257284164428711,
      0.3160228729248047,
      0.3401222229003906
    ],
    "noiseless_fidelity": [
      0.9939649369200222,
      0.9918925322143446,
      0.9927773491668824,
      0.9959186717897985,
      0.9987822592574584,
      0.9975415286085887,
      0.9974015293717203,
      0.9957540795507018,
      0.9923926910894921,
      0.9985805368004738
    ],
    "noiseless_trace_distance": [
      0.03715979863309916,
      0.0291139280876229,
      0.03960010576220773,
      0.031453897536609154,
      0.013070636616860726,
      0.016601981738518554,
      0.021947698359123573,
      0.030280504652793645,
      0.030185275879068198,
      0.015370341100855264
    ],
    "noiseless_relative_entropy": [
      0.013058539554043798,
      0.01747797546352063,
      0.014297214995550513,
      0.008895760100776064,
      0.002506484627042234,
      0.004897991997413573,
      0.005830740990445234,
      0.00883658027689413,
      0.01668974599023962,
      0.0030996311195480436
    ],
    "noiseless_purity": [
      0.3186313191161066,
      0.36517213642087354,
      0.2916513798507002,
      0.3198882051306505,
      0.31498934230870923,
      0.3218862043716311,
      0.3424794027970973,
      0.3153557401188537,
      0.31730087797646034,
      0.32879469208292456
    ]
  }
}
