{
  "metadata": {
    "n": 2,
    "J": 1.0,
    "h": 0.5,
    "beta": 0.8,
    "ancilla_reps": 1,
    "system_reps": null,
    "optimizer": "IMFIL",
    "min_kwargs": {},
    "shots": 1024
  },
  "metrics": {
    "exact_purity": 0.3999261709032876,
    "calculated_fidelity": [
      0.9932383399563939,
      0.9844323880072468,
      0.9847482013081128,
      0.984905336437463,
      0.9875835261262137,
      0.9892109151745102,
      0.9858806265605126,
      0.9854350582406896,
      0.9705216703087313,
      0.9924897942896486
    ],
    "calculated_trace_distance": [
      0.039889142311352155,
      0.05693836686100015,
      0.053994478512276636,
      0.052452750614093144,
      0.051888169872894914,
      0.0588086574330418,
      0.059288688114093144,
      0.06234416169101258,
      0.0677601538219872,
      0.04658507567822729
    ],
    "calculated_relative_entropy": [
      0.015501806226076845,
      0.036537100525075805,
      0.03690587845061509,
      0.03705198728128803,
      0.02605121477475995,
      0.024739856653995904,
      0.03145442247369813,
      0.03417581042973096,
      0.06843945871277063,
      0.01623405420518212
    ],
    "calculated_purity": [
      0.3780355453491211,
      0.40941810607910156,
      0.41993236541748047,
      0.4027671813964844,
      0.37538909912109375,
      0.42769718170166016,
      0.41832923889160156,
      0.39511871337890625,
      0.3748817443847656,
      0.4244050979614258
    ],
    "noiseless_fidelity": [
      0.9967831554237578,
      0.992499123762518,
      0.995718883101879,
      0.998917066346154,
      0.9875587385529887,
      0.9952837277927011,
      0.995428537622493,
      0.9787123457726882,
      0.9744826725252718,
      0.9952155241621434
    ],
    "noiseless_trace_distance": [
      0.021257606228400977,
      0.04216739960224603,
      0.026091615543042665,
      0.01320051060761343,
      0.050701646175573274,
      0.03191604536686589,
      0.03804754445366883,
      0.06683842016999239,
      0.05629666147612991,
      0.03673289758575196
    ],
    "noiseless_relative_entropy": [
      0.007026649344090332,
      0.016876704219013397,
      0.010059752386294342,
      0.0021686860276348887,
      0.026016646523361636,
      0.010260972999201506,
      0.009456865101158342,
      0.04733381565401107,
      0.05895522207008874,
      0.010182025304781649
    ],
    "noiseless_purity": [
      0.37898060998727623,
      0.39281802965889095,
      0.4176517967358773,
      0.38217480821968136,
      0.37487582069107533,
      0.420474582172302,
      0.40147804838982293,
      0.37959269548714175,
      0.3662068770701912,
      0.4281000832684513
    ]
  }
}
