{
  "metadata": {
    "n": 2,
    "J": 1.0,
    "h": 0.5,
    "beta": 1.0,
    "ancilla_reps": 1,
    "system_reps": null,
    "optimizer": "IMFIL",
    "min_kwargs": {},
    "shots": 1024
  },
  "metrics": {
    "exact_purity": 0.4423502848609148,
    "calculated_fidelity": [
      0.9949530755208508,
      0.9714028833226105,
      0.9851013604297278,
      0.9746036373609618,
      0.9909432509631341,
      0.9883717969142648,
      0.9641922225325064,
      0.9507729133739189,
      0.9881776585008841,
      0.9601646458817086
    ],
    "calculated_trace_distance": [
      0.03932896232416384,
      0.05990899619831426,
      0.059880841983632124,
      0.07001485760673555,
      0.04133765350225458,
      0.06840367830281216,
      0.07133473921443756,
      0.0512134867663652,
      0.0640267259968573,
      0.04595070620335151
    ],
    "calculated_relative_entropy": [
      0.01153215162415908,
      0.08724743155360848,
      0.03717708641444742,
      0.06345367842791516,
      0.022258792824376518,
      0.031151932786337815,
      0.09853738552969761,
      0.07693303816683357,
      0.03217978527224269,
      0.03449460777948124
    ],
    "calculated_purity": [
      0.4559173583984375,
      0.4306507110595703,
      0.43787479400634766,
      0.41359424591064453,
      0.4823780059814453,
      0.4398527145385742,
      0.4363527297973633,
      0.4984407424926758,
      0.4626455307006836,
      0.4860715866088867
    ],
    "noiseless_fidelity": [
      0.9978546982262546,
      0.9813664721542695,
      0.9916679928108512,
      0.9720754397363119,
      0.9938194478905453,
      0.995698051089286,
      0.971304670693976,
      0.9896955502155944,
      0.9978647939109264,
      0.9944645029918155
    ],
    "noiseless_trace_distance": [
      0.025415838558934548,
      0.041125733213379485,
      0.054849083428383294,
      0.06999761253820774,
      0.035031698403553385,
      0.022983123875265563,
      0.05720705754907058,
      0.0368118570583089,
      0.01667078552013937,
      0.016073933777625865
    ],
    "noiseless_relative_entropy": [
      0.004552806988235042,
      0.04606044504239071,
      0.025122350302624018,
      0.06572011140320025,
      0.016008392683068237,
      0.010861873493751978,
      0.07670628381736799,
      0.02493637369877802,
      0.005108265041849051,
      0.012548585636862983
    ],
    "noiseless_purity": [
      0.4425133377359655,
      0.4221471668171023,
      0.45263672812512634,
      0.4115123073868391,
      0.4682058297297853,
      0.453678878993438,
      0.43561205407601244,
      0.46517877270874947,
      0.4273859988991829,
      0.470522179978617
    ]
  }
}
