{
  "metadata": {
    "n": 2,
    "J": 1.0,
    "h": 0.5,
    "beta": 1.2,
    "ancilla_reps": 1,
    "system_reps": null,
    "optimizer": "IMFIL",
    "min_kwargs": {},
    "shots": 1024
  },
  "metrics": {
    "exact_purity": 0.47715088918704646,
    "calculated_fidelity": [
      0.8416827259430533,
      0.9967912141684966,
      0.9685102141518172,
      0.9812895558793185,
      0.9523159136667919,
      0.9913234759923509,
      0.9930734471634948,
      0.9681153970573345,
      0.9892837285138292,
      0.8830169805535384
    ],
    "calculated_trace_distance": [
      0.14588208420333715,
      0.021973685094621727,
      0.08143351024313815,
      0.026722901535134354,
      0.08439155587927785,
      0.048440545536260406,
      0.04075739330991111,
      0.048237200985973866,
      0.031431866157414556,
      0.15618131281247655
    ],
    "calculated_relative_entropy": [
      0.3641703125483104,
      0.0077006181461647515,
      0.09606619663325938,
      0.0102314274851588,
      0.17604261726654347,
      0.024695391411855283,
      0.016325164346492074,
      0.04349145101777627,
      0.032375923043187774,
      0.2983293268127115
    ],
    "calculated_purity": [
      0.4102134704589844,
      0.47617244720458984,
      0.47359752655029297,
      0.4805631637573242,
      0.5003223419189453,
      0.5051946640014648,
      0.47596168518066406,
      0.5075483322143555,
      0.49255943298339844,
      0.5893163681030273
    ],
    "noiseless_fidelity": [
      0.8351017009671116,
      0.9984047400573118,
      0.9667438987280077,
      0.9986577814455405,
      0.9695469664708778,
      0.9989911788735367,
      0.9910244479302656,
      0.9897274574922204,
      0.993930379431412,
      0.8965473869328818
    ],
    "noiseless_trace_distance": [
      0.14132212104770953,
      0.020301810786122587,
      0.05908940564408626,
      0.01321147744774806,
      0.07003741388338336,
      0.01487188995174099,
      0.01841793228422163,
      0.02424468706424568,
      0.028646037043007333,
      0.1292713499646332
    ],
    "noiseless_relative_entropy": [
      0.372369349579952,
      0.003998916720701948,
      0.10541379276105683,
      0.0036697035413806485,
      0.09080688982750101,
      0.00320948313551952,
      0.022325702823010492,
      0.028852203758168132,
      0.01884742008887308,
      0.2390689052545459
    ],
    "noiseless_purity": [
      0.41161403451951684,
      0.4643332641590746,
      0.4899382392327587,
      0.4747699551185719,
      0.4971106375250292,
      0.4763919405557375,
      0.48294541161014154,
      0.5057679152400262,
      0.4914560965772728,
      0.6074550787141885
    ]
  }
}
