{
  "metadata": {
    "n": 2,
    "J": 1.0,
    "h": 0.5,
    "beta": 2.0,
    "ancilla_reps": 1,
    "system_reps": null,
    "optimizer": "IMFIL",
    "min_kwargs": {},
    "shots": 1024
  },
  "metrics": {
    "exact_purity": 0.5677667882613814,
    "calculated_fidelity": [
      1.0031054503316321,
      0.989210196373115,
      1.011354652298688,
      0.999955202450234,
      0.9954031140751246,
      0.9515786835282208,
      0.9704915856384779,
      0.7800780691370325,
      1.0172834309502385,
      1.0048806698345678
    ],
    "calculated_trace_distance": [
      0.05507248956853236,
      0.039160145909320945,
      0.05025733993629981,
      0.03955245982015939,
      0.02630318361535955,
      0.11232279750098628,
      0.072507548203944,
      0.24614831496149736,
      0.057070308836169814,
      0.047672284066229385
    ],
    "calculated_relative_entropy": [
      -0.010645717597269781,
      0.016686457811752747,
      -0.009290677871847383,
      0.0009441577055062256,
      0.001566319901992349,
      0.16590254880439465,
      0.10987639722248405,
      0.6274895577373117,
      -0.015528572044564704,
      -0.007893579004328927
    ],
    "calculated_purity": [
      0.542637825012207,
      0.5597753524780273,
      0.6004228591918945,
      0.5806140899658203,
      0.5612993240356445,
      0.6769275665283203,
      0.6216325759887695,
      0.62420654296875,
      0.6060037612915039,
      0.6216611862182617
    ],
    "noiseless_fidelity": [
      0.9933124888145008,
      0.9983458378713687,
      0.9934777217528503,
      0.9981188742923482,
      0.9973473986789265,
      0.9564176085259026,
      0.9660067877086111,
      0.784246236406648,
      0.9941984037942763,
      0.9914966505670326
    ],
    "noiseless_trace_distance": [
      0.04149447330748432,
      0.007867024518468976,
      0.049327827034003915,
      0.020778841205106396,
      0.011021018127790758,
      0.09450859805398268,
      0.07265952907836658,
      0.21860297951658267,
      0.03670673758220995,
      0.032108562524085435
    ],
    "noiseless_relative_entropy": [
      0.0131330793612663,
      0.005549886487437143,
      0.033354820211865824,
      0.005446273319410874,
      0.007856726052911458,
      0.16595113240942025,
      0.16583255619181003,
      0.6327240798445424,
      0.04809377630048095,
      0.03908395669011691
    ],
    "noiseless_purity": [
      0.522759159576764,
      0.5740456044187572,
      0.5912507232484957,
      0.591059795002929,
      0.5653554129658498,
      0.6772142660599224,
      0.6187045796319077,
      0.6349786247700014,
      0.5696984265812873,
      0.6097237169759449
    ]
  }
}
