{
  "metadata": {
    "n": 2,
    "J": 1.0,
    "h": 0.5,
    "beta": 3.0,
    "ancilla_reps": 1,
    "system_reps": null,
    "optimizer": "IMFIL",
    "min_kwargs": {},
    "shots": 1024
  },
  "metrics": {
    "exact_purity": 0.6514456428594425,
    "calculated_fidelity": [
      0.981349337918803,
      0.9899424593109227,
      0.9875718833523658,
      0.982178109443624,
      0.9345380855407326,
      0.9937248855479489,
      0.9826028718723666,
      0.9902561666531675,
      1.002077069753945,
      0.9769127340948042
    ],
    "calculated_trace_distance": [
      0.1407290759645591,
      0.08387813380774793,
      0.06746714624834291,
      0.08366752715532794,
      0.0969073824722956,
      0.04503295045587315,
      0.09070324395809196,
      0.07587956452431925,
      0.0544555950807554,
      0.10250747285700684
    ],
    "calculated_relative_entropy": [
      0.06412079505878827,
      0.04131807586117342,
      0.05607941346388354,
      0.0941497944374548,
      0.1859161521960856,
      0.025980350834072338,
      0.06838754529785113,
      0.04462320922727279,
      0.007658851250167964,
      0.08526324096350699
    ],
    "calculated_purity": [
      0.5485200881958008,
      0.5653095245361328,
      0.7322216033935547,
      0.7931118011474609,
      0.8617181777954102,
      0.7076187133789062,
      0.7612447738647461,
      0.7686367034912109,
      0.5902643203735352,
      0.7556686401367188
    ],
    "noiseless_fidelity": [
      0.9635769424500598,
      0.9793489954788416,
      0.9773940797363514,
      0.9668633529575978,
      0.926166511797069,
      0.9897824762153511,
      0.9677638350004933,
      0.9710891020610415,
      0.9908356817404506,
      0.9627679898856507
    ],
    "noiseless_trace_distance": [
      0.10486374897373402,
      0.0703069822482287,
      0.0648286153349348,
      0.07235146304783038,
      0.0953066890638437,
      0.03718380783309935,
      0.06912043542965973,
      0.06576897108842363,
      0.04994896208523225,
      0.10140377856355054
    ],
    "noiseless_relative_entropy": [
      0.07244247203908386,
      0.060813039737943025,
      0.0970378789734406,
      0.15211115303011102,
      0.23099628462239677,
      0.031512622141051105,
      1.0256136870927484,
      0.8502582964945087,
      0.019189336417931413,
      0.18051303141524583
    ],
    "noiseless_purity": [
      0.518462077477816,
      0.5553573671078563,
      0.7185752645230323,
      0.7451794934135638,
      0.8693874230757166,
      0.7031750628002097,
      0.7428572250814955,
      0.7531319691771029,
      0.5739579563225938,
      0.73075686112765
    ]
  }
}
