{
  "metadata": {
    "n": 2,
    "J": 1.0,
    "h": 0.5,
    "beta": 4.0,
    "ancilla_reps": 1,
    "system_reps": null,
    "optimizer": "IMFIL",
    "min_kwargs": {},
    "shots": 1024
  },
  "metrics": {
    "exact_purity": 0.7308553090569767,
    "calculated_fidelity": [
      0.9986306954067689,
      1.001206158438963,
      0.9815456463697231,
      0.9776396943340077,
      1.0050114168021014,
      0.785119067879546,
      0.9324326275038008,
      1.0004052747145953,
      0.9928509463456272,
      1.002015175523046
    ],
    "calculated_trace_distance": [
      0.060974940732421254,
      0.038709872679483545,
      0.08118402487666407,
      0.07263314746575143,
      0.023739014448421872,
      0.2926664434373305,
      0.08711780572083624,
      0.04187234736717607,
      0.06217437418268286,
      0.027633804237361757
    ],
    "calculated_relative_entropy": [
      0.021548278194698456,
      0.00444758722630275,
      0.036858663822747655,
      0.06804363402862112,
      -0.0015188116858754052,
      1.5611137959926749,
      0.20653631545268458,
      0.008858903963569637,
      0.034768431512093065,
      0.0019762292134188454
    ],
    "calculated_purity": [
      0.6643753051757812,
      0.7500572204589844,
      0.6434860229492188,
      0.8766794204711914,
      0.7078619003295898,
      0.9791526794433594,
      0.9419450759887695,
      0.7397232055664062,
      0.8187055587768555,
      0.7064714431762695
    ],
    "noiseless_fidelity": [
      0.9843962728658449,
      0.9983845750124641,
      0.9897584344601986,
      0.9612666554829454,
      0.9992314511097328,
      0.7706164474560717,
      0.9077079836399482,
      0.9994242962945051,
      0.9855500989160981,
      0.9989040003876606
    ],
    "noiseless_trace_distance": [
      0.05660779449120115,
      0.019563403376281235,
      0.04697066296148461,
      0.06297732754523949,
      0.012084336446462979,
      0.2805349099568266,
      0.08446232623326522,
      0.008013149372508993,
      0.06180758270686751,
      0.011736718426646614
    ],
    "noiseless_relative_entropy": [
      0.06207552264234252,
      0.006008112592712521,
      0.027115768329384046,
      0.8520110416763982,
      0.0026215199986651117,
      1.6426781151138126,
      0.3278742213175332,
      0.003262012130337208,
      0.057904378051558125,
      0.0032728435663361456
    ],
    "noiseless_purity": [
      0.6402820891423882,
      0.7446531103972379,
      0.6381472660533112,
      0.8829402052245876,
      0.7062223598000925,
      0.9626036347706713,
      0.9603252240121446,
      0.7338508818232024,
      0.8236755585164106,
      0.7089323698266898
    ]
  }
}
