{
  "metadata": {
    "n": 2,
    "J": 1.0,
    "h": 0.5,
    "beta": 5.0,
    "ancilla_reps": 1,
    "system_reps": null,
    "optimizer": "IMFIL",
    "min_kwargs": {},
    "shots": 1024
  },
  "metrics": {
    "exact_purity": 0.8011706484791081,
    "calculated_fidelity": [
      0.9736664301910215,
      0.9955030683578107,
      0.9128607771978718,
      0.7570766820808691,
      0.9106201865159672,
      0.9806435522037743,
      0.9630148976986157,
      1.0061814069900958,
      0.9964000110098101,
      0.9446644661576662
    ],
    "calculated_trace_distance": [
      0.08553227182223888,
      0.05368412779979949,
      0.10241985371609857,
      0.2896586710722726,
      0.10738705281799166,
      0.07368163107244675,
      0.05512217945223261,
      0.05320111319193847,
      0.09114355873816717,
      0.0797844089927929
    ],
    "calculated_relative_entropy": [
      0.10368730124998296,
      0.02688024535390609,
      0.18314220791815827,
      1.1840941568920247,
      0.6525941458722465,
      0.0773101782599748,
      0.10388060070709312,
      0.017036472936465957,
      0.032280992994795865,
      0.26631902205549607
    ],
    "calculated_purity": [
      0.9546060562133789,
      0.9299755096435547,
      0.9798069000244141,
      0.9978218078613281,
      1.022770881652832,
      0.8321294784545898,
      0.92041015625,
      0.9133710861206055,
      0.7025909423828125,
      0.9705419540405273
    ],
    "noiseless_fidelity": [
      0.9330753161861332,
      0.9824915056918743,
      0.9099459659310597,
      0.7805758990302006,
      0.9101628302273834,
      0.9952594881021136,
      0.951539342345463,
      0.9884447741818444,
      0.9808880756109405,
      0.9331651894824486
    ],
    "noiseless_trace_distance": [
      0.061020538091368925,
      0.03924195722683263,
      0.0775570412475558,
      0.27610620484061443,
      0.09069386210935079,
      0.038672091286085106,
      0.04892831958790905,
      0.04208340513334019,
      0.057227913926918506,
      0.06197120915188098
    ],
    "noiseless_relative_entropy": [
      0.2655601503170844,
      0.04264168169595685,
      0.4908529959439336,
      13.846396971928812,
      0.6313192965528154,
      0.034101383766062365,
      0.123194738163652,
      0.03897620673523006,
      0.039734269008489434,
      0.3900854023060221
    ],
    "noiseless_purity": [
      0.9786563112687311,
      0.9113095128870693,
      0.9918648729594839,
      0.9925078132986358,
      0.9883609418400952,
      0.8213189969742806,
      0.9262156116224607,
      0.8897695398894122,
      0.67180310893468,
      0.9833344942378551
    ]
  }
}
