{
  "metadata": {
    "n": 2,
    "J": 1.0,
    "h": 0.5,
    "beta": 1e-10,
    "ancilla_reps": 1,
    "system_reps": null,
    "optimizer": "CRS",
    "min_kwargs": {},
    "shots": 1024
  },
  "metrics": {
    "exact_purity": 0.25,
    "calculated_fidelity": [
      0.9916021925621087,
      0.9959225299112656,
      0.9954269985488521,
      0.9996848029171488,
      0.993764302688865,
      0.9945663432338879,
      0.9982729522159686,
      0.9977615987514589,
      0.9952758523953658,
      0.9982550403580661
    ],
    "calculated_trace_distance": [
      0.04998835662358334,
      0.03523429339077562,
      0.036358369532580856,
      0.01081158967252488,
      0.053299599460966754,
      0.0418305896155821,
      0.025886872954619923,
      0.026035061097555975,
      0.03507842793357712,
      0.02808931248055722
    ],
    "calculated_relative_entropy": [
      0.016939010840528658,
      0.008094510483714623,
      0.009188403657214968,
      0.0006321897261502415,
      0.01237657144405146,
      0.01098114563396291,
      0.0034193801454617083,
      0.004519270784582662,
      0.009510544552580913,
      0.0034562323587476584
    ],
    "calculated_purity": [
      0.2583332061767578,
      0.25421142578125,
      0.25455570220947266,
      0.25031280517578125,
      0.2564878463745117,
      0.25533485412597656,
      0.2517881393432617,
      0.25218868255615234,
      0.25467872619628906,
      0.2518043518066406
    ],
    "noiseless_fidelity": [
      0.9992079206768191,
      0.9979594517308491,
      0.9996402393375338,
      0.9999784969863393,
      0.9998889733016302,
      0.9998065062496709,
      0.9998278602426187,
      0.9999462214177519,
      0.9992756124568969,
      0.9998765662232296
    ],
    "noiseless_trace_distance": [
      0.011577138184396053,
      0.019796769843476177,
      0.007551050693446504,
      0.0015740118767781628,
      0.0033871917282418174,
      0.004837152149316431,
      0.0050548653410399155,
      0.002562741165036484,
      0.009131264505009416,
      0.0030387191717861912
    ],
    "noiseless_relative_entropy": [
      0.0015927053353792815,
      0.004088097832764863,
      0.0007197220621115458,
      4.302232340171533e-05,
      0.00022216012804075107,
      0.0003870472215505953,
      0.00034432698453046567,
      0.00010759666297204548,
      0.001449663484895676,
      0.0002468977483251356
    ],
    "noiseless_purity": [
      0.2507809452915631,
      0.2520410788152336,
      0.25035983487408486,
      0.2500214796368265,
      0.25011089366447076,
      0.25019350940479834,
      0.2501721514331988,
      0.25005372565169626,
      0.2507244289477269,
      0.2501234195281152
    ]
  }
}
