{
  "metadata": {
    "n": 2,
    "J": 1.0,
    "h": 0.5,
    "beta": 0.2,
    "ancilla_reps": 1,
    "system_reps": null,
    "optimizer": "CRS",
    "min_kwargs": {},
    "shots": 1024
  },
  "metrics": {
    "exact_purity": 0.2644755136790756,
    "calculated_fidelity": [
      0.997301880734712,
      0.9928480799298791,
      0.9974197543696923,
      0.9953169758517172,
      0.9938430098474642,
      0.9948151738972,
      0.9894384825971708,
      0.9959268809221351,
      0.9878022113314274,
      0.9943931198785755
    ],
    "calculated_trace_distance": [
      0.03027015559939196,
      0.04509659399250226,
      0.025327669051273354,
      0.04664920683229075,
      0.0478813130153766,
      0.03612480636531605,
      0.04992242378032062,
      0.030535571935206927,
      0.06106534236449147,
      0.04021647282843922
    ],
    "calculated_relative_entropy": [
      0.00549546950089955,
      0.014746297521030786,
      0.005169872226031914,
      0.009445773901190654,
      0.012405568407604244,
      0.010680089052242363,
      0.021582678919551297,
      0.008197353627639969,
      0.024960069702975218,
      0.0113014769081829
    ],
    "calculated_purity": [
      0.2670583724975586,
      0.2738323211669922,
      0.26340389251708984,
      0.2786273956298828,
      0.2672271728515625,
      0.2651176452636719,
      0.2630577087402344,
      0.26762866973876953,
      0.26618194580078125,
      0.256927490234375
    ],
    "noiseless_fidelity": [
      0.9977001193831546,
      0.9976771123765168,
      0.9983802933273976,
      0.9984298534886324,
      0.9990735188082223,
      0.9974590542621703,
      0.9886724253714776,
      0.9981833950841972,
      0.9898775965161725,
      0.9955695929864254
    ],
    "noiseless_trace_distance": [
      0.02296829843925207,
      0.01936478168360345,
      0.019166402865918124,
      0.01598473967707021,
      0.01271669455644667,
      0.016501312273333346,
      0.038255496502068234,
      0.02073233862523536,
      0.05118560600417691,
      0.023401115908678372
    ],
    "noiseless_relative_entropy": [
      0.004646701300295472,
      0.00475263267414985,
      0.003246431514238285,
      0.0031983893417161166,
      0.0018708106747720235,
      0.00515745617789324,
      0.023029726794537658,
      0.0036388502124531583,
      0.020710873034026106,
      0.008804148366279574
    ],
    "noiseless_purity": [
      0.26556068202704636,
      0.2654892807797944,
      0.26376749885316364,
      0.27116125387957657,
      0.2673135897751906,
      0.2627617738958293,
      0.25974118386101797,
      0.25969431278964566,
      0.26243872310857863,
      0.255607563911921
    ]
  }
}
