{
  "metadata": {
    "n": 2,
    "J": 1.0,
    "h": 0.5,
    "beta": 0.5,
    "ancilla_reps": 1,
    "system_reps": null,
    "optimizer": "CRS",
    "min_kwargs": {},
    "shots": 1024
  },
  "metrics": {
    "exact_purity": 0.32622154913908924,
    "calculated_fidelity": [
      0.9953564026195565,
      0.9690019291255719,
      0.9723569466098594,
      0.9951212828084599,
      0.9805190167344656,
      0.9775073399103348,
      0.9841275794858397,
      0.9898640858042173,
      0.9879539857069733,
      0.9796543490720949
    ],
    "calculated_trace_distance": [
      0.036812939167936994,
      0.07638622948113831,
      0.0751524351131339,
      0.04421062587270991,
      0.06176237870018242,
      0.08433455691915201,
      0.07274622918277038,
      0.061636714973189885,
      0.055473911549133365,
      0.05986356979554146
    ],
    "calculated_relative_entropy": [
      0.009636480167953154,
      0.06735329703654148,
      0.05836998067110655,
      0.010323560963995077,
      0.044940179182965403,
      0.045043461184548786,
      0.03500413690082349,
      0.02171302210575561,
      0.024978726328015205,
      0.04232802005445371
    ],
    "calculated_purity": [
      0.32048702239990234,
      0.3325624465942383,
      0.32066822052001953,
      0.32018184661865234,
      0.3481760025024414,
      0.30106353759765625,
      0.3129920959472656,
      0.34713172912597656,
      0.3089418411254883,
      0.29743480682373047
    ],
    "noiseless_fidelity": [
      0.9966695444947191,
      0.9782682481517995,
      0.9710830422705352,
      0.9979864469199039,
      0.9852646863399559,
      0.9794221471065038,
      0.9875786339057536,
      0.9942234868091806,
      0.9887388615435388,
      0.9868608281481913
    ],
    "noiseless_trace_distance": [
      0.029369094232182445,
      0.06528108858959414,
      0.07333367681315342,
      0.02558640832560239,
      0.050496821618107084,
      0.06942441395024056,
      0.03972099612842827,
      0.035922112437648916,
      0.04093554016648078,
      0.03997886925090812
    ],
    "noiseless_relative_entropy": [
      0.006791003766417791,
      0.044271927433863975,
      0.06070213746425438,
      0.004094725858469385,
      0.03251758950979253,
      0.041073513231497646,
      0.026639924466873854,
      0.012239980233940167,
      0.02390221953789113,
      0.02643100263360118
    ],
    "noiseless_purity": [
      0.3176573308122126,
      0.31739857750025446,
      0.3148757187033374,
      0.3125541106189475,
      0.34416393012525026,
      0.29713632054996253,
      0.3154743847895971,
      0.34267925415371164,
      0.3067837859702044,
      0.29754149126823565
    ]
  }
}
