{
  "metadata": {
    "n": 2,
    "J": 1.0,
    "h": 0.5,
    "beta": 0.8,
    "ancilla_reps": 1,
    "system_reps": null,
    "optimizer": "CRS",
    "min_kwargs": {},
    "shots": 1024
  },
  "metrics": {
    "exact_purity": 0.3999261709032876,
    "calculated_fidelity": [
      0.9949502037805317,
      0.9899117702902837,
      0.9678116666916442,
      0.9922919182506516,
      0.9704896283915667,
      0.9791306422813217,
      0.9776301130269861,
      0.996955525609562,
      0.9860473805980388,
      0.9873581789143004
    ],
    "calculated_trace_distance": [
      0.04570008862064142,
      0.05457631603517259,
      0.08753904112595493,
      0.056361358486569146,
      0.10555652060539097,
      0.05796995786305488,
      0.06412990220290735,
      0.03200838651004588,
      0.05192625921524083,
      0.05396679145200264
    ],
    "calculated_relative_entropy": [
      0.013208775307224856,
      0.022690201789123537,
      0.09001624659748399,
      0.016682488288267617,
      0.06715375709142957,
      0.04227068149111023,
      0.054858269244409286,
      0.0066939178984731715,
      0.0301298093182526,
      0.026646139770255164
    ],
    "calculated_purity": [
      0.4024038314819336,
      0.39525604248046875,
      0.4241313934326172,
      0.44357776641845703,
      0.4682607650756836,
      0.3489341735839844,
      0.40773582458496094,
      0.4079875946044922,
      0.3854179382324219,
      0.3707761764526367
    ],
    "noiseless_fidelity": [
      0.9939116437390769,
      0.9907580194218875,
      0.9779819370198326,
      0.9949607093425709,
      0.9763954721518805,
      0.9797892944241872,
      0.9773464599799304,
      0.9983636575976339,
      0.9868273958168491,
      0.9872648648069122
    ],
    "noiseless_trace_distance": [
      0.036297466283815034,
      0.05005391009271279,
      0.06166993217250924,
      0.03163015334412313,
      0.07666374461609747,
      0.0421207657191059,
      0.058445708741750535,
      0.022664100880192717,
      0.04021083029036612,
      0.05312617039908079
    ],
    "noiseless_relative_entropy": [
      0.015192415579072971,
      0.019600603579456574,
      0.059173089803677054,
      0.010481690555174616,
      0.05347746254592204,
      0.03935440902909838,
      0.054690108287867856,
      0.0033498283703775637,
      0.02899416501745558,
      0.02708853936515196
    ],
    "noiseless_purity": [
      0.38827331259440157,
      0.39703895682793,
      0.4204221649810318,
      0.4234075827271263,
      0.47859246752883466,
      0.34883762482456926,
      0.3919882403933608,
      0.38721030939018247,
      0.38631435158132654,
      0.3803840391377928
    ]
  }
}
