{
  "metadata": {
    "n": 2,
    "J": 1.0,
    "h": 0.5,
    "beta": 1.0,
    "ancilla_reps": 1,
    "system_reps": null,
    "optimizer": "CRS",
    "min_kwargs": {},
    "shots": 1024
  },
  "metrics": {
    "exact_purity": 0.4423502848609148,
    "calculated_fidelity": [
      0.9915750364209478,
      0.9702594974839179,
      0.982012462788232,
      0.9591505426647214,
      0.988668609961916,
      0.9858291542424473,
      0.9870061904178307,
      0.985651138765891,
      0.9935460551695993,
      0.9796072148776839
    ],
    "calculated_trace_distance": [
      0.038393276060954336,
      0.06474311302094811,
      0.07120698402242834,
      0.06357734657720408,
      0.05664458448695059,
      0.07675927415805678,
      0.0757101581207877,
      0.04598794999873431,
      0.036915582901760946,
      0.046938197935954336
    ],
    "calculated_relative_entropy": [
      0.017147826067778565,
      0.07011569124561753,
      0.043316078587835954,
      0.13374794707612087,
      0.027371858723346743,
      -0.03650621447836348,
      0.029435446658677106,
      0.03131400716932052,
      0.01630161170419341,
      0.046505762937233464
    ],
    "calculated_purity": [
      0.4374256134033203,
      0.4483022689819336,
      0.4699583053588867,
      0.4892416000366211,
      0.45055103302001953,
      0.5398454666137695,
      0.41044044494628906,
      0.43466758728027344,
      0.43608570098876953,
      0.4607839584350586
    ],
    "noiseless_fidelity": [
      0.9897995560567163,
      0.9805237037324182,
      0.9950370985224328,
      0.9914183592169856,
      0.9854316170043164,
      0.9815360118889531,
      0.9983822445426866,
      0.9827726384084505,
      0.9971284453901921,
      0.9846424288852405
    ],
    "noiseless_trace_distance": [
      0.03061835862196484,
      0.060071539481976306,
      0.03962415742875529,
      0.03285177636717054,
      0.045804607192056396,
      0.06415176028264288,
      0.013549065409804148,
      0.037209144347768494,
      0.029269413365644995,
      0.04024957296922829
    ],
    "noiseless_relative_entropy": [
      0.019415728516213756,
      0.051200863556612394,
      0.014156736815707255,
      0.02117408160928553,
      0.03324489745247178,
      0.043323256627074494,
      0.0037461892001376187,
      0.036487938618767334,
      0.006317390121867859,
      0.03457874293317256
    ],
    "noiseless_purity": [
      0.43819826282001106,
      0.45531500840385514,
      0.4453690391531208,
      0.4852658202779254,
      0.4420544757626064,
      0.5243629534133887,
      0.42772303454111815,
      0.43237247874805124,
      0.43150761777806906,
      0.44661658701123874
    ]
  }
}
