{
  "metadata": {
    "n": 2,
    "J": 1.0,
    "h": 0.5,
    "beta": 1.2,
    "ancilla_reps": 1,
    "system_reps": null,
    "optimizer": "CRS",
    "min_kwargs": {},
    "shots": 1024
  },
  "metrics": {
    "exact_purity": 0.47715088918704646,
    "calculated_fidelity": [
      0.9902515887137425,
      0.9905624964440962,
      0.9577978943773049,
      0.9767345011915369,
      0.9908674895395069,
      0.9874120756580876,
      0.9731710293047304,
      0.9788121391840436,
      0.9877589098566161,
      0.9893513994512745
    ],
    "calculated_trace_distance": [
      0.04392180397563043,
      0.052128645696614254,
      0.09922714502745165,
      0.06291876019232233,
      0.0419691106070199,
      0.058934527794756233,
      0.05930124741943531,
      0.0802814065606242,
      0.04188236836203886,
      0.04530261625510191
    ],
    "calculated_relative_entropy": [
      0.0241833973442565,
      0.020851970797305136,
      0.08971862811793638,
      0.10065401527832599,
      0.026078490844961014,
      0.03821418595205189,
      0.05937913040602566,
      0.053114226040399615,
      0.029557262608813136,
      0.03389176903586957
    ],
    "calculated_purity": [
      0.48280811309814453,
      0.4594564437866211,
      0.5597820281982422,
      0.4732685089111328,
      0.49250125885009766,
      0.5197582244873047,
      0.5004405975341797,
      0.44826412200927734,
      0.4737691879272461,
      0.48214244842529297
    ],
    "noiseless_fidelity": [
      0.9958453925883004,
      0.9881193967810777,
      0.9621078851995826,
      0.9945170034732487,
      0.9933195346661737,
      0.9915365980171235,
      0.9946112359339278,
      0.9760122677812907,
      0.9896069619348926,
      0.9930010585735344
    ],
    "noiseless_trace_distance": [
      0.025084407282168944,
      0.05499522885826777,
      0.07356991804250837,
      0.0425089667516441,
      0.019995890400326025,
      0.029319308099972102,
      0.04317079583001687,
      0.06780030207355953,
      0.041160050547279475,
      0.04214962927943145
    ],
    "noiseless_relative_entropy": [
      0.009634236808072232,
      0.02725962426699398,
      0.12860890296931843,
      0.01883966630156328,
      0.015801359540606637,
      0.01773998760608972,
      0.018246810192966298,
      0.05533869600240633,
      0.029806525438995007,
      0.023492536503342584
    ],
    "noiseless_purity": [
      0.47800540776832867,
      0.46520656264614907,
      0.5369708317985471,
      0.46281119928024195,
      0.48786399169715866,
      0.48703109187871596,
      0.49978003357919887,
      0.4338603968438266,
      0.49604273384803516,
      0.4794648017961228
    ]
  }
}
