{
  "metadata": {
    "n": 2,
    "J": 1.0,
    "h": 0.5,
    "beta": 2.0,
    "ancilla_reps": 1,
    "system_reps": null,
    "optimizer": "CRS",
    "min_kwargs": {},
    "shots": 1024
  },
  "metrics": {
    "exact_purity": 0.5677667882613814,
    "calculated_fidelity": [
      0.9850253663723865,
      0.9909814040700208,
      1.0093642613789502,
      0.9835598403996835,
      0.9641345598562047,
      1.0064593948372917,
      0.9929891844404165,
      1.0013315055621,
      0.9508379513924738,
      1.0140365563527753
    ],
    "calculated_trace_distance": [
      0.06698204341101116,
      0.06085865138332065,
      0.06419548928527703,
      0.06443430075611578,
      0.10759316297900622,
      0.03886574757088772,
      0.03980574621364085,
      0.023092959637372353,
      0.10621630499395023,
      0.0844714575964005
    ],
    "calculated_relative_entropy": [
      0.022523302105153784,
      0.0205154309740508,
      -0.01333594905473504,
      0.07215937408397988,
      0.10074913356188936,
      -0.014936286505144183,
      0.00883488639956867,
      -0.008359876141846377,
      0.16491615851892452,
      -0.013271844744799366
    ],
    "calculated_purity": [
      0.6293010711669922,
      0.6149101257324219,
      0.5653924942016602,
      0.5977001190185547,
      0.6621875762939453,
      0.5740451812744141,
      0.6063690185546875,
      0.5727071762084961,
      0.7058467864990234,
      0.5548915863037109
    ],
    "noiseless_fidelity": [
      0.9796920154622534,
      0.992109512107074,
      0.9904745204988485,
      0.9802521066693769,
      0.9551959113804922,
      0.9899945579005358,
      0.9952574900157233,
      0.9989991039864048,
      0.9469790540560831,
      0.9931146734900831
    ],
    "noiseless_trace_distance": [
      0.05184440306219846,
      0.0440936193366582,
      0.035818808605334,
      0.06584594224515937,
      0.07953548788698028,
      0.022998136576196496,
      0.03046228706822217,
      0.010891818757112669,
      0.10260771770319672,
      0.04466348574329575
    ],
    "noiseless_relative_entropy": [
      0.040556860377556944,
      0.03076047748618356,
      0.02994265880933783,
      0.07179711567105476,
      1.5291732467583206,
      0.3134710314404412,
      0.010230647251073938,
      0.003933657364623908,
      0.1776529687691315,
      0.016904454071648575
    ],
    "noiseless_purity": [
      0.6421692603821904,
      0.60604338169006,
      0.5374965328993153,
      0.5873487610982472,
      0.6532747294949901,
      0.5601580968825496,
      0.5996367899510814,
      0.5640586787882462,
      0.7055361341426428,
      0.5285263800134463
    ]
  }
}
