{
  "metadata": {
    "n": 2,
    "J": 1.0,
    "h": 0.5,
    "beta": 3.0,
    "ancilla_reps": 1,
    "system_reps": null,
    "optimizer": "CRS",
    "min_kwargs": {},
    "shots": 1024
  },
  "metrics": {
    "exact_purity": 0.6514456428594425,
    "calculated_fidelity": [
      1.0033548359326672,
      0.999744126983181,
      1.011392653071575,
      1.0040927512892326,
      0.9525106906589526,
      1.0038245352675186,
      1.0144827939265857,
      1.0110304402409422,
      0.9464462414958813,
      0.9951684529164379
    ],
    "calculated_trace_distance": [
      0.07118105564828868,
      0.06681138967278051,
      0.04030857942381262,
      0.064043969478085,
      0.08703344428530929,
      0.033402263905974706,
      0.03705925757245956,
      0.03638732462789715,
      0.08927978464829188,
      0.07246970618122726
    ],
    "calculated_relative_entropy": [
      0.026394323622998515,
      0.019557987470251587,
      -0.0017878145095484646,
      0.011758611309867304,
      0.1575675058268209,
      -0.0021979054827564043,
      -0.0041060592579133005,
      -0.007936824347464148,
      0.15643702670112275,
      0.02366983447136135
    ],
    "calculated_purity": [
      0.7631101608276367,
      0.7620201110839844,
      0.6591701507568359,
      0.5992231369018555,
      0.8063898086547852,
      0.62384033203125,
      0.6752948760986328,
      0.6847314834594727,
      0.8063335418701172,
      0.7225751876831055
    ],
    "noiseless_fidelity": [
      0.9853794721201401,
      0.992411208434428,
      0.998533072318326,
      0.9910874486793186,
      0.9521845557341735,
      0.9979202767425528,
      0.9976202343915374,
      0.9982840049660159,
      0.9448243223173917,
      0.9950388404793521
    ],
    "noiseless_trace_distance": [
      0.061243938554891006,
      0.033436608233932213,
      0.00835253467991922,
      0.04475025952871198,
      0.08265380218330996,
      0.018215135641674228,
      0.027000384786031062,
      0.015807667177119664,
      0.08660387066455336,
      0.029294553337086554
    ],
    "noiseless_relative_entropy": [
      0.053317922116138505,
      0.02350704717144505,
      0.002810977597175874,
      0.03314272948240701,
      1.1139497726484375,
      0.00817665857702754,
      0.03733079153104091,
      0.03584826768472402,
      0.1652167415147362,
      0.011791758689256492
    ],
    "noiseless_purity": [
      0.7332469159354966,
      0.7137694905706172,
      0.6601601666755857,
      0.5823577606724639,
      0.8167565576740949,
      0.6210508828102145,
      0.634156258879751,
      0.6780690039050431,
      0.8231884079247458,
      0.7100082953471878
    ]
  }
}
