{
  "metadata": {
    "n": 2,
    "J": 1.0,
    "h": 0.5,
    "beta": 4.0,
    "ancilla_reps": 1,
    "system_reps": null,
    "optimizer": "CRS",
    "min_kwargs": {},
    "shots": 1024
  },
  "metrics": {
    "exact_purity": 0.7308553090569767,
    "calculated_fidelity": [
      0.944773852210907,
      1.003852186001306,
      0.9878082433535436,
      0.9994455521802479,
      0.9633226541864185,
      0.9914715985134509,
      0.8535534687802697,
      0.9526783700962819,
      1.01960053393404,
      1.0060109522548355
    ],
    "calculated_trace_distance": [
      0.08191332610403142,
      0.05283531170865603,
      0.08779344381682813,
      0.03429172603386009,
      0.05782136827671038,
      0.04423326909470541,
      0.1371082007740988,
      0.08508220199139212,
      0.048200855186365486,
      0.05393677922087164
    ],
    "calculated_relative_entropy": [
      0.13412703040750085,
      0.014199415576813978,
      0.05787913314819343,
      0.0067813746462442905,
      0.08300482142836944,
      0.041521865877685846,
      0.3015125725821778,
      0.11004472686104942,
      -0.010370275472829336,
      0.005933591538457211
    ],
    "calculated_purity": [
      0.9222211837768555,
      0.8583621978759766,
      0.9276037216186523,
      0.6813297271728516,
      0.847142219543457,
      0.8033990859985352,
      1.0367374420166016,
      0.9089632034301758,
      0.7320241928100586,
      0.8457422256469727
    ],
    "noiseless_fidelity": [
      0.9397285351193809,
      0.9860613342753456,
      0.9456354719401657,
      0.9955797710173737,
      0.9845709289497602,
      0.9822730756491104,
      0.8674729857335376,
      0.9387798650154264,
      0.9947393227220097,
      0.990526727579863
    ],
    "noiseless_trace_distance": [
      0.07396893843518909,
      0.044043855285615136,
      0.0697530060302783,
      0.03326945336195144,
      0.044671115599354994,
      0.04195185185541037,
      0.0928233351859431,
      0.07483838966214901,
      0.025994825571921266,
      0.035081167049961975
    ],
    "noiseless_relative_entropy": [
      0.2809509643442776,
      0.03857362313194673,
      0.22754833790533402,
      0.03282845987785124,
      0.03769433716811599,
      0.04890464369652214,
      0.6511942578617333,
      0.44948621226262603,
      0.15628010372805679,
      0.0199137025699652
    ],
    "noiseless_purity": [
      0.9287143794442875,
      0.8423096023813528,
      0.915205149341,
      0.6783450186490149,
      0.8428323105780814,
      0.7998276397836417,
      0.9953481381644719,
      0.9308708928913706,
      0.6930584614578815,
      0.8164745380932672
    ]
  }
}
