{
  "metadata": {
    "n": 2,
    "J": 1.0,
    "h": 0.5,
    "beta": 5.0,
    "ancilla_reps": 1,
    "system_reps": null,
    "optimizer": "CRS",
    "min_kwargs": {},
    "shots": 1024
  },
  "metrics": {
    "exact_purity": 0.8011706484791081,
    "calculated_fidelity": [
      0.9882682196118715,
      0.9995310083691201,
      1.0003925842024854,
      0.977023751982177,
      1.0015558125400685,
      0.9986649196255292,
      0.9916313120155696,
      1.0132505166006276,
      1.0118648634111316,
      0.9577981260922133
    ],
    "calculated_trace_distance": [
      0.019657349570358827,
      0.035949890973981775,
      0.10238268294735436,
      0.06796693832007794,
      0.05197763100292262,
      0.018370315509992123,
      0.05322216455544934,
      0.08012442392010352,
      0.029264985552351408,
      0.08992140191391185
    ],
    "calculated_relative_entropy": [
      0.024562287476723857,
      0.01436258410357058,
      0.02861801457864037,
      0.08950425822470215,
      0.02751091420387443,
      0.007848509259697586,
      0.047086578651878284,
      0.026624458762955536,
      -0.008356077407766518,
      0.11478152867592537
    ],
    "calculated_purity": [
      0.7857818603515625,
      0.8604793548583984,
      0.7851791381835938,
      0.9480104446411133,
      0.8604898452758789,
      0.830500602722168,
      0.9282665252685547,
      0.8357038497924805,
      0.7813215255737305,
      1.0400276184082031
    ],
    "noiseless_fidelity": [
      0.9960998355453401,
      0.9968831387267135,
      0.9877648053881584,
      0.9664756109280538,
      0.9811545953243411,
      0.9983855148831263,
      0.9708779090244365,
      0.9949293973728933,
      0.9966620671536103,
      0.8996004160287868
    ],
    "noiseless_trace_distance": [
      0.006112376137260494,
      0.017962888171619368,
      0.06627915828304379,
      0.04682877559869246,
      0.04537222724168895,
      0.01666403134833945,
      0.04516232408997661,
      0.03291128380273198,
      0.02104336393023229,
      0.06698778249024542
    ],
    "noiseless_relative_entropy": [
      0.005921898004883602,
      0.01558145302190439,
      0.12879681938306659,
      0.12902463849977863,
      0.046204615998693695,
      0.006836288693765062,
      0.14289426968334867,
      0.02338421021119136,
      0.007115870907100592,
      0.5330546686842443
    ],
    "noiseless_purity": [
      0.789238172863298,
      0.8426926017954925,
      0.749992231159595,
      0.9220807093702033,
      0.8409465769753548,
      0.8356823166039338,
      0.9227111545077864,
      0.7845078759564857,
      0.7495274499767581,
      0.9981766392974978
    ]
  }
}
