{
  "metrics": {
    "exact_purity": 0.1490311604153375,
    "calculated_fidelity": [
      0.9195780367320765
    ],
    "calculated_trace_distance": [
      0.11936026622881038
    ],
    "calculated_relative_entropy": [
      0.1732871346423966
    ],
    "calculated_purity": [
      0.19530714091695478
    ],
    "calculated_kullback_leibler_divergence": [
      0.3067763435291018
    ],
    "noiseless_fidelity": [
      0.7244774384934388
    ],
    "noiseless_trace_distance": [
      0.10447383783326353
    ],
    "noiseless_relative_entropy": [
      1.2101239191721689
    ],
    "noiseless_purity": [
      0.2602662290923299
    ],
    "noiseless_kullback_leibler_divergence": [
      1.1422006658588293
    ]
  },
  "metadata": {
    "job_ids": [
      "cfhnhpna7vmuk66gq1fg"
    ],
    "backends": [
      "ibm_nairobi"
    ],
    "n": 3,
    "J": 1,
    "h": 0.5,
    "beta": 0.2,
    "ancilla_reps": 1,
    "system_reps": 2,
    "optimizer": "SPSA",
    "min_kwargs": {
      "maxiter": 300
    },
    "shots": 1024,
    "noise_model": null
  }
}
