{
  "metrics": {
    "exact_purity": 0.45242507480844885,
    "calculated_fidelity": [
      0.7971791522331415
    ],
    "calculated_trace_distance": [
      0.15810175420562456
    ],
    "calculated_relative_entropy": [
      0.3999253835552343
    ],
    "calculated_purity": [
      0.25748862822850643
    ],
    "calculated_kullback_leibler_divergence": [
      0.12775311076509266
    ],
    "noiseless_fidelity": [
      0.9714275376243713
    ],
    "noiseless_trace_distance": [
      0.07239333609796945
    ],
    "noiseless_relative_entropy": [
      0.11373327080229363
    ],
    "noiseless_purity": [
      0.49117004002435904
    ],
    "noiseless_kullback_leibler_divergence": [
      0.033121767098131784
    ]
  },
  "metadata": {
    "job_ids": [
      "cfhnhq79l8pd7bq0ikg0"
    ],
    "backends": [
      "ibm_nairobi"
    ],
    "n": 3,
    "J": 1,
    "h": 0.5,
    "beta": 1,
    "ancilla_reps": 1,
    "system_reps": 2,
    "optimizer": "SPSA",
    "min_kwargs": {
      "maxiter": 300
    },
    "shots": 1024,
    "noise_model": null
  }
}
