{
  "metrics": {
    "exact_purity": 0.4776975316760884,
    "calculated_fidelity": [
      0.7703611310705683
    ],
    "calculated_trace_distance": [
      0.21612763195834334
    ],
    "calculated_relative_entropy": [
      0.435430844600142
    ],
    "calculated_purity": [
      0.2928955889778382
    ],
    "calculated_kullback_leibler_divergence": [
      0.2401833062941453
    ],
    "noiseless_fidelity": [
      0.9565936470178665
    ],
    "noiseless_trace_distance": [
      0.13758336947028654
    ],
    "noiseless_relative_entropy": [
      0.14275900580130826
    ],
    "noiseless_purity": [
      0.5108850194331418
    ],
    "noiseless_kullback_leibler_divergence": [
      0.020290855824255993
    ]
  },
  "metadata": {
    "job_ids": [
      "cfhnhqdrc8da01sehk70"
    ],
    "backends": [
      "ibm_nairobi"
    ],
    "n": 3,
    "J": 1,
    "h": 0.5,
    "beta": 1.2,
    "ancilla_reps": 1,
    "system_reps": 2,
    "optimizer": "SPSA",
    "min_kwargs": {
      "maxiter": 300
    },
    "shots": 1024,
    "noise_model": null
  }
}
