{
  "metrics": {
    "exact_purity": 0.5082516505507471,
    "calculated_fidelity": [
      0.5472729027215258
    ],
    "calculated_trace_distance": [
      0.3382188234996726
    ],
    "calculated_relative_entropy": [
      0.7937761416715734
    ],
    "calculated_purity": [
      0.28585220928545424
    ],
    "calculated_kullback_leibler_divergence": [
      0.35063649046405787
    ],
    "noiseless_fidelity": [
      0.6525470578595656
    ],
    "noiseless_trace_distance": [
      0.34617584251039074
    ],
    "noiseless_relative_entropy": [
      1.2703986304858947
    ],
    "noiseless_purity": [
      0.8171467296677087
    ],
    "noiseless_kullback_leibler_divergence": [
      0.5574246581030502
    ]
  },
  "metadata": {
    "job_ids": [
      "cfhnhqgaqp204hhc4tsg"
    ],
    "backends": [
      "ibm_nairobi"
    ],
    "n": 3,
    "J": 1,
    "h": 0.5,
    "beta": 3,
    "ancilla_reps": 1,
    "system_reps": 2,
    "optimizer": "SPSA",
    "min_kwargs": {
      "maxiter": 300
    },
    "shots": 1024,
    "noise_model": null
  }
}
