{
  "metrics": {
    "exact_purity": 0.522570105217619,
    "calculated_fidelity": [
      0.5207102268613776
    ],
    "calculated_trace_distance": [
      0.26437719587250796
    ],
    "calculated_relative_entropy": [
      0.746630446760955
    ],
    "calculated_purity": [
      0.2056978784593542
    ],
    "calculated_kullback_leibler_divergence": [
      0.4039213988237893
    ],
    "noiseless_fidelity": [
      0.9845426788767218
    ],
    "noiseless_trace_distance": [
      0.0844962968303989
    ],
    "noiseless_relative_entropy": [
      0.04027732290868859
    ],
    "noiseless_purity": [
      0.497825088078258
    ],
    "noiseless_kullback_leibler_divergence": [
      0.02367939339855779
    ]
  },
  "metadata": {
    "job_ids": [
      "cfhnhr35aiqr6rm5p0lg"
    ],
    "backends": [
      "ibm_nairobi"
    ],
    "n": 3,
    "J": 1,
    "h": 0.5,
    "beta": 5,
    "ancilla_reps": 1,
    "system_reps": 2,
    "optimizer": "SPSA",
    "min_kwargs": {
      "maxiter": 300
    },
    "shots": 1024,
    "noise_model": null
  }
}
