{
  "metrics": {
    "exact_purity": 0.125,
    "calculated_fidelity": [
      0.952104058983642
    ],
    "calculated_trace_distance": [
      0.08257047545296077
    ],
    "calculated_relative_entropy": [
      0.09722370637649476
    ],
    "calculated_purity": [
      0.15136829423315795
    ],
    "calculated_kullback_leibler_divergence": [
      0.07033894306981579
    ],
    "noiseless_fidelity": [
      0.9205728899521388
    ],
    "noiseless_trace_distance": [
      0.09114941958077406
    ],
    "noiseless_relative_entropy": [
      0.16583585656102054
    ],
    "noiseless_purity": [
      0.16850948535621568
    ],
    "noiseless_kullback_leibler_divergence": [
      0.16583585648743168
    ]
  },
  "metadata": {
    "job_ids": [
      "cff2crfa7vmukq1t1ocg"
    ],
    "backends": [
      "ibmq_jakarta"
    ],
    "n": 3,
    "J": 1,
    "h": 0.5,
    "beta": 1e-10,
    "ancilla_reps": 1,
    "system_reps": 2,
    "optimizer": "SPSA",
    "min_kwargs": {
      "maxiter": 300
    },
    "shots": 1024,
    "noise_model": null
  }
}
