{
  "metrics": {
    "exact_purity": 0.1490311604153375,
    "calculated_fidelity": [
      0.9516693287473489
    ],
    "calculated_trace_distance": [
      0.0992973913364872
    ],
    "calculated_relative_entropy": [
      0.10916169823246435
    ],
    "calculated_purity": [
      0.1742166472070018
    ],
    "calculated_kullback_leibler_divergence": [
      0.03875680887188318
    ],
    "noiseless_fidelity": [
      0.8292113600135346
    ],
    "noiseless_trace_distance": [
      0.10246008457658295
    ],
    "noiseless_relative_entropy": [
      0.8897191533974896
    ],
    "noiseless_purity": [
      0.22080778660100428
    ],
    "noiseless_kullback_leibler_divergence": [
      0.6534776303742567
    ]
  },
  "metadata": {
    "job_ids": [
      "cff2crna7vmukq1t1ofg"
    ],
    "backends": [
      "ibmq_jakarta"
    ],
    "n": 3,
    "J": 1,
    "h": 0.5,
    "beta": 0.2,
    "ancilla_reps": 1,
    "system_reps": 2,
    "optimizer": "SPSA",
    "min_kwargs": {
      "maxiter": 300
    },
    "shots": 1024,
    "noise_model": null
  }
}
