{
  "metrics": {
    "exact_purity": 0.27695519291630366,
    "calculated_fidelity": [
      0.8586681823399334
    ],
    "calculated_trace_distance": [
      0.19445131834067952
    ],
    "calculated_relative_entropy": [
      0.35037157647150374
    ],
    "calculated_purity": [
      0.22491824774094646
    ],
    "calculated_kullback_leibler_divergence": [
      0.03408432467421113
    ],
    "noiseless_fidelity": [
      0.7752699903740975
    ],
    "noiseless_trace_distance": [
      0.1621488253566917
    ],
    "noiseless_relative_entropy": [
      1.3357708853133434
    ],
    "noiseless_purity": [
      0.48065010505968936
    ],
    "noiseless_kullback_leibler_divergence": [
      1.0126907645183574
    ]
  },
  "metadata": {
    "job_ids": [
      "cff2crgaqp2ana0vllu0"
    ],
    "backends": [
      "ibmq_jakarta"
    ],
    "n": 3,
    "J": 1,
    "h": 0.5,
    "beta": 0.5,
    "ancilla_reps": 1,
    "system_reps": 2,
    "optimizer": "SPSA",
    "min_kwargs": {
      "maxiter": 300
    },
    "shots": 1024,
    "noise_model": null
  }
}
