{
  "metrics": {
    "exact_purity": 0.40478756142181577,
    "calculated_fidelity": [
      0.799976312469134
    ],
    "calculated_trace_distance": [
      0.21788902580580533
    ],
    "calculated_relative_entropy": [
      0.3996274368504137
    ],
    "calculated_purity": [
      0.2237809381367257
    ],
    "calculated_kullback_leibler_divergence": [
      0.3371535258689159
    ],
    "noiseless_fidelity": [
      0.9344730436629926
    ],
    "noiseless_trace_distance": [
      0.11439395158216328
    ],
    "noiseless_relative_entropy": [
      0.15590134300368513
    ],
    "noiseless_purity": [
      0.40065592973574216
    ],
    "noiseless_kullback_leibler_divergence": [
      0.05752167592928929
    ]
  },
  "metadata": {
    "job_ids": [
      "cff2crr5aiqu3vr79eu0"
    ],
    "backends": [
      "ibmq_jakarta"
    ],
    "n": 3,
    "J": 1,
    "h": 0.5,
    "beta": 0.8,
    "ancilla_reps": 1,
    "system_reps": 2,
    "optimizer": "SPSA",
    "min_kwargs": {
      "maxiter": 300
    },
    "shots": 1024,
    "noise_model": null
  }
}
