{
  "metrics": {
    "exact_purity": 0.45242507480844885,
    "calculated_fidelity": [
      0.78327952657503
    ],
    "calculated_trace_distance": [
      0.23079229724449124
    ],
    "calculated_relative_entropy": [
      0.5012176041530999
    ],
    "calculated_purity": [
      0.3009129041506929
    ],
    "calculated_kullback_leibler_divergence": [
      0.18247600263380057
    ],
    "noiseless_fidelity": [
      0.9434917953748966
    ],
    "noiseless_trace_distance": [
      0.13319040364905113
    ],
    "noiseless_relative_entropy": [
      0.16895048492959117
    ],
    "noiseless_purity": [
      0.5202353137942808
    ],
    "noiseless_kullback_leibler_divergence": [
      0.05029912118357541
    ]
  },
  "metadata": {
    "job_ids": [
      "cff2cs0aqp2ana0vlm2g"
    ],
    "backends": [
      "ibmq_jakarta"
    ],
    "n": 3,
    "J": 1,
    "h": 0.5,
    "beta": 1,
    "ancilla_reps": 1,
    "system_reps": 2,
    "optimizer": "SPSA",
    "min_kwargs": {
      "maxiter": 300
    },
    "shots": 1024,
    "noise_model": null
  }
}
