{
  "metrics": {
    "exact_purity": 0.5082516505507471,
    "calculated_fidelity": [
      0.5433913799979072
    ],
    "calculated_trace_distance": [
      0.3616700682321924
    ],
    "calculated_relative_entropy": [
      0.9010329878091217
    ],
    "calculated_purity": [
      0.34965927218213555
    ],
    "calculated_kullback_leibler_divergence": [
      0.3878803397448517
    ],
    "noiseless_fidelity": [
      0.5681069129931421
    ],
    "noiseless_trace_distance": [
      0.37852110384829724
    ],
    "noiseless_relative_entropy": [
      1.686842300497666
    ],
    "noiseless_purity": [
      0.884378737663277
    ],
    "noiseless_kullback_leibler_divergence": [
      0.7436882523215494
    ]
  },
  "metadata": {
    "job_ids": [
      "cff2csn9l8pf2dfr49ag"
    ],
    "backends": [
      "ibmq_jakarta"
    ],
    "n": 3,
    "J": 1,
    "h": 0.5,
    "beta": 3,
    "ancilla_reps": 1,
    "system_reps": 2,
    "optimizer": "SPSA",
    "min_kwargs": {
      "maxiter": 300
    },
    "shots": 1024,
    "noise_model": null
  }
}
