{
  "metrics": {
    "exact_purity": 0.522570105217619,
    "calculated_fidelity": [
      0.6447080296399733
    ],
    "calculated_trace_distance": [
      0.3481975080109203
    ],
    "calculated_relative_entropy": [
      0.6403786812179257
    ],
    "calculated_purity": [
      0.3418392431500795
    ],
    "calculated_kullback_leibler_divergence": [
      0.3937182387624444
    ],
    "noiseless_fidelity": [
      0.6486127437251712
    ],
    "noiseless_trace_distance": [
      0.36542601370954075
    ],
    "noiseless_relative_entropy": [
      1.0297784322736705
    ],
    "noiseless_purity": [
      0.8329665939408849
    ],
    "noiseless_kullback_leibler_divergence": [
      0.4139919230046421
    ]
  },
  "metadata": {
    "job_ids": [
      "cff2ctb5aiqu3vr79fc0"
    ],
    "backends": [
      "ibmq_jakarta"
    ],
    "n": 3,
    "J": 1,
    "h": 0.5,
    "beta": 5,
    "ancilla_reps": 1,
    "system_reps": 2,
    "optimizer": "SPSA",
    "min_kwargs": {
      "maxiter": 300
    },
    "shots": 1024,
    "noise_model": null
  }
}
