{"one_qubit_t1": 0.000499875020830709, "one_qubit_t2": 0.0002499375104153545, "one_qubit_depo": 0.0001, "two_qubit_t1": 0.000999500166624978, "two_qubit_t2": 0.000499750083312489, "two_qubit_depo": 0.001, "readout": 0.001}