{
  "metadata": {
    "n": 2,
    "J": 1.0,
    "h": 0.5,
    "beta": 1e-10,
    "ancilla_reps": 1,
    "system_reps": null,
    "optimizer": "SNOBFIT",
    "min_kwargs": {},
    "shots": 1024
  },
  "metrics": {
    "exact_purity": 0.25,
    "calculated_fidelity": [
      0.9895643538092063
    ],
    "calculated_trace_distance": [
      0.05908195898260376
    ],
    "calculated_relative_entropy": [
      0.02114878793794386
    ],
    "calculated_purity": [
      0.2603416442871094
    ],
    "noiseless_fidelity": [
      0.9889417571916189
    ],
    "noiseless_trace_distance": [
      0.050245702214288326
    ],
    "noiseless_relative_entropy": [
      0.022569854277494753
    ],
    "noiseless_purity": [
      0.26074964331683975
    ]
  }
}
