{
  "metadata": {
    "n": 2,
    "J": 1.0,
    "h": 0.5,
    "beta": 0.8,
    "ancilla_reps": 1,
    "system_reps": null,
    "optimizer": "SNOBFIT",
    "min_kwargs": {},
    "shots": 1024
  },
  "metrics": {
    "exact_purity": 0.3999261709032876,
    "calculated_fidelity": [
      0.9048172305173886
    ],
    "calculated_trace_distance": [
      0.12451578218710987
    ],
    "calculated_relative_entropy": [
      0.1957605683268553
    ],
    "calculated_purity": [
      0.4530305862426758
    ],
    "noiseless_fidelity": [
      0.9530327405422385
    ],
    "noiseless_trace_distance": [
      0.07517122485579633
    ],
    "noiseless_relative_entropy": [
      0.12327782518313096
    ],
    "noiseless_purity": [
      0.4242417498754716
    ]
  }
}
