{
  "metadata": {
    "n": 2,
    "J": 1.0,
    "h": 0.5,
    "beta": 1.0,
    "ancilla_reps": 1,
    "system_reps": null,
    "optimizer": "SNOBFIT",
    "min_kwargs": {},
    "shots": 1024
  },
  "metrics": {
    "exact_purity": 0.4423502848609148,
    "calculated_fidelity": [
      0.922304674038911
    ],
    "calculated_trace_distance": [
      0.1525479328262041
    ],
    "calculated_relative_entropy": [
      0.1983809465886159
    ],
    "calculated_purity": [
      0.5659599304199219
    ],
    "noiseless_fidelity": [
      0.9553918754915249
    ],
    "noiseless_trace_distance": [
      0.10623352376629855
    ],
    "noiseless_relative_entropy": [
      0.09818181461062503
    ],
    "noiseless_purity": [
      0.5699845196460093
    ]
  }
}
