{
  "metadata": {
    "n": 2,
    "J": 1.0,
    "h": 0.5,
    "beta": 2.0,
    "ancilla_reps": 1,
    "system_reps": null,
    "optimizer": "SNOBFIT",
    "min_kwargs": {},
    "shots": 1024
  },
  "metrics": {
    "exact_purity": 0.5677667882613814,
    "calculated_fidelity": [
      0.9465119788848197
    ],
    "calculated_trace_distance": [
      0.13909456381912114
    ],
    "calculated_relative_entropy": [
      0.223341232665485
    ],
    "calculated_purity": [
      0.645050048828125
    ],
    "noiseless_fidelity": [
      0.9410124058459214
    ],
    "noiseless_trace_distance": [
      0.10933009854230456
    ],
    "noiseless_relative_entropy": [
      0.21016051253684875
    ],
    "noiseless_purity": [
      0.6327122314919841
    ]
  }
}
