{
  "metadata": {
    "n": 2,
    "J": 1.0,
    "h": 0.5,
    "beta": 4.0,
    "ancilla_reps": 1,
    "system_reps": null,
    "optimizer": "SNOBFIT",
    "min_kwargs": {},
    "shots": 1024
  },
  "metrics": {
    "exact_purity": 0.7308553090569767,
    "calculated_fidelity": [
      0.9549150165335767
    ],
    "calculated_trace_distance": [
      0.11940207811177955
    ],
    "calculated_relative_entropy": [
      0.13973268283581136
    ],
    "calculated_purity": [
      0.9132137298583984
    ],
    "noiseless_fidelity": [
      0.9481003135376922
    ],
    "noiseless_trace_distance": [
      0.11364816601817883
    ],
    "noiseless_relative_entropy": [
      0.5956217486873012
    ],
    "noiseless_purity": [
      0.89631019153885
    ]
  }
}
