{
  "metrics": {
    "exact_purity": 0.125,
    "calculated_fidelity": [
      0.9452024420560415
    ],
    "calculated_trace_distance": [
      0.10251410850475363
    ],
    "calculated_relative_entropy": [
      0.11439366329010722
    ],
    "calculated_purity": [
      0.15325316676387163
    ],
    "calculated_kullback_leibler_divergence": [
      0.03242514561539435
    ],
    "noiseless_fidelity": [
      0.9887411705485251
    ],
    "noiseless_trace_distance": [
      0.03029717059370238
    ],
    "noiseless_relative_entropy": [
      0.022877856699941038
    ],
    "noiseless_purity": [
      0.13055976678105752
    ],
    "noiseless_kullback_leibler_divergence": [
      0.022877856658528206
    ]
  },
  "metadata": {
    "job_ids": [
      "cff2d0oupmfpdhktqad0"
    ],
    "backends": [
      "ibm_perth"
    ],
    "n": 3,
    "J": 1,
    "h": 0.5,
    "beta": 1e-10,
    "ancilla_reps": 1,
    "system_reps": 2,
    "optimizer": "SPSA",
    "min_kwargs": {
      "maxiter": 300
    },
    "shots": 1024,
    "noise_model": null
  }
}
