{
  "metrics": {
    "exact_purity": 0.1490311604153375,
    "calculated_fidelity": [
      0.9102185719117141
    ],
    "calculated_trace_distance": [
      0.11922006475799253
    ],
    "calculated_relative_entropy": [
      0.19779956066024573
    ],
    "calculated_purity": [
      0.16001902686225122
    ],
    "calculated_kullback_leibler_divergence": [
      0.04244587899370842
    ],
    "noiseless_fidelity": [
      0.8042802205011
    ],
    "noiseless_trace_distance": [
      0.10285283932303407
    ],
    "noiseless_relative_entropy": [
      0.5572430035166961
    ],
    "noiseless_purity": [
      0.19608579722400676
    ],
    "noiseless_kullback_leibler_divergence": [
      0.3221985807703349
    ]
  },
  "metadata": {
    "job_ids": [
      "cff2d1va7vmukq1t1qvg"
    ],
    "backends": [
      "ibm_perth"
    ],
    "n": 3,
    "J": 1,
    "h": 0.5,
    "beta": 0.2,
    "ancilla_reps": 1,
    "system_reps": 2,
    "optimizer": "SPSA",
    "min_kwargs": {
      "maxiter": 300
    },
    "shots": 1024,
    "noise_model": null
  }
}
