{
  "metrics": {
    "exact_purity": 0.27695519291630366,
    "calculated_fidelity": [
      0.7075205774990634
    ],
    "calculated_trace_distance": [
      0.22107948092331295
    ],
    "calculated_relative_entropy": [
      0.687908636835114
    ],
    "calculated_purity": [
      0.19997696817657168
    ],
    "calculated_kullback_leibler_divergence": [
      0.21012445180606787
    ],
    "noiseless_fidelity": [
      0.782909685661325
    ],
    "noiseless_trace_distance": [
      0.10851839150533718
    ],
    "noiseless_relative_entropy": [
      1.6777116291437744
    ],
    "noiseless_purity": [
      0.48178171400982983
    ],
    "noiseless_kullback_leibler_divergence": [
      1.0853515569443417
    ]
  },
  "metadata": {
    "job_ids": [
      "cff2d20upmfpdhktqao0"
    ],
    "backends": [
      "ibm_perth"
    ],
    "n": 3,
    "J": 1,
    "h": 0.5,
    "beta": 0.5,
    "ancilla_reps": 1,
    "system_reps": 2,
    "optimizer": "SPSA",
    "min_kwargs": {
      "maxiter": 300
    },
    "shots": 1024,
    "noise_model": null
  }
}
