{
  "metrics": {
    "exact_purity": 0.40478756142181577,
    "calculated_fidelity": [
      0.6251944609732049
    ],
    "calculated_trace_distance": [
      0.2691015073925257
    ],
    "calculated_relative_entropy": [
      0.8452416476548201
    ],
    "calculated_purity": [
      0.19381759784839847
    ],
    "calculated_kullback_leibler_divergence": [
      0.7540522587720725
    ],
    "noiseless_fidelity": [
      0.9398905056580683
    ],
    "noiseless_trace_distance": [
      0.061514591624791365
    ],
    "noiseless_relative_entropy": [
      0.2964814140305776
    ],
    "noiseless_purity": [
      0.4756398681478071
    ],
    "noiseless_kullback_leibler_divergence": [
      0.12279938436845378
    ]
  },
  "metadata": {
    "job_ids": [
      "cff2d2fa7vmukq1t1r3g"
    ],
    "backends": [
      "ibm_perth"
    ],
    "n": 3,
    "J": 1,
    "h": 0.5,
    "beta": 0.8,
    "ancilla_reps": 1,
    "system_reps": 2,
    "optimizer": "SPSA",
    "min_kwargs": {
      "maxiter": 300
    },
    "shots": 1024,
    "noise_model": null
  }
}
