{
  "metrics": {
    "exact_purity": 0.45242507480844885,
    "calculated_fidelity": [
      0.6636017022291242
    ],
    "calculated_trace_distance": [
      0.24021509230711077
    ],
    "calculated_relative_entropy": [
      0.7729649134589658
    ],
    "calculated_purity": [
      0.30755927238935377
    ],
    "calculated_kullback_leibler_divergence": [
      0.30599446527956875
    ],
    "noiseless_fidelity": [
      0.8355757004230622
    ],
    "noiseless_trace_distance": [
      0.22878554207917665
    ],
    "noiseless_relative_entropy": [
      0.532838202883592
    ],
    "noiseless_purity": [
      0.6404998486448436
    ],
    "noiseless_kullback_leibler_divergence": [
      0.27480484004925837
    ]
  },
  "metadata": {
    "job_ids": [
      "cff2d28upmfpdhktqaug"
    ],
    "backends": [
      "ibm_perth"
    ],
    "n": 3,
    "J": 1,
    "h": 0.5,
    "beta": 1,
    "ancilla_reps": 1,
    "system_reps": 2,
    "optimizer": "SPSA",
    "min_kwargs": {
      "maxiter": 300
    },
    "shots": 1024,
    "noise_model": null
  }
}
