{
  "metrics": {
    "exact_purity": 0.4776975316760884,
    "calculated_fidelity": [
      0.6326732636701928
    ],
    "calculated_trace_distance": [
      0.3130678983432376
    ],
    "calculated_relative_entropy": [
      0.8852521350880935
    ],
    "calculated_purity": [
      0.29016783208022967
    ],
    "calculated_kullback_leibler_divergence": [
      0.6210042384938239
    ],
    "noiseless_fidelity": [
      0.9536335829771115
    ],
    "noiseless_trace_distance": [
      0.12875895103274593
    ],
    "noiseless_relative_entropy": [
      0.16734664042130645
    ],
    "noiseless_purity": [
      0.4934741631043114
    ],
    "noiseless_kullback_leibler_divergence": [
      0.028922204066175582
    ]
  },
  "metadata": {
    "job_ids": [
      "cff2d2n9l8pf2dfr4b3g"
    ],
    "backends": [
      "ibm_perth"
    ],
    "n": 3,
    "J": 1,
    "h": 0.5,
    "beta": 1.2,
    "ancilla_reps": 1,
    "system_reps": 2,
    "optimizer": "SPSA",
    "min_kwargs": {
      "maxiter": 300
    },
    "shots": 1024,
    "noise_model": null
  }
}
