{
  "metrics": {
    "exact_purity": 0.5024484093498863,
    "calculated_fidelity": [
      0.3535383230373506
    ],
    "calculated_trace_distance": [
      0.37644080751620795
    ],
    "calculated_relative_entropy": [
      1.6749701216060289
    ],
    "calculated_purity": [
      0.3076233334011509
    ],
    "calculated_kullback_leibler_divergence": [
      0.4096680848781884
    ],
    "noiseless_fidelity": [
      0.17110078781365815
    ],
    "noiseless_trace_distance": [
      0.654501634641653
    ],
    "noiseless_relative_entropy": [
      7.246123668668832
    ],
    "noiseless_purity": [
      0.9467200778108038
    ],
    "noiseless_kullback_leibler_divergence": [
      1.0491481894097003
    ]
  },
  "metadata": {
    "job_ids": [
      "cff2d35rc8d9f823uurg"
    ],
    "backends": [
      "ibm_perth"
    ],
    "n": 3,
    "J": 1,
    "h": 0.5,
    "beta": 2,
    "ancilla_reps": 1,
    "system_reps": 2,
    "optimizer": "SPSA",
    "min_kwargs": {
      "maxiter": 300
    },
    "shots": 1024,
    "noise_model": null
  }
}
