{
  "metrics": {
    "exact_purity": 0.522570105217619,
    "calculated_fidelity": [
      0.5156613072833814
    ],
    "calculated_trace_distance": [
      0.4033057133107569
    ],
    "calculated_relative_entropy": [
      1.0744476741156974
    ],
    "calculated_purity": [
      0.3995233700599205
    ],
    "calculated_kullback_leibler_divergence": [
      0.3277372322212497
    ],
    "noiseless_fidelity": [
      0.4616955292828572
    ],
    "noiseless_trace_distance": [
      0.41652408667404356
    ],
    "noiseless_relative_entropy": [
      2.939611003265668
    ],
    "noiseless_purity": [
      0.9717161499417295
    ],
    "noiseless_kullback_leibler_divergence": [
      1.097880477294158
    ]
  },
  "metadata": {
    "job_ids": [
      "cff2d435aiqu3vr79hr0"
    ],
    "backends": [
      "ibm_perth"
    ],
    "n": 3,
    "J": 1,
    "h": 0.5,
    "beta": 5,
    "ancilla_reps": 1,
    "system_reps": 2,
    "optimizer": "SPSA",
    "min_kwargs": {
      "maxiter": 300
    },
    "shots": 1024,
    "noise_model": null
  }
}
