{
  "metrics": {
    "exact_purity": 0.3482450223805722,
    "calculated_fidelity": [
      0.9568428163283795,
      0.9543041268992561,
      0.9475046819274843,
      0.9611827115668713,
      0.9416840190892577,
      0.9520738576066151,
      0.9612144929090123,
      0.9499049681570213,
      0.9541137217761265,
      0.9597051997531605
    ],
    "calculated_trace_distance": [
      0.07473206320292512,
      0.0771905817760493,
      0.06190706243937882,
      0.12923111793108621,
      0.06022909219465682,
      0.05877039233662999,
      0.05700956377511042,
      0.05957822550493411,
      0.06873198655872846,
      0.09034834739206792
    ],
    "calculated_relative_entropy": [
      0.00542942139913383,
      0.05023927451620975,
      0.04816729905554569,
      0.010056022055843342,
      0.05184700762580874,
      0.04789066566899732,
      0.018535832177565263,
      0.027376519575540118,
      0.006738759334776821,
      -0.020887986571534314
    ],
    "calculated_purity": [
      0.4058245103806257,
      0.32048177905380726,
      0.37799857184290886,
      0.4024765435606241,
      0.3403709828853607,
      0.37346453964710236,
      0.37559193558990955,
      0.35664316080510616,
      0.39555488899350166,
      0.42961144633591175
    ],
    "calculated_kullback_leibler_divergence": [
      0.06368758624155989,
      0.01961311733578687,
      Infinity,
      Infinity,
      0.01981699681082825,
      0.031220700856870568,
      Infinity,
      0.027654291060935608,
      0.042496049787837366,
      Infinity
    ],
    "noiseless_fidelity": [
      0.9380564057678284,
      0.9584858526839611,
      0.9353906336914343,
      0.9195285140759171,
      0.9408731316615736,
      0.9464960150236361,
      0.9513826094255013,
      0.9345175184818485,
      0.933254927781602,
      0.9317431097072799
    ],
    "noiseless_trace_distance": [
      0.040510481165609145,
      0.04843959639293338,
      0.03985034106969041,
      0.10517248246805234,
      0.04037872228613992,
      0.0313716918826112,
      0.02939598866641468,
      0.03055648031930465,
      0.03704444816915192,
      0.04950399099913746
    ],
    "noiseless_relative_entropy": [
      0.2218795464333146,
      0.10656273109821687,
      0.2104792901998459,
      0.35849990000925835,
      0.157480058718988,
      0.20129805853525237,
      0.17979701947581384,
      0.25826902526337964,
      0.26616414323642257,
      0.290306572399062
    ],
    "noiseless_purity": [
      0.40146512630975,
      0.32380231698043016,
      0.3731726150696628,
      0.39700114556564037,
      0.3369945324179363,
      0.37021469790828343,
      0.376619186480372,
      0.35168189280327183,
      0.3886600198277166,
      0.4168997497351752
    ],
    "noiseless_kullback_leibler_divergence": [
      0.06303792202131525,
      0.019425413042467365,
      0.045609466146870364,
      0.08781777856276758,
      0.020062955261771456,
      0.03093742774138412,
      0.035676406231477345,
      0.027765626833929694,
      0.042430432226566575,
      0.08487702950688367
    ]
  },
  "metadata": {
    "job_ids": [
      null
    ],
    "backends": [
      null
    ],
    "n": 5,
    "J": 1.0,
    "h": 0.5,
    "beta": 1.0,
    "ancilla_reps": 1,
    "system_reps": 4,
    "optimizer": "SPSA",
    "min_kwargs": {
      "maxiter": 500
    },
    "shots": 8192,
    "noise_model": null
  }
}
