{
  "metrics": {
    "exact_purity": 0.3482450223805722,
    "calculated_fidelity": [
      1.122437708565258,
      1.1570104413357867,
      1.112394437734555,
      1.119325003327659,
      1.12850139444905,
      1.1869559943159549,
      1.08904534070681,
      1.1747316831183259,
      0.9708217768658762,
      0.9662865730509238
    ],
    "calculated_trace_distance": [
      0.5318731935048241,
      0.4322979096798145,
      0.39691376691687347,
      0.3711530840083479,
      0.3229424460475964,
      0.4391087939374169,
      0.45265046859987096,
      0.25694259132935965,
      0.4418942321212005,
      0.2636660233871309
    ],
    "calculated_relative_entropy": [
      -0.2378160595403926,
      -0.26872176393822644,
      -0.19444176048145634,
      -0.20468907934736452,
      -0.23437953460124183,
      -0.3293942809254436,
      -0.17623918169175073,
      -0.2716582138475218,
      0.024272737156109198,
      0.036202867202224355
    ],
    "calculated_purity": [
      0.6668853759765625,
      0.7144699096679688,
      0.6313629150390625,
      0.6469955444335938,
      0.6017837524414062,
      0.7592926025390625,
      0.5994491577148438,
      0.6416778564453125,
      0.5059127807617188,
      0.4344329833984375
    ],
    "calculated_kullback_leibler_divergence": [
      Infinity,
      Infinity,
      Infinity,
      0.0227557848332562,
      Infinity,
      Infinity,
      Infinity,
      Infinity,
      Infinity,
      Infinity
    ],
    "noiseless_fidelity": [
      0.9222425378992081,
      0.913098544321828,
      0.939951709655232,
      0.9195586487126501,
      0.8992976669493632,
      0.895678034281378,
      0.9280633131657458,
      0.9264959955974442,
      0.8959567307411311,
      0.865752395219632
    ],
    "noiseless_trace_distance": [
      0.10837077544215781,
      0.07744578404340693,
      0.0634754230996959,
      0.08122950567291069,
      0.05879504420433955,
      0.106333413650786,
      0.11194674763450894,
      0.05140334118815151,
      0.13532417698315027,
      0.16263256887499863
    ],
    "noiseless_relative_entropy": [
      0.27083681030885864,
      0.43335027228101364,
      0.24108932041125783,
      0.2736291222330375,
      0.5034826817604872,
      0.5797438525820369,
      0.22226891928480358,
      0.29485876963650826,
      0.26035581646758343,
      0.3864032603530658
    ],
    "noiseless_purity": [
      0.3908388482396332,
      0.43708730147965924,
      0.3982324002550387,
      0.3703265001501554,
      0.41494726350142075,
      0.4637815433098864,
      0.36888842065414496,
      0.38728771500116554,
      0.24141971296196924,
      0.2996535782283411
    ],
    "noiseless_kullback_leibler_divergence": [
      0.039470830612231826,
      0.14082964764044806,
      0.040456735724448155,
      0.020918242299335116,
      0.0948888322333995,
      0.19040163274625344,
      0.03740542824248791,
      0.050048872132519504,
      0.08677229775285372,
      0.05736046693545533
    ]
  },
  "metadata": {
    "job_ids": [
      null
    ],
    "backends": [
      null
    ],
    "n": 5,
    "J": 1.0,
    "h": 0.5,
    "beta": 1.0,
    "ancilla_reps": 1,
    "system_reps": 4,
    "optimizer": "SPSA",
    "min_kwargs": {
      "maxiter": 500
    },
    "shots": 128,
    "noise_model": null
  }
}
