{
  "metadata": {
    "n": 3,
    "J": 1.0,
    "h": 0.5,
    "beta": 1e-10,
    "ancilla_reps": 1,
    "system_reps": null,
    "optimizer": "SPSA",
    "min_kwargs": {
      "maxiter": 300
    },
    "shots": 8192
  },
  "metrics": {
    "exact_purity": 0.125,
    "calculated_fidelity": [
      0.9986826726108939,
      0.9986459289610737,
      0.4697801759664863,
      0.9974556271790052,
      0.9990517799923677,
      0.9985281586292328,
      0.7597435161178567,
      0.7216979086147289,
      0.9992814545279086,
      0.6231823619740371
    ],
    "calculated_trace_distance": [
      0.017849996551093317,
      0.01790743582524034,
      0.3627834325437573,
      0.02716705460911615,
      0.011699924629317054,
      0.021600816392049905,
      0.1728337879243019,
      0.1871499934874672,
      0.014125778245144506,
      0.2174212436100151
    ],
    "calculated_relative_entropy": [
      0.002610540815495877,
      0.0027401815868067746,
      1.793882754138687,
      0.005035897344027953,
      0.0019060551825502347,
      0.0029094495394875845,
      0.5582852504517153,
      0.6776594939905098,
      0.0014479339123987188,
      1.0759090763766679
    ],
    "calculated_purity": [
      0.1256798729300499,
      0.12565605342388153,
      0.47995175421237946,
      0.1263231858611107,
      0.1254681944847107,
      0.12576577067375183,
      0.20713374018669128,
      0.26303093135356903,
      0.1253521516919136,
      0.31997501850128174
    ],
    "noiseless_fidelity": [
      0.999952664387749,
      0.9999741531149804,
      0.46876908074581086,
      0.9999608647715748,
      0.9999271156392521,
      0.9999694116436796,
      0.7447928784123723,
      0.7326402817755282,
      0.9999187986471773,
      0.6573810368123981
    ],
    "noiseless_trace_distance": [
      0.0021450225362021126,
      0.001659081747384916,
      0.36228132249244843,
      0.0022257809927892867,
      0.002786138729113427,
      0.0016866883770966417,
      0.13784131665081872,
      0.17749975459161565,
      0.003173402105084263,
      0.2080161367790883
    ],
    "noiseless_relative_entropy": [
      9.483363154304725e-05,
      5.173134817492201e-05,
      2.0200966001957386,
      7.813600887154404e-05,
      0.00014556115148183358,
      6.122565418042254e-05,
      1.423517264827061,
      1.0137568704922482,
      0.00016221909895842664,
      0.9612974538027814
    ],
    "noiseless_purity": [
      0.12502354970893687,
      0.1250128961899567,
      0.4880907138664679,
      0.12501967148277368,
      0.12503660719018636,
      0.1250152586479377,
      0.19848489610163123,
      0.25890226932104043,
      0.12504074985708086,
      0.3206549718659022
    ]
  }
}
