{
  "metadata": {
    "n": 3,
    "J": 1.0,
    "h": 0.5,
    "beta": 0.2,
    "ancilla_reps": 1,
    "system_reps": null,
    "optimizer": "SPSA",
    "min_kwargs": {
      "maxiter": 300
    },
    "shots": 8192
  },
  "metrics": {
    "exact_purity": 0.1490311604153375,
    "calculated_fidelity": [
      0.992175573683805,
      0.9725812966924677,
      0.9792680847591737,
      0.9747654831114081,
      0.9768691334771314,
      0.9862589496587332,
      0.9841678409593586,
      0.9802592258125483,
      0.9793683048824696,
      0.9907502125438525
    ],
    "calculated_trace_distance": [
      0.03231086126281415,
      0.0647401219789557,
      0.05971602272432137,
      0.05525998659658295,
      0.05504358113399842,
      0.03699844048343408,
      0.05331912919793398,
      0.05684032801778888,
      0.05726346840524683,
      0.03622479777222265
    ],
    "calculated_relative_entropy": [
      0.01580668330333978,
      0.05699691434372844,
      0.042777332340194575,
      0.050894657131679566,
      0.04740726889129425,
      0.027796721963236515,
      0.03211017507798883,
      0.040404682601076256,
      0.04195871987043202,
      0.01885172044604641
    ],
    "calculated_purity": [
      0.14461737871170044,
      0.1324104145169258,
      0.13864734768867493,
      0.1317536011338234,
      0.1353544220328331,
      0.1414225846529007,
      0.1384657546877861,
      0.13905824720859528,
      0.13808441907167435,
      0.14137443155050278
    ],
    "noiseless_fidelity": [
      0.9931034509555099,
      0.9719433823860307,
      0.9809095997294549,
      0.9752936888383661,
      0.9791034594926611,
      0.9863938920291063,
      0.9847128217824165,
      0.984714858417485,
      0.9828596914240286,
      0.9905605633851531
    ],
    "noiseless_trace_distance": [
      0.024956506637823908,
      0.05802100032830962,
      0.04983892715393182,
      0.04955416101272141,
      0.04878107000738532,
      0.029511796245361828,
      0.05223543336753399,
      0.03957232222695254,
      0.04739870800043175,
      0.03440927017963869
    ],
    "noiseless_relative_entropy": [
      0.013828141216567873,
      0.05846879828113678,
      0.03937497325218949,
      0.04946616886194806,
      0.042893025070786794,
      0.027640644028506568,
      0.03109931360618791,
      0.030986771253184005,
      0.03471398885407109,
      0.01917580169774756
    ],
    "noiseless_purity": [
      0.14430053257791467,
      0.1317696109390052,
      0.13502338621780655,
      0.13205856213220615,
      0.13529256223544994,
      0.1422981128796904,
      0.13803769622588416,
      0.13825715026523233,
      0.13764126272660043,
      0.1404750130391913
    ]
  }
}
