{
  "metadata": {
    "n": 3,
    "J": 1.0,
    "h": 0.5,
    "beta": 0.5,
    "ancilla_reps": 1,
    "system_reps": null,
    "optimizer": "SPSA",
    "min_kwargs": {
      "maxiter": 300
    },
    "shots": 8192
  },
  "metrics": {
    "exact_purity": 0.27695519291630366,
    "calculated_fidelity": [
      0.9906149017709505,
      0.9894506576286016,
      0.9920543952665954,
      0.9863949745129488,
      0.9854578566409853,
      0.9900349993499482,
      0.991808470508809,
      0.991107955047677,
      0.990357384607009,
      0.9816216584968399
    ],
    "calculated_trace_distance": [
      0.027035216749767665,
      0.025597991317685254,
      0.02875469291199837,
      0.033936735841104786,
      0.032282154803419304,
      0.027595369747624627,
      0.03398596887158037,
      0.02765259450254556,
      0.02901414675569082,
      0.03295858538428223
    ],
    "calculated_relative_entropy": [
      0.02024729638086516,
      0.02157509741820088,
      0.01718706110051927,
      0.02988765348094833,
      0.031319606127766894,
      0.019951172472467457,
      0.01653883812981308,
      0.018374601967386425,
      0.020009739847665055,
      0.0408670707909451
    ],
    "calculated_purity": [
      0.27413270622491837,
      0.2824379727244377,
      0.2867371290922165,
      0.275948628783226,
      0.29387790709733963,
      0.2691502720117569,
      0.27354150265455246,
      0.28283578157424927,
      0.27261050045490265,
      0.2965669184923172
    ],
    "noiseless_fidelity": [
      0.9914468581840358,
      0.9929775336137375,
      0.9935128295640905,
      0.9866216151613308,
      0.9856983395856644,
      0.9939446557461944,
      0.9947638151953476,
      0.9918418864625457,
      0.9924952002658608,
      0.9856918201861707
    ],
    "noiseless_trace_distance": [
      0.01900028414639465,
      0.016816508226082803,
      0.016801243724033542,
      0.027901649092351568,
      0.02584388610686383,
      0.01805762515346514,
      0.01462800221385933,
      0.019255795472024266,
      0.019064471883621946,
      0.023622609205109096
    ],
    "noiseless_relative_entropy": [
      0.01784438571739779,
      0.0143255205847172,
      0.013263415539688295,
      0.029225515574325938,
      0.030932955810720034,
      0.011891076526828347,
      0.010415311309587885,
      0.016340244359554355,
      0.015119403859756544,
      0.030727993519002066
    ],
    "noiseless_purity": [
      0.27671126979404115,
      0.283126680250397,
      0.2857517504078305,
      0.27565689561706397,
      0.2935064066448266,
      0.26755944984426094,
      0.2742672400382568,
      0.28044178956649596,
      0.27370809996428985,
      0.29798175020600365
    ]
  }
}
