{
  "metadata": {
    "n": 3,
    "J": 1.0,
    "h": 0.5,
    "beta": 0.8,
    "ancilla_reps": 1,
    "system_reps": null,
    "optimizer": "SPSA",
    "min_kwargs": {
      "maxiter": 300
    },
    "shots": 8192
  },
  "metrics": {
    "exact_purity": 0.40478756142181577,
    "calculated_fidelity": [
      0.9868865722965864,
      0.9866947000459222,
      0.9833244100439215,
      0.9860419481702112,
      0.9747680994938055,
      0.9778916799167828,
      0.9754731618947691,
      0.98773850855957,
      0.9826730818125661,
      0.9749997743552377
    ],
    "calculated_trace_distance": [
      0.01791656103077859,
      0.03155962291375696,
      0.03041276099524359,
      0.02258692246125167,
      0.02643497762257363,
      0.025967541212357063,
      0.04019392968174857,
      0.019059220055523518,
      0.024610168504888157,
      0.041749924879594266
    ],
    "calculated_relative_entropy": [
      0.029622736966489004,
      0.029935719676984635,
      0.01024025216515257,
      0.03335173985285207,
      0.07277098762057793,
      0.04493886497933302,
      0.031463942925736274,
      0.0347000547194344,
      0.030791827312589497,
      0.025237042501545424
    ],
    "calculated_purity": [
      0.4144992381334305,
      0.3922661244869232,
      0.4162992984056473,
      0.40996552258729935,
      0.44311611354351044,
      0.4228561297059059,
      0.41210244596004486,
      0.422528475522995,
      0.4283393546938896,
      0.4279635325074196
    ],
    "noiseless_fidelity": [
      0.9932341264166041,
      0.9892308451585677,
      0.9883646500991723,
      0.9924305880429015,
      0.9867197644609121,
      0.9763850903725195,
      0.9911477155806613,
      0.9923065769959165,
      0.989048997166649,
      0.9881096613054111
    ],
    "noiseless_trace_distance": [
      0.012262777463211638,
      0.023133813640735593,
      0.01790625306319961,
      0.013048693082327506,
      0.019685859139696046,
      0.01891253709030296,
      0.018252344257656837,
      0.01482711469173316,
      0.01792381438234035,
      0.019352590160255284
    ],
    "noiseless_relative_entropy": [
      0.014319967732725284,
      0.022666413116096094,
      0.02920766520220498,
      0.01670038375846392,
      0.03160701566249543,
      0.09262637253158942,
      0.020670462064769364,
      0.018455507348751524,
      0.025666010779242816,
      0.026937948889979944
    ],
    "noiseless_purity": [
      0.4126161442045333,
      0.3920950996323046,
      0.4126786083787611,
      0.40780532055062935,
      0.43523508235457387,
      0.424874437503608,
      0.4074954289319116,
      0.41893987154483725,
      0.4320922338876876,
      0.42342293846165746
    ]
  }
}
