{
  "metadata": {
    "n": 3,
    "J": 1.0,
    "h": 0.5,
    "beta": 1.0,
    "ancilla_reps": 1,
    "system_reps": null,
    "optimizer": "SPSA",
    "min_kwargs": {
      "maxiter": 300
    },
    "shots": 8192
  },
  "metrics": {
    "exact_purity": 0.45242507480844885,
    "calculated_fidelity": [
      0.990667225562432,
      0.9857673288468838,
      0.9950731251337435,
      0.9818380728040359,
      0.9875995985428945,
      0.984799644862605,
      0.9844408716364161,
      0.9845443301842876,
      0.9857160703931763,
      0.981513703921472
    ],
    "calculated_trace_distance": [
      0.02647194824382116,
      0.03730850428891344,
      0.03209499744783085,
      0.0200129457192374,
      0.04155221019293514,
      0.02239538939740248,
      0.024751853391637085,
      0.023722684973755646,
      0.029111595757883076,
      0.026907976631610212
    ],
    "calculated_relative_entropy": [
      -0.0007986091533877908,
      0.01718493561152571,
      -0.0002905936231430914,
      0.027670462121600955,
      0.00020993960775653533,
      0.041532497580233654,
      0.01447714740809393,
      0.007532696050584195,
      0.005160739179518769,
      0.0143692311123628
    ],
    "calculated_purity": [
      0.4666801542043686,
      0.452875055372715,
      0.4536861404776573,
      0.45112938433885574,
      0.4779972583055496,
      0.46272917091846466,
      0.47563962638378143,
      0.47169678658246994,
      0.491320438683033,
      0.4740595072507858
    ],
    "noiseless_fidelity": [
      0.9905000147661759,
      0.9954110294908816,
      0.9910729643977705,
      0.9943306162889849,
      0.9865768253621553,
      0.9940515574503482,
      0.9850726474509468,
      0.9885328997633013,
      0.9825431653934041,
      0.9915212410222993
    ],
    "noiseless_trace_distance": [
      0.01711116439077892,
      0.011764622259054232,
      0.013733730701983193,
      0.01263057440312703,
      0.01896247658866064,
      0.010376190033795939,
      0.01643883987373046,
      0.010622675046891752,
      0.01640474183947098,
      0.010705397618616011
    ],
    "noiseless_relative_entropy": [
      0.02977990735847895,
      0.011035621393593952,
      0.030917563034182284,
      0.012904099151571782,
      0.05605852343627762,
      0.015551855158848443,
      0.07511013394332636,
      0.050926276435853825,
      0.059970011293813234,
      0.025323680943697857
    ],
    "noiseless_purity": [
      0.463956087713787,
      0.4518432218661803,
      0.4574840570736169,
      0.45889211581640194,
      0.47796566685214764,
      0.4611715031573612,
      0.47380700937526177,
      0.46804151233422886,
      0.48350420346595674,
      0.46921074469035645
    ]
  }
}
