{
  "metadata": {
    "n": 3,
    "J": 1.0,
    "h": 0.5,
    "beta": 1.2,
    "ancilla_reps": 1,
    "system_reps": null,
    "optimizer": "SPSA",
    "min_kwargs": {
      "maxiter": 300
    },
    "shots": 8192
  },
  "metrics": {
    "exact_purity": 0.4776975316760884,
    "calculated_fidelity": [
      0.9986406113039168,
      0.9949294163736054,
      0.9970169874682427,
      1.0075972181893613,
      0.9693481626548417,
      0.995359793301771,
      0.9967072745383594,
      0.9942340575475921,
      0.9981604880669371,
      0.9987373683617806
    ],
    "calculated_trace_distance": [
      0.03301781961550513,
      0.022358785758683764,
      0.025483016967159527,
      0.021287344365352224,
      0.1057855646752538,
      0.022332339410232407,
      0.01839251615859733,
      0.02603734244923092,
      0.02665863593073181,
      0.026228803035814468
    ],
    "calculated_relative_entropy": [
      -0.008911263945303047,
      -0.004685468505701191,
      -0.008343883910821779,
      -0.013513818346309839,
      0.11305128014490107,
      -0.005302343009797785,
      -0.0020501194237652204,
      -0.01313257503424282,
      -0.010312506654272236,
      -0.02023155885074272
    ],
    "calculated_purity": [
      0.48998231440782547,
      0.4823913127183914,
      0.4882708936929703,
      0.4984118714928627,
      0.49229033291339874,
      0.4840502217411995,
      0.4818136692047119,
      0.493530236184597,
      0.49920156598091125,
      0.5063014775514603
    ],
    "noiseless_fidelity": [
      0.9917676424979144,
      0.9942712855848186,
      0.9944294351478733,
      0.9853259741111647,
      0.9629547458021329,
      0.9939296750487309,
      0.9937695285426429,
      0.9866891376972307,
      0.9861976309132352,
      0.9834993840438169
    ],
    "noiseless_trace_distance": [
      0.010713721909175106,
      0.012303369468474518,
      0.011036060281229755,
      0.01425281495032274,
      0.09856572586055014,
      0.010654106963081778,
      0.00947669652917775,
      0.016446936119565256,
      0.010627145872956517,
      0.010630040621757444
    ],
    "noiseless_relative_entropy": [
      0.028864083180016972,
      0.023844198305994813,
      0.017228498283760576,
      0.07733030478792058,
      0.1695419052037875,
      0.015403126109348207,
      0.01582388410790456,
      0.058258040472461095,
      0.08672992018731486,
      0.10096534915770997
    ],
    "noiseless_purity": [
      0.491141812756959,
      0.48050073633199336,
      0.48861597940996426,
      0.49911446880524246,
      0.4872251917628073,
      0.4796045956697948,
      0.486754718504287,
      0.4911543473432898,
      0.4951128998795835,
      0.4989931432733658
    ]
  }
}
