{
  "metadata": {
    "n": 3,
    "J": 1.0,
    "h": 0.5,
    "beta": 2.0,
    "ancilla_reps": 1,
    "system_reps": null,
    "optimizer": "SPSA",
    "min_kwargs": {
      "maxiter": 300
    },
    "shots": 8192
  },
  "metrics": {
    "exact_purity": 0.5024484093498863,
    "calculated_fidelity": [
      1.0000904559362072,
      1.003505013771271,
      0.9943720683489083,
      0.9955810732601175,
      0.9945179283386177,
      1.0028633059799932,
      1.0042966061952951,
      1.003556861746501,
      1.0005558661093543,
      1.0010746619159725
    ],
    "calculated_trace_distance": [
      0.03579738198990558,
      0.016807066769464904,
      0.024362072511004623,
      0.05050758839943717,
      0.06781915485829876,
      0.03279607663940372,
      0.03569236245483094,
      0.030826458747064737,
      0.020250204918492887,
      0.047002486728708034
    ],
    "calculated_relative_entropy": [
      0.005028131694953902,
      -0.004221222983812084,
      0.009872384252680177,
      0.010508920452648656,
      0.01616868031564248,
      0.005591759058390829,
      -0.001243918619452316,
      -6.4392653370441e-05,
      0.002794750771777008,
      0.001128225735667756
    ],
    "calculated_purity": [
      0.5160167068243027,
      0.509749099612236,
      0.4961225092411041,
      0.492655985057354,
      0.49673744291067123,
      0.5041495859622955,
      0.5026283338665962,
      0.5026725456118584,
      0.5020488426089287,
      0.5028362721204758
    ],
    "noiseless_fidelity": [
      0.9966558225893488,
      0.9990423644145865,
      0.996246688833708,
      0.9957486180342758,
      0.9907773291550852,
      0.9967029677570713,
      0.9986210368562319,
      0.9979374052977076,
      0.9985334812198486,
      0.9961191717589777
    ],
    "noiseless_trace_distance": [
      0.03165626662913398,
      0.01415067253369829,
      0.014053573217150478,
      0.028710333453254175,
      0.05618124090301191,
      0.02607246350337608,
      0.016698069907503804,
      0.025188644081938404,
      0.014160191584312923,
      0.038054230639026215
    ],
    "noiseless_relative_entropy": [
      0.011140157571889249,
      0.004004195300335874,
      0.007934027259050331,
      0.009110690432564073,
      0.01827763325686231,
      0.02461011742107598,
      0.00797333303146687,
      0.007595573862060778,
      0.009003962678847562,
      0.012258684704783886
    ],
    "noiseless_purity": [
      0.5167322870292868,
      0.5064885008901931,
      0.5021984264799487,
      0.4957018680882498,
      0.49504587711344006,
      0.4996126263990632,
      0.501595841418029,
      0.49934417375574525,
      0.5065220482792254,
      0.5001120659879689
    ]
  }
}
