{
  "metadata": {
    "n": 3,
    "J": 1.0,
    "h": 0.5,
    "beta": 3.0,
    "ancilla_reps": 1,
    "system_reps": null,
    "optimizer": "SPSA",
    "min_kwargs": {
      "maxiter": 300
    },
    "shots": 8192
  },
  "metrics": {
    "exact_purity": 0.5082516505507471,
    "calculated_fidelity": [
      0.6282539144507644,
      0.9957012567043837,
      0.9849403372697855,
      0.985439391215964,
      0.9969290063082334,
      0.9962664214090117,
      0.9911052442129121,
      0.9925252230619827,
      0.9858431491437318,
      0.9982698468665471
    ],
    "calculated_trace_distance": [
      0.3108462110939247,
      0.01932122416657026,
      0.09458174394661638,
      0.09577574028446419,
      0.03451457783332869,
      0.022486714534363704,
      0.06717013492443824,
      0.04395600623638825,
      0.07361039006413846,
      0.04090898874063369
    ],
    "calculated_relative_entropy": [
      1.6290052653305698,
      0.007330165831151619,
      0.034430632654548994,
      0.031268918859003125,
      0.007014319688539383,
      0.007146602052055657,
      0.018555875552968684,
      0.015176309263948744,
      0.03164122942084155,
      0.006410329426899269
    ],
    "calculated_purity": [
      1.0036696568131447,
      0.5055826008319855,
      0.5087846294045448,
      0.5055419951677322,
      0.5008988454937935,
      0.5114366114139557,
      0.49680519104003906,
      0.5289612486958504,
      0.559469111263752,
      0.5013359859585762
    ],
    "noiseless_fidelity": [
      0.5741940772275577,
      0.9993910777887267,
      0.9815882875141074,
      0.9809510437166636,
      0.9983692056483341,
      0.9991370580127067,
      0.9949166923546583,
      0.9962549852097723,
      0.98571876483092,
      0.9976856438570056
    ],
    "noiseless_trace_distance": [
      0.29449416514027493,
      0.011289576107622046,
      0.09241787855339251,
      0.08381748906226617,
      0.02334681828796681,
      0.016862308958063434,
      0.044114538507648446,
      0.03973000357246165,
      0.06143786543022678,
      0.03490156830895559
    ],
    "noiseless_relative_entropy": [
      3.5479209262710265,
      0.002870439281078205,
      0.03851100575459872,
      0.035073727260477756,
      0.0067394508563571945,
      0.007166699183738218,
      0.013642412635811054,
      0.010091346802039672,
      0.03125014558800304,
      0.008294162950143347
    ],
    "noiseless_purity": [
      0.9996977564588357,
      0.5102032793973297,
      0.5073269966891092,
      0.4984047978918942,
      0.502082100534148,
      0.5149210093481704,
      0.4998551901817428,
      0.5295452255350341,
      0.553274817534374,
      0.500765027726793
    ]
  }
}
