{
  "metadata": {
    "n": 3,
    "J": 1.0,
    "h": 0.5,
    "beta": 4.0,
    "ancilla_reps": 1,
    "system_reps": null,
    "optimizer": "SPSA",
    "min_kwargs": {
      "maxiter": 300
    },
    "shots": 8192
  },
  "metrics": {
    "exact_purity": 0.514603318756586,
    "calculated_fidelity": [
      0.9973579282287635,
      1.0007065120254774,
      1.0001065103431122,
      0.4485418386460269,
      0.9993249728438434,
      0.5871847574214205,
      1.0045235041866962,
      0.9866264119696664,
      0.9987792795537689,
      0.9955751128011396
    ],
    "calculated_trace_distance": [
      0.034675718659487625,
      0.038425663063417444,
      0.06767987353331295,
      0.4082051825946502,
      0.05413224879353584,
      0.2893948134778967,
      0.04171875848224881,
      0.0837234017238445,
      0.021429251280124382,
      0.04878691512726815
    ],
    "calculated_relative_entropy": [
      0.008766057481927873,
      0.004240919273645845,
      0.010469676455991388,
      3.1529213049322347,
      0.007493479602527817,
      1.4004516368955726,
      0.00037891902919274037,
      0.029605993007569404,
      0.003258548139805518,
      0.009033623495267592
    ],
    "calculated_purity": [
      0.5232899561524391,
      0.5087525174021721,
      0.5084656998515129,
      0.9987098649144173,
      0.5434861332178116,
      1.005704365670681,
      0.5410882830619812,
      0.5035798251628876,
      0.5106609910726547,
      0.5011607706546783
    ],
    "noiseless_fidelity": [
      0.9988795883546323,
      0.9982615340166425,
      0.9925614745196406,
      0.43041260051321856,
      0.9967336869145681,
      0.601025971392548,
      0.9967660969599398,
      0.9857112236434101,
      0.9993553052533432,
      0.9965140916256608
    ],
    "noiseless_trace_distance": [
      0.019048437696109692,
      0.021653635785504,
      0.06292987942100928,
      0.3996457687922057,
      0.0382181515329206,
      0.28356375410199813,
      0.030139502605378607,
      0.07893089991052415,
      0.011540729197910826,
      0.036437859325044855
    ],
    "noiseless_relative_entropy": [
      0.015075245139411969,
      0.00480864654575219,
      0.024403505050784674,
      4.41163753582981,
      0.014579133119567392,
      2.9404288271919037,
      0.008130061988381673,
      0.030978766778254,
      0.003962233305255726,
      0.009726394134768983
    ],
    "noiseless_purity": [
      0.5208919444925268,
      0.5052545718677699,
      0.5000366102916936,
      0.9979276806243904,
      0.5359367880566447,
      0.9983027371535812,
      0.5334687444797379,
      0.5011400071471726,
      0.5100144209074136,
      0.5017817278356455
    ]
  }
}
