{
  "metadata": {
    "n": 3,
    "J": 1.0,
    "h": 0.5,
    "beta": 5.0,
    "ancilla_reps": 1,
    "system_reps": null,
    "optimizer": "SPSA",
    "min_kwargs": {
      "maxiter": 300
    },
    "shots": 8192
  },
  "metrics": {
    "exact_purity": 0.522570105217619,
    "calculated_fidelity": [
      0.9801835620100435,
      0.9983290160321487,
      1.0024219793442386,
      0.7455578209140417,
      1.0052256192069295,
      0.9997074772211502,
      1.0034225310515053,
      0.9952022834201817,
      0.9795229769996421,
      0.9977881219189003
    ],
    "calculated_trace_distance": [
      0.10499766029156876,
      0.05759636515879778,
      0.017926743855107046,
      0.2526705916646519,
      0.015923996260590705,
      0.047382274287549354,
      0.02293160849729536,
      0.03669638181564882,
      0.08159564341866829,
      0.060063845749801364
    ],
    "calculated_relative_entropy": [
      0.043715983225812466,
      0.009800511695419997,
      4.01750890434982e-05,
      0.8558645866230464,
      -0.003921427303671952,
      0.008112130379230621,
      -0.0010732710540672947,
      0.00908093445063625,
      0.04127897949164379,
      0.00901581944866521
    ],
    "calculated_purity": [
      0.5058232694864273,
      0.5699749141931534,
      0.5263287201523781,
      0.9411151185631752,
      0.5312436446547508,
      0.5497223660349846,
      0.5278332829475403,
      0.5080929547548294,
      0.5803464353084564,
      0.5076419115066528
    ],
    "noiseless_fidelity": [
      0.9778977936738706,
      0.9933023545749176,
      0.9997654316971517,
      0.7435401834901958,
      0.9996119608943369,
      0.9963188504375976,
      0.9995412069396034,
      0.9989740900995744,
      0.9882985901388195,
      0.9961294785629309
    ],
    "noiseless_trace_distance": [
      0.09797025972292248,
      0.053662722200496185,
      0.005324327758508773,
      0.24401305110448446,
      0.010125785112458305,
      0.03489913780272695,
      0.008624025613830237,
      0.01841136877197208,
      0.06505669025372722,
      0.044539369123384895
    ],
    "noiseless_relative_entropy": [
      0.04863949968403669,
      0.01646527655376461,
      0.003823556914167036,
      1.2282353903014744,
      0.005612474880959312,
      0.011989080667804602,
      0.004059966136537654,
      0.00416252681834986,
      0.026076514181008252,
      0.013251202107847235
    ],
    "noiseless_purity": [
      0.5024311571484918,
      0.5668583837852865,
      0.5231451351699787,
      0.9466187762969938,
      0.5238666003805887,
      0.546264730426075,
      0.5235625203134493,
      0.5130673382714603,
      0.5863473706917146,
      0.5047462817012007
    ]
  }
}
