{
  "metrics": {
    "exact_purity": 0.3482450223805722,
    "calculated_fidelity": [
      0.950485215764019,
      0.957083169017899,
      0.938792982579577,
      0.945577801148529,
      0.9349471940275776,
      0.9334305900029359,
      0.8102337266480721,
      0.7170309113671158,
      0.9541010501084886,
      0.9407428909450333
    ],
    "calculated_trace_distance": [
      0.07675075830715153,
      0.04355494555221173,
      0.05833040864100481,
      0.06542863718835086,
      0.07115778060123437,
      0.13122645847555853,
      0.26679266222952647,
      0.2930629435701197,
      0.047152820745811605,
      0.058096578268172105
    ],
    "calculated_relative_entropy": [
      0.07877731695236144,
      0.07287456303554916,
      0.09691357540962268,
      0.084240662141154,
      0.10019299338604801,
      0.1263331546946685,
      0.37157592572065995,
      0.5772126823066654,
      0.07183778429536146,
      0.08833092554830928
    ],
    "calculated_purity": [
      0.3825211556395516,
      0.36633600236382335,
      0.36716411320958287,
      0.3899113037623465,
      0.3151845899410546,
      0.30438096169382334,
      0.25318701611831784,
      0.16185996413696557,
      0.381358461920172,
      0.38142730272375047
    ],
    "calculated_kullback_leibler_divergence": [
      Infinity,
      Infinity,
      Infinity,
      Infinity,
      0.029324465809482822,
      0.025013832715133695,
      0.1897418068487483,
      0.33233901647879577,
      0.046320738789281835,
      0.04823247965320762
    ],
    "noiseless_fidelity": [
      0.9469580450508637,
      0.9571533898727678,
      0.9299571245793066,
      0.9393654356909678,
      0.9356307244100986,
      0.93588253341446,
      0.8159243703169801,
      0.7224538191347732,
      0.9464598864542344,
      0.9386145539383743
    ],
    "noiseless_trace_distance": [
      0.059741446014526675,
      0.03367721805643932,
      0.05190081553442657,
      0.04980151078320173,
      0.06318219314792875,
      0.1119257878067029,
      0.26035131186935834,
      0.28436521007711313,
      0.033002541638089564,
      0.04786178133201725
    ],
    "noiseless_relative_entropy": [
      0.2052137070373659,
      0.17228875839473456,
      0.2639957859438684,
      0.2537405945203586,
      0.16086033617402357,
      0.16657266231647194,
      0.3798200864773874,
      0.5626298190769496,
      0.18139806517677698,
      0.20766135785440548
    ],
    "noiseless_purity": [
      0.3818275889770627,
      0.3703192172572507,
      0.3691807011131861,
      0.3898294725155672,
      0.311989094983209,
      0.3048178153081197,
      0.2513188815096062,
      0.16026650785471186,
      0.37615268306031224,
      0.3803277899310512
    ],
    "noiseless_kullback_leibler_divergence": [
      0.029432668311931028,
      0.015547475360140657,
      0.06676307262004894,
      0.029505781647363713,
      0.02883627486351966,
      0.02519115883660361,
      0.1897560928331841,
      0.33263702208662016,
      0.04636729764276693,
      0.04812535159104163
    ]
  },
  "metadata": {
    "job_ids": [
      null
    ],
    "backends": [
      null
    ],
    "n": 5,
    "J": 1.0,
    "h": 0.5,
    "beta": 1.0,
    "ancilla_reps": 1,
    "system_reps": 4,
    "optimizer": "SPSA",
    "min_kwargs": {
      "maxiter": 500
    },
    "shots": 32768,
    "noise_model": null
  }
}
