{
  "metadata": {
    "n": 2,
    "J": 1.0,
    "h": 0.5,
    "beta": 1e-10,
    "ancilla_reps": 1,
    "system_reps": null,
    "optimizer": "UMDA",
    "min_kwargs": {},
    "shots": 1024
  },
  "metrics": {
    "exact_purity": 0.25,
    "calculated_fidelity": [
      0.9963970429979199,
      0.9978941846154186,
      0.9966435916638837,
      0.9938627159017196,
      0.9978140079281256,
      0.998647617340293,
      0.9979890617646083,
      0.9929973465877205,
      0.9990887978828232,
      0.995335106346513
    ],
    "calculated_trace_distance": [
      0.03858017252657215,
      0.02701609078198554,
      0.030792800186291314,
      0.04081932606056966,
      0.02668370715456095,
      0.01992138176153483,
      0.021563940883546025,
      0.042819992761571335,
      0.014417366504850588,
      0.041973603882580854
    ],
    "calculated_relative_entropy": [
      0.007282184614105552,
      0.004207158272753508,
      0.006719250029149922,
      0.012227698129848894,
      0.0043453513880258084,
      0.0027158527629741677,
      0.004029995717985281,
      0.014222856545267032,
      0.0018239866101844816,
      0.00940226669231731
    ],
    "calculated_purity": [
      0.2535228729248047,
      0.2521228790283203,
      0.25337886810302734,
      0.2563018798828125,
      0.2522392272949219,
      0.2513408660888672,
      0.25200843811035156,
      0.25681304931640625,
      0.25091075897216797,
      0.2546215057373047
    ],
    "noiseless_fidelity": [
      0.9998331402975776,
      0.999164057804621,
      0.9995973037430845,
      0.9954557760508348,
      0.9986917877497683,
      0.9998334677843234,
      0.9995804073685607,
      0.997286388974861,
      0.9994829363931993,
      0.9986807398123329
    ],
    "noiseless_trace_distance": [
      0.007105197583131302,
      0.011721657195286929,
      0.008086664894250447,
      0.030997976694765762,
      0.013425251928243538,
      0.005047862262113561,
      0.005453042936129789,
      0.01960337316000641,
      0.00838094131945219,
      0.01910250401286471
    ],
    "noiseless_relative_entropy": [
      0.0003350334249815675,
      0.0016724136544382668,
      0.0008068878704984069,
      0.009060677084450469,
      0.002619332609658697,
      0.00033404065354335384,
      0.0008395548138943904,
      0.005464122067695219,
      0.0010346077275117799,
      0.0026129533494932897
    ],
    "noiseless_purity": [
      0.2501649782385742,
      0.25083705713716614,
      0.25040088091757906,
      0.25464349002144226,
      0.2513076232237259,
      0.25016514654242106,
      0.2504193917902181,
      0.25268084683829567,
      0.2505168807293139,
      0.251362905079643
    ]
  }
}
