{
  "metadata": {
    "n": 2,
    "J": 1.0,
    "h": 0.5,
    "beta": 0.2,
    "ancilla_reps": 1,
    "system_reps": null,
    "optimizer": "UMDA",
    "min_kwargs": {},
    "shots": 1024
  },
  "metrics": {
    "exact_purity": 0.2644755136790756,
    "calculated_fidelity": [
      0.9814395362882555,
      0.9944078549269154,
      0.990408765691432,
      0.98382967481976,
      0.9891009939025396,
      0.9933920294759102,
      0.9914678877879034,
      0.9966591569216122,
      0.9941940990776892,
      0.9981692242223419
    ],
    "calculated_trace_distance": [
      0.06429183214665406,
      0.03872491668629545,
      0.048850462180600206,
      0.055734688382796105,
      0.048297650822430524,
      0.04067403753380981,
      0.05674398762235048,
      0.034154940708905554,
      0.0363241608872945,
      0.02018710769764547
    ],
    "calculated_relative_entropy": [
      0.03876560032032216,
      0.011607674004966033,
      0.01975217253846938,
      0.032469335137281494,
      0.022332737876593973,
      0.013444047095805767,
      0.017175014886154596,
      0.006843839608819378,
      0.011606693756964225,
      0.0036950353963677504
    ],
    "calculated_purity": [
      0.28600502014160156,
      0.2741279602050781,
      0.28073596954345703,
      0.25356101989746094,
      0.2713041305541992,
      0.2791414260864258,
      0.2653636932373047,
      0.26436805725097656,
      0.2647571563720703,
      0.26142215728759766
    ],
    "noiseless_fidelity": [
      0.9915975797149689,
      0.997564989507528,
      0.9939633525612047,
      0.9819004047035212,
      0.99346446755814,
      0.9971926022996479,
      0.9982616243632275,
      0.9966040991544375,
      0.992299250569164,
      0.999391836186496
    ],
    "noiseless_trace_distance": [
      0.039127666853933804,
      0.01757188342310393,
      0.027233050108712277,
      0.04985582541427116,
      0.03170311020792888,
      0.01874098826320522,
      0.015067946612854433,
      0.024212104807576407,
      0.03535937791497116,
      0.01108612468658944
    ],
    "noiseless_relative_entropy": [
      0.017223863972948877,
      0.0049715713870291875,
      0.012351560342556557,
      0.03637853636642076,
      0.013288667189759885,
      0.00571826881004165,
      0.0034689680435892947,
      0.006911867877385115,
      0.015088584189149523,
      0.0012239326879593436
    ],
    "noiseless_purity": [
      0.27567379855228336,
      0.2718806215223388,
      0.28411724507005764,
      0.2529658438329656,
      0.26928771799311463,
      0.27102975592148393,
      0.26173533776884417,
      0.25998704588810223,
      0.2651969980772281,
      0.26543066817517635
    ]
  }
}
