{
  "metadata": {
    "n": 2,
    "J": 1.0,
    "h": 0.5,
    "beta": 0.5,
    "ancilla_reps": 1,
    "system_reps": null,
    "optimizer": "UMDA",
    "min_kwargs": {},
    "shots": 1024
  },
  "metrics": {
    "exact_purity": 0.32622154913908924,
    "calculated_fidelity": [
      0.9934684166305364,
      0.9879933745452503,
      0.9921453632954069,
      0.9965294479439131,
      0.9889316707125178,
      0.98061000740358,
      0.9940266915409807,
      0.9912617991972641,
      0.993629238249565,
      0.9918628730131976
    ],
    "calculated_trace_distance": [
      0.03876560026769149,
      0.05028256145193452,
      0.0466632523026231,
      0.044791574428298564,
      0.06351567713891229,
      0.052972367623936305,
      0.02819658682712216,
      0.06267894975458596,
      0.04528542168384167,
      0.042090142738973615
    ],
    "calculated_relative_entropy": [
      0.014018686267758967,
      0.026294909807905914,
      0.016998399046376428,
      0.007178689864406996,
      0.024993540883899892,
      0.04444454046987338,
      0.012664120750130008,
      0.01789016539844637,
      0.014248344023457035,
      0.01825881787498091
    ],
    "calculated_purity": [
      0.3516988754272461,
      0.35190677642822266,
      0.3363819122314453,
      0.33835887908935547,
      0.33620262145996094,
      0.3634147644042969,
      0.3383369445800781,
      0.3008689880371094,
      0.35152626037597656,
      0.34607982635498047
    ],
    "noiseless_fidelity": [
      0.9972224755686848,
      0.9889634193723967,
      0.9974864057094287,
      0.9977145520184104,
      0.9914246128994081,
      0.9938859750195921,
      0.9956196258173058,
      0.995141596578466,
      0.9941714420061191,
      0.9977522603262305
    ],
    "noiseless_trace_distance": [
      0.024760225019539832,
      0.02936251869280554,
      0.02736981328834267,
      0.022541247597766753,
      0.03192789740163896,
      0.024427521091331207,
      0.021293261232463258,
      0.03044775956889447,
      0.03187842797038524,
      0.022130795908350202
    ],
    "noiseless_relative_entropy": [
      0.0063264078682470914,
      0.023760375606110756,
      0.005080965425262179,
      0.004610308526541724,
      0.018342010826871875,
      0.01313317317239315,
      0.009351581476615831,
      0.01018175679062687,
      0.012840909844355715,
      0.005106333517863545
    ],
    "noiseless_purity": [
      0.33468214353209025,
      0.3395843760233756,
      0.31032561537576653,
      0.3287546151764462,
      0.3322744184687201,
      0.3491745280481508,
      0.3390549591662539,
      0.30825680251720705,
      0.35094404905659665,
      0.3319885693392546
    ]
  }
}
