{
  "metadata": {
    "n": 2,
    "J": 1.0,
    "h": 0.5,
    "beta": 0.8,
    "ancilla_reps": 1,
    "system_reps": null,
    "optimizer": "UMDA",
    "min_kwargs": {},
    "shots": 1024
  },
  "metrics": {
    "exact_purity": 0.3999261709032876,
    "calculated_fidelity": [
      0.9858740628666876,
      0.994602545387852,
      0.9900362309810036,
      0.9929223515964558,
      0.9872231411259146,
      0.9889212197393391,
      0.9926733536423925,
      0.9896480556633024,
      0.95756736819676,
      0.9825923912643373
    ],
    "calculated_trace_distance": [
      0.05959235668590859,
      0.039907761560003883,
      0.0589483763902991,
      0.042052975564985225,
      0.029974752071898644,
      0.035928371236580534,
      0.0668034178836533,
      0.04946382466508941,
      0.05706452826090789,
      0.06255214273903743
    ],
    "calculated_relative_entropy": [
      0.029996321982832974,
      0.01165113247549155,
      0.024008754961112936,
      0.014736814737425625,
      0.02802004004594821,
      0.02449379179423178,
      0.014900071894163425,
      0.02282255948314073,
      0.14296857569299173,
      0.0396398915654555
    ],
    "calculated_purity": [
      0.3672676086425781,
      0.4013538360595703,
      0.3923015594482422,
      0.4211006164550781,
      0.4121837615966797,
      0.40013694763183594,
      0.3812847137451172,
      0.428558349609375,
      0.47339344024658203,
      0.39957237243652344
    ],
    "noiseless_fidelity": [
      0.9874686181179817,
      0.9976437056216492,
      0.98943533020821,
      0.9926809446734856,
      0.9945556077277948,
      0.9918844167333906,
      0.9959600761680083,
      0.9945209571210681,
      0.9820854479769187,
      0.9918258868021437
    ],
    "noiseless_trace_distance": [
      0.0453185319802671,
      0.02406994918607827,
      0.04539157905661431,
      0.041049755925990014,
      0.026382968410002608,
      0.022578813514511215,
      0.03061373916024629,
      0.029243289250316135,
      0.02711316574767149,
      0.03685031716467463
    ],
    "noiseless_relative_entropy": [
      0.02623773702344482,
      0.004846904899235737,
      0.024501799853357764,
      0.015106245424748019,
      0.01167408410557147,
      0.017301119522065346,
      0.008793794403800358,
      0.012093134424469004,
      0.04371223080648698,
      0.020849347445313325
    ],
    "noiseless_purity": [
      0.3637171590943034,
      0.4063391358303081,
      0.40260467784900095,
      0.41164855166454767,
      0.40650686927617175,
      0.39446199131762816,
      0.39967959391983987,
      0.4095618566473212,
      0.4548029056902415,
      0.41179108918441987
    ]
  }
}
