{
  "metadata": {
    "n": 2,
    "J": 1.0,
    "h": 0.5,
    "beta": 1.0,
    "ancilla_reps": 1,
    "system_reps": null,
    "optimizer": "UMDA",
    "min_kwargs": {},
    "shots": 1024
  },
  "metrics": {
    "exact_purity": 0.4423502848609148,
    "calculated_fidelity": [
      0.9910554587906856,
      0.9806200478152501,
      0.9913942680688084,
      0.9882528035913408,
      0.9919371493674125,
      0.9843633394044782,
      0.9965001867287646,
      0.9881953200659924,
      0.9853385920975298,
      0.9903079841418211
    ],
    "calculated_trace_distance": [
      0.0412664895005732,
      0.04976254913100408,
      0.053366329563445274,
      0.04763043278160434,
      0.042776069061963906,
      0.06812946703425846,
      0.029904615752921995,
      0.04310312728976791,
      0.04159265322715264,
      0.05694973654243697
    ],
    "calculated_relative_entropy": [
      0.022981546073616816,
      0.046181261618622654,
      0.018114795685310228,
      0.034097992684650524,
      0.02013399138137643,
      0.04788488651818462,
      0.007966096373768102,
      0.029546955647052453,
      0.03679748361682224,
      0.022091032341181968
    ],
    "calculated_purity": [
      0.43805885314941406,
      0.4212074279785156,
      0.4330568313598633,
      0.4727334976196289,
      0.43755054473876953,
      0.4649190902709961,
      0.4495220184326172,
      0.4446372985839844,
      0.4397411346435547,
      0.4824075698852539
    ],
    "noiseless_fidelity": [
      0.9928489523863472,
      0.9824060758940191,
      0.9927555457686281,
      0.9806140111580351,
      0.9932095683581408,
      0.990713408423306,
      0.9970689127341893,
      0.9949995390998356,
      0.9971416182257491,
      0.989432245338208
    ],
    "noiseless_trace_distance": [
      0.03843140530836675,
      0.0338758989942317,
      0.0204328787064722,
      0.047575331126149964,
      0.03760948708039909,
      0.048397563691217615,
      0.02835414909017725,
      0.025522394550759803,
      0.019686790805067744,
      0.05444922790425655
    ],
    "noiseless_relative_entropy": [
      0.01936088380848798,
      0.035824647306174004,
      0.01503185646957133,
      0.054832539946734274,
      0.016492084080494036,
      0.027596835206357702,
      0.007074503703465428,
      0.011941226341985342,
      0.00662426186462717,
      0.02253379656422605
    ],
    "noiseless_purity": [
      0.43272609499968506,
      0.40651793914832757,
      0.40723016960353686,
      0.48095134911892384,
      0.44043370184656855,
      0.4445774925475547,
      0.4526977167200139,
      0.45496715904143964,
      0.44304174160043297,
      0.49437877218165505
    ]
  }
}
