{
  "metadata": {
    "n": 2,
    "J": 1.0,
    "h": 0.5,
    "beta": 1.2,
    "ancilla_reps": 1,
    "system_reps": null,
    "optimizer": "UMDA",
    "min_kwargs": {},
    "shots": 1024
  },
  "metrics": {
    "exact_purity": 0.47715088918704646,
    "calculated_fidelity": [
      0.9858759344434663,
      0.9878273929876983,
      0.9882748565362255,
      0.9678112277265237,
      0.9935899972715643,
      0.9910371944708072,
      0.9894033936689974,
      0.9929070860313225,
      0.9912571163984758,
      0.968762770189269
    ],
    "calculated_trace_distance": [
      0.08431028544241918,
      0.05218709335430971,
      0.04528552136762919,
      0.042938054646645345,
      0.04080094666344173,
      0.05080312888060114,
      0.03589547817829562,
      0.03392394030155473,
      0.03714516380426881,
      0.11745860659047488
    ],
    "calculated_relative_entropy": [
      0.044516618742960395,
      0.031314632510209744,
      0.029906401150115683,
      0.16642962649879822,
      0.01362144618105492,
      0.02267002405589319,
      0.02029702171415558,
      0.021114963118016805,
      0.023556784746507343,
      0.032829123312077824
    ],
    "calculated_purity": [
      0.4741382598876953,
      0.4951286315917969,
      0.49185752868652344,
      0.5011692047119141,
      0.49463844299316406,
      0.5010757446289062,
      0.4377889633178711,
      0.48260021209716797,
      0.4921998977661133,
      0.47941112518310547
    ],
    "noiseless_fidelity": [
      0.994598576270361,
      0.9907267786329274,
      0.9969468524081361,
      0.9902772129343094,
      0.9960579841169761,
      0.9916127541549458,
      0.9917642438323265,
      0.9951710486353138,
      0.9977378280825016,
      0.981474297051719
    ],
    "noiseless_trace_distance": [
      0.01773078611577905,
      0.051186373193551404,
      0.02350506281017463,
      0.036033423160757055,
      0.02829644238559563,
      0.04354075685353491,
      0.029575519016263596,
      0.023505492077649626,
      0.01818328575896993,
      0.07127556543166087
    ],
    "noiseless_relative_entropy": [
      0.014192580757965579,
      0.02448893735203206,
      0.007060744690864006,
      0.03129347694557835,
      0.008535476758968222,
      0.02023803577543619,
      0.014708846905700325,
      0.013711156719100975,
      0.005542080368788498,
      0.043929674172544515
    ],
    "noiseless_purity": [
      0.4866541366076245,
      0.5098514292408773,
      0.467924398899485,
      0.5007735728749538,
      0.5031252895063342,
      0.5120958840256085,
      0.4372735561784324,
      0.4682150367648854,
      0.46500375451831,
      0.4699528959316277
    ]
  }
}
