{
  "metadata": {
    "n": 2,
    "J": 1.0,
    "h": 0.5,
    "beta": 2.0,
    "ancilla_reps": 1,
    "system_reps": null,
    "optimizer": "UMDA",
    "min_kwargs": {},
    "shots": 1024
  },
  "metrics": {
    "exact_purity": 0.5677667882613814,
    "calculated_fidelity": [
      0.9903961633569413,
      0.9896749162887277,
      1.0111285364860958,
      0.9867624546256897,
      0.9973336850020547,
      0.9872514293573514,
      1.0082910360109771,
      0.9869956824475868,
      0.9952820531357642,
      1.0005152512624356
    ],
    "calculated_trace_distance": [
      0.07236415308593566,
      0.05296399278395064,
      0.08119648384530768,
      0.07222074837951416,
      0.06194032406408214,
      0.06444372074995891,
      0.06485563790611197,
      0.0813069758564862,
      0.06459104409060992,
      0.07951126223509704
    ],
    "calculated_relative_entropy": [
      0.029467128033619852,
      0.022791529349593012,
      -0.025229693585869913,
      0.029301328847462216,
      0.003392895787926037,
      0.038312755191453246,
      -0.0035400057825551792,
      0.033476986435388635,
      0.001527151835991017,
      0.003122519772185889
    ],
    "calculated_purity": [
      0.6077671051025391,
      0.5925054550170898,
      0.6686077117919922,
      0.5219793319702148,
      0.5262718200683594,
      0.6368379592895508,
      0.5458641052246094,
      0.5236778259277344,
      0.539093017578125,
      0.5385732650756836
    ],
    "noiseless_fidelity": [
      0.9811864381579232,
      0.9988062525855445,
      0.9953003111374972,
      0.996443569486934,
      0.9816968541746176,
      0.9880714162981067,
      0.9885393722938934,
      0.992964925831149,
      0.9910872566939385,
      0.9830372012280559
    ],
    "noiseless_trace_distance": [
      0.05640212222205421,
      0.014799338272050128,
      0.02956060611690088,
      0.02272145650259544,
      0.060391270927065546,
      0.052460074377890985,
      0.05403467482973051,
      0.04701252021519906,
      0.044560642443531945,
      0.055046911163549136
    ],
    "noiseless_relative_entropy": [
      0.12663627371214617,
      0.004657771860236477,
      0.01283943971598735,
      0.008004857439960454,
      0.05619555852577271,
      0.0333881536867211,
      0.034786639489712556,
      0.02913949301104675,
      0.020237441780532328,
      0.05577077145067141
    ],
    "noiseless_purity": [
      0.5874467546955734,
      0.5829714822154254,
      0.6131512875942743,
      0.5408130368346991,
      0.5160028045889442,
      0.6298530054312705,
      0.5239191577669323,
      0.5338737192053992,
      0.5145710089710864,
      0.5194556210373248
    ]
  }
}
