{
  "metadata": {
    "n": 2,
    "J": 1.0,
    "h": 0.5,
    "beta": 3.0,
    "ancilla_reps": 1,
    "system_reps": null,
    "optimizer": "UMDA",
    "min_kwargs": {},
    "shots": 1024
  },
  "metrics": {
    "exact_purity": 0.6514456428594425,
    "calculated_fidelity": [
      0.9853152230417304,
      0.9749872989185107,
      1.0053369674664958,
      0.9946000795937971,
      1.010462327888614,
      0.9811940705469676,
      0.9801449486261636,
      0.9877341387721768,
      0.9951227853309236,
      1.0109414222054887
    ],
    "calculated_trace_distance": [
      0.09758282112651824,
      0.04436449563999655,
      0.04924520994997886,
      0.03872216321027541,
      0.061719755998370256,
      0.07693469425223015,
      0.05977264119401204,
      0.03389585440573661,
      0.0602388057128458,
      0.02971026432413052
    ],
    "calculated_relative_entropy": [
      0.05595672115599004,
      0.03634403841654049,
      0.011504004146100227,
      0.011559185646612381,
      0.0015725467268722024,
      0.04533251648795494,
      0.05306963503638826,
      0.021262196062538347,
      0.02499007253083327,
      -0.006366177105991435
    ],
    "calculated_purity": [
      0.8015298843383789,
      0.6600151062011719,
      0.6919059753417969,
      0.6385717391967773,
      0.6817893981933594,
      0.6821298599243164,
      0.7202892303466797,
      0.637608528137207,
      0.7557897567749023,
      0.6629905700683594
    ],
    "noiseless_fidelity": [
      0.9764305252278765,
      0.9961387666330256,
      0.9946728295385372,
      0.9958102457396439,
      0.9958439519793221,
      0.995119061307662,
      0.992160993244372,
      0.9879213945677595,
      0.9832606057450962,
      0.9987246761950748
    ],
    "noiseless_trace_distance": [
      0.06449627039117578,
      0.024480649677993446,
      0.048091422350892366,
      0.01278302835411732,
      0.028966779765205675,
      0.023459078828072563,
      0.04552333645829809,
      0.02770607196556593,
      0.0611811226396326,
      0.015945218938235278
    ],
    "noiseless_relative_entropy": [
      0.06659113875702467,
      0.016144017696064744,
      0.04230765872967915,
      0.007532921656199683,
      0.03784487963077526,
      0.014626280867509667,
      0.03414901565630085,
      0.03522909111176514,
      0.05265244023851427,
      0.005083923557330096
    ],
    "noiseless_purity": [
      0.7941109515729636,
      0.6642096303597904,
      0.6729124078515982,
      0.627915249694408,
      0.6364214335738997,
      0.6741041440253456,
      0.7191501880286233,
      0.6232758311299513,
      0.7598908293630023,
      0.6701618654849155
    ]
  }
}
