{
  "metadata": {
    "n": 2,
    "J": 1.0,
    "h": 0.5,
    "beta": 4.0,
    "ancilla_reps": 1,
    "system_reps": null,
    "optimizer": "UMDA",
    "min_kwargs": {},
    "shots": 1024
  },
  "metrics": {
    "exact_purity": 0.7308553090569767,
    "calculated_fidelity": [
      0.9827845801986643,
      0.9978523871388544,
      1.0085310048507943,
      0.987296885573717,
      1.0142883425936056,
      1.0055062131226549,
      0.992416901112988,
      1.004237479382418,
      1.004021174977355,
      1.009624835646496
    ],
    "calculated_trace_distance": [
      0.062402970759147115,
      0.05207934528980434,
      0.06221080609654412,
      0.04477734722582207,
      0.03441650122284204,
      0.02743613048598796,
      0.02570838117704137,
      0.02545091227033191,
      0.03578330737929751,
      0.05262663373490849
    ],
    "calculated_relative_entropy": [
      0.04023612391602851,
      0.03366155238239896,
      0.009446613152757216,
      0.024895348882886886,
      -0.008619313950342305,
      -9.223138299905599e-05,
      0.015150584881769227,
      0.0002735594367335552,
      0.007533192930866158,
      0.005451451888853744
    ],
    "calculated_purity": [
      0.8437471389770508,
      0.8451337814331055,
      0.6862802505493164,
      0.7944726943969727,
      0.7230510711669922,
      0.7719001770019531,
      0.6974048614501953,
      0.7098007202148438,
      0.7774105072021484,
      0.7171621322631836
    ],
    "noiseless_fidelity": [
      0.9812616601610682,
      0.9861857405391432,
      0.9901655454191122,
      0.9940628731019338,
      0.9927375167955335,
      0.9981222719179411,
      0.9990248067777564,
      0.9964977045903338,
      0.993078564592384,
      0.9918749367050839
    ],
    "noiseless_trace_distance": [
      0.04010335028359699,
      0.04215034496048828,
      0.03712082693409363,
      0.0450719037275113,
      0.02843974631845031,
      0.017817323023687853,
      0.01604364075136855,
      0.014351120815203622,
      0.03040881523232846,
      0.03014268480375705
    ],
    "noiseless_relative_entropy": [
      0.035661129824409846,
      0.03840700604453359,
      0.02217897356815411,
      0.02776435957941195,
      0.014391639255886088,
      0.0069585887632060105,
      0.004629638329904338,
      0.007723673879181204,
      0.028524286264139193,
      0.01650276368468096
    ],
    "noiseless_purity": [
      0.8292373095796298,
      0.8361265415879237,
      0.6581572817806186,
      0.7792602707908686,
      0.6704340183382124,
      0.7614404497050647,
      0.7116516370167055,
      0.7029893947877386,
      0.786632673903375,
      0.6713084471487515
    ]
  }
}
