{
  "metadata": {
    "n": 2,
    "J": 1.0,
    "h": 0.5,
    "beta": 5.0,
    "ancilla_reps": 1,
    "system_reps": null,
    "optimizer": "UMDA",
    "min_kwargs": {},
    "shots": 1024
  },
  "metrics": {
    "exact_purity": 0.8011706484791081,
    "calculated_fidelity": [
      0.9994817295380161,
      1.0042814309230772,
      0.9988860872639127,
      0.989883289821071,
      0.9792562750031997,
      0.9920014394517397,
      1.0040175093165207,
      0.9684053346576819,
      0.9946270084323781,
      0.9983366767971749
    ],
    "calculated_trace_distance": [
      0.01949686603282336,
      0.03557725409435922,
      0.029508278511122407,
      0.05889014003932888,
      0.07644601889598804,
      0.030111522515246295,
      0.027734002990642014,
      0.06404095050134034,
      0.04436428787564081,
      0.0686699074731501
    ],
    "calculated_relative_entropy": [
      0.004728754174334366,
      0.0038450316212441174,
      0.007942567399703927,
      0.052012621060541143,
      0.06673065886618529,
      0.020635357512459332,
      0.002821422501082145,
      0.0737321279837834,
      0.017603971206505382,
      0.07353110310453759
    ],
    "calculated_purity": [
      0.7843437194824219,
      0.7803258895874023,
      0.8505964279174805,
      0.8697605133056641,
      0.9269771575927734,
      0.8271503448486328,
      0.7873258590698242,
      0.9449739456176758,
      0.8728160858154297,
      0.8143672943115234
    ],
    "noiseless_fidelity": [
      0.994600676638318,
      0.9949039987859435,
      0.9979936562732984,
      0.9873683244729758,
      0.9816984517548839,
      0.9953830249829628,
      0.993916154576837,
      0.9778503123226092,
      0.9926114443417946,
      0.9900424947584942
    ],
    "noiseless_trace_distance": [
      0.012637355615597212,
      0.0344456850672227,
      0.013680109651635602,
      0.033073735545457734,
      0.04120961323988989,
      0.020809292855341426,
      0.02839071976014315,
      0.040860856715351335,
      0.03464059809785354,
      0.05529606625555619
    ],
    "noiseless_relative_entropy": [
      0.008212838211961983,
      0.018082031733560128,
      0.005756541537416584,
      0.05799428534474323,
      0.044212070003766764,
      0.024461303645633564,
      0.04138616961615957,
      0.05160522269760111,
      0.02806341090293979,
      0.07487249858890399
    ],
    "noiseless_purity": [
      0.7694171762916329,
      0.7550333209246095,
      0.8278864433191251,
      0.875132059220145,
      0.9167282759388882,
      0.8486665847199004,
      0.7648581329309818,
      0.9162244078893548,
      0.8642894257663083,
      0.8080549696319393
    ]
  }
}
