{
  "metrics": {
    "exact_purity": 0.3482450223805722,
    "calculated_fidelity": [
      0.7072775776958693,
      0.7378950592918434,
      0.7048303413248562,
      0.7708177069642701,
      0.5706161242595839,
      0.6495057404257069,
      0.8158105421271812,
      0.7640113576415098,
      0.6912175047706529,
      0.7115949798708461
    ],
    "calculated_trace_distance": [
      0.2530907164520208,
      0.3542224133408685,
      0.3054178497085242,
      0.29882785329145056,
      0.3496196865851473,
      0.39305174855197994,
      0.238290745611906,
      0.2885064908996259,
      0.2733857529912006,
      0.3011815195343034
    ],
    "calculated_relative_entropy": [
      0.5966589744212276,
      0.5129466063277007,
      0.7219027030828532,
      0.41852064146092594,
      0.840718314532525,
      0.7068709822624261,
      0.3440891013597293,
      0.430165265312558,
      0.675697375117035,
      0.5573925790758819
    ],
    "calculated_purity": [
      0.227736234664917,
      0.2325347661972046,
      0.3522002696990967,
      0.3304516077041626,
      0.17432165145874023,
      0.17433059215545654,
      0.3157554864883423,
      0.2490328550338745,
      0.2044011354446411,
      0.25593292713165283
    ],
    "calculated_kullback_leibler_divergence": [
      0.3020968135067141,
      0.2753597363866169,
      0.47232543242053887,
      Infinity,
      0.4691872479423531,
      0.30152254777755455,
      0.12327580530004323,
      0.21097662485535856,
      0.17949002558626473,
      0.29483627282621244
    ],
    "noiseless_fidelity": [
      0.7056643380414948,
      0.7157104050676437,
      0.7165196431495089,
      0.7417279116353644,
      0.5691513871006723,
      0.6675899337589142,
      0.7783405337590752,
      0.7725581144179938,
      0.7019715073145701,
      0.7151645493819937
    ],
    "noiseless_trace_distance": [
      0.21104675672838002,
      0.2727319245084559,
      0.24031092404319404,
      0.20326194867070643,
      0.2861602251310644,
      0.31625128331491337,
      0.18102714539858422,
      0.2263274806362796,
      0.2540025176041083,
      0.269736493246325
    ],
    "noiseless_relative_entropy": [
      0.7750885594533807,
      0.7571648877838348,
      0.7857915054112564,
      0.8323287902079698,
      1.1798105575859723,
      0.7765074788536681,
      0.617273025791466,
      0.5146692181352899,
      0.8171982651382854,
      0.686226629994976
    ],
    "noiseless_purity": [
      0.20832124254085432,
      0.18539905926350042,
      0.3202493074614461,
      0.2876494744322263,
      0.13322725807752941,
      0.1289729646863652,
      0.29504627841566683,
      0.20417388192710537,
      0.18004249206993683,
      0.22725574755366446
    ],
    "noiseless_kullback_leibler_divergence": [
      0.2968280552785252,
      0.2765407915927926,
      0.47179348853690095,
      0.2357507081181055,
      0.4614551642490769,
      0.3101318630551167,
      0.12325083151568857,
      0.2116972486985981,
      0.18090175784692036,
      0.2961127220801062
    ]
  },
  "metadata": {
    "job_ids": [
      null
    ],
    "backends": [
      null
    ],
    "n": 5,
    "J": 1.0,
    "h": 0.5,
    "beta": 1.0,
    "ancilla_reps": 1,
    "system_reps": 4,
    "optimizer": "SPSA",
    "min_kwargs": {
      "maxiter": 100
    },
    "shots": 1024,
    "noise_model": null
  }
}
