{
  "metrics": {
    "exact_purity": 0.25,
    "calculated_fidelity": [
      0.983443708774166
    ],
    "calculated_trace_distance": [
      0.06619132067246078
    ],
    "calculated_relative_entropy": [
      0.03381455830098527
    ],
    "calculated_purity": [
      0.26625463697645496
    ],
    "calculated_kullback_leibler_divergence": [
      0.008765838995338546
    ],
    "noiseless_fidelity": [
      0.9966090632209897
    ],
    "noiseless_trace_distance": [
      0.029221935622364723
    ],
    "noiseless_relative_entropy": [
      0.006755064039825585
    ],
    "noiseless_purity": [
      0.2534593241150993
    ],
    "noiseless_kullback_leibler_divergence": [
      0.00675506402577946
    ]
  },
  "metadata": {
    "job_ids": [
      "cfd30n2nin47c97m43bg"
    ],
    "backends": [
      "ibmq_jakarta"
    ],
    "n": 2,
    "J": 1,
    "h": 0.5,
    "beta": 1e-10,
    "ancilla_reps": 1,
    "system_reps": 1,
    "optimizer": "SPSA",
    "min_kwargs": {
      "maxiter": 200
    },
    "shots": 1024,
    "noise_model": null
  }
}
