{
  "metrics": {
    "exact_purity": 0.32622154913908924,
    "calculated_fidelity": [
      0.9783975706029834
    ],
    "calculated_trace_distance": [
      0.09007269635397026
    ],
    "calculated_relative_entropy": [
      0.0467129195126021
    ],
    "calculated_purity": [
      0.3238567776150185
    ],
    "calculated_kullback_leibler_divergence": [
      0.0032252625726891596
    ],
    "noiseless_fidelity": [
      0.997440068251955
    ],
    "noiseless_trace_distance": [
      0.02093998386765632
    ],
    "noiseless_relative_entropy": [
      0.005167567443965512
    ],
    "noiseless_purity": [
      0.3187108786552764
    ],
    "noiseless_kullback_leibler_divergence": [
      0.004814653939493527
    ]
  },
  "metadata": {
    "job_ids": [
      "cfd30ninin47c97m440g"
    ],
    "backends": [
      "ibmq_jakarta"
    ],
    "n": 2,
    "J": 1,
    "h": 0.5,
    "beta": 0.5,
    "ancilla_reps": 1,
    "system_reps": 1,
    "optimizer": "SPSA",
    "min_kwargs": {
      "maxiter": 200
    },
    "shots": 1024,
    "noise_model": null
  }
}
