{
  "metrics": {
    "exact_purity": 0.4423502848609148,
    "calculated_fidelity": [
      0.9811852986899956
    ],
    "calculated_trace_distance": [
      0.07153536106454486
    ],
    "calculated_relative_entropy": [
      0.042260816705406344
    ],
    "calculated_purity": [
      0.42773501078287846
    ],
    "calculated_kullback_leibler_divergence": [
      0.025557580917459518
    ],
    "noiseless_fidelity": [
      0.9927121971569732
    ],
    "noiseless_trace_distance": [
      0.04780999672997875
    ],
    "noiseless_relative_entropy": [
      0.019381204223538256
    ],
    "noiseless_purity": [
      0.4700177561850687
    ],
    "noiseless_kullback_leibler_divergence": [
      0.005698873929623621
    ]
  },
  "metadata": {
    "job_ids": [
      "cfd30o3etif5p08ce9pg"
    ],
    "backends": [
      "ibmq_jakarta"
    ],
    "n": 2,
    "J": 1,
    "h": 0.5,
    "beta": 1,
    "ancilla_reps": 1,
    "system_reps": 1,
    "optimizer": "SPSA",
    "min_kwargs": {
      "maxiter": 200
    },
    "shots": 1024,
    "noise_model": null
  }
}
