{
  "metrics": {
    "exact_purity": 0.47715088918704646,
    "calculated_fidelity": [
      0.9747126468670754
    ],
    "calculated_trace_distance": [
      0.08368078778837812
    ],
    "calculated_relative_entropy": [
      0.058123335680606514
    ],
    "calculated_purity": [
      0.42516305711534386
    ],
    "calculated_kullback_leibler_divergence": [
      0.006792824147902311
    ],
    "noiseless_fidelity": [
      0.9934138078092749
    ],
    "noiseless_trace_distance": [
      0.03202218903235328
    ],
    "noiseless_relative_entropy": [
      0.018434766204224504
    ],
    "noiseless_purity": [
      0.4662059605037966
    ],
    "noiseless_kullback_leibler_divergence": [
      0.003341769049252555
    ]
  },
  "metadata": {
    "job_ids": [
      "cfd30of5eonmr9hu0u1g"
    ],
    "backends": [
      "ibmq_jakarta"
    ],
    "n": 2,
    "J": 1,
    "h": 0.5,
    "beta": 1.2,
    "ancilla_reps": 1,
    "system_reps": 1,
    "optimizer": "SPSA",
    "min_kwargs": {
      "maxiter": 200
    },
    "shots": 1024,
    "noise_model": null
  }
}
