{
  "metrics": {
    "exact_purity": 0.5677667882613814,
    "calculated_fidelity": [
      0.9543026283128931
    ],
    "calculated_trace_distance": [
      0.07801166449093232
    ],
    "calculated_relative_entropy": [
      0.4191299062475298
    ],
    "calculated_purity": [
      0.5093744819500544
    ],
    "calculated_kullback_leibler_divergence": [
      0.02948702788371701
    ],
    "noiseless_fidelity": [
      0.992518835344529
    ],
    "noiseless_trace_distance": [
      0.019028076159476402
    ],
    "noiseless_relative_entropy": [
      0.05986489004062296
    ],
    "noiseless_purity": [
      0.5858595605109983
    ],
    "noiseless_kullback_leibler_divergence": [
      0.024297901746573168
    ]
  },
  "metadata": {
    "job_ids": [
      "cfd30oqnin47c97m452g"
    ],
    "backends": [
      "ibmq_jakarta"
    ],
    "n": 2,
    "J": 1,
    "h": 0.5,
    "beta": 2,
    "ancilla_reps": 1,
    "system_reps": 1,
    "optimizer": "SPSA",
    "min_kwargs": {
      "maxiter": 200
    },
    "shots": 1024,
    "noise_model": null
  }
}
