{
  "metrics": {
    "exact_purity": 0.6514456428594425,
    "calculated_fidelity": [
      0.9257231852816662
    ],
    "calculated_trace_distance": [
      0.07756810981339346
    ],
    "calculated_relative_entropy": [
      0.11190820021995276
    ],
    "calculated_purity": [
      0.5747010972764762
    ],
    "calculated_kullback_leibler_divergence": [
      0.02785438727894367
    ],
    "noiseless_fidelity": [
      0.9954026329455036
    ],
    "noiseless_trace_distance": [
      0.040970624590084485
    ],
    "noiseless_relative_entropy": [
      0.035646026062197356
    ],
    "noiseless_purity": [
      0.658643734734933
    ],
    "noiseless_kullback_leibler_divergence": [
      0.000633162247868484
    ]
  },
  "metadata": {
    "job_ids": [
      "cfd30ov5eonmr9hu0uk0"
    ],
    "backends": [
      "ibmq_jakarta"
    ],
    "n": 2,
    "J": 1,
    "h": 0.5,
    "beta": 3,
    "ancilla_reps": 1,
    "system_reps": 1,
    "optimizer": "SPSA",
    "min_kwargs": {
      "maxiter": 200
    },
    "shots": 1024,
    "noise_model": null
  }
}
