{
  "metrics": {
    "exact_purity": 0.7308553090569767,
    "calculated_fidelity": [
      0.8982172630684315
    ],
    "calculated_trace_distance": [
      0.1353365260031436
    ],
    "calculated_relative_entropy": [
      2.591995232097439
    ],
    "calculated_purity": [
      0.8438289358908379
    ],
    "calculated_kullback_leibler_divergence": [
      0.1052523357467456
    ],
    "noiseless_fidelity": [
      0.8506211717690428
    ],
    "noiseless_trace_distance": [
      0.09422155240188156
    ],
    "noiseless_relative_entropy": [
      1.4078801219864525
    ],
    "noiseless_purity": [
      0.9923837568950648
    ],
    "noiseless_kullback_leibler_divergence": [
      0.5551826375551876
    ]
  },
  "metadata": {
    "job_ids": [
      "cfd30p75eonmr9hu0us0"
    ],
    "backends": [
      "ibmq_jakarta"
    ],
    "n": 2,
    "J": 1,
    "h": 0.5,
    "beta": 4,
    "ancilla_reps": 1,
    "system_reps": 1,
    "optimizer": "SPSA",
    "min_kwargs": {
      "maxiter": 200
    },
    "shots": 1024,
    "noise_model": null
  }
}
