{
  "metrics": {
    "exact_purity": 0.8011706484791081,
    "calculated_fidelity": [
      0.9108295798856204
    ],
    "calculated_trace_distance": [
      0.14175473732947505
    ],
    "calculated_relative_entropy": [
      0.12548955290459088
    ],
    "calculated_purity": [
      0.6600240071614589
    ],
    "calculated_kullback_leibler_divergence": [
      0.11551787901012477
    ],
    "noiseless_fidelity": [
      0.9966984730217509
    ],
    "noiseless_trace_distance": [
      0.03340917693987357
    ],
    "noiseless_relative_entropy": [
      0.027980798775382593
    ],
    "noiseless_purity": [
      0.8155872788315589
    ],
    "noiseless_kullback_leibler_divergence": [
      0.0014365151937224332
    ]
  },
  "metadata": {
    "job_ids": [
      "cfd30pf5eonmr9hu0v5g"
    ],
    "backends": [
      "ibmq_jakarta"
    ],
    "n": 2,
    "J": 1,
    "h": 0.5,
    "beta": 5,
    "ancilla_reps": 1,
    "system_reps": 1,
    "optimizer": "SPSA",
    "min_kwargs": {
      "maxiter": 200
    },
    "shots": 1024,
    "noise_model": null
  }
}
