{
  "metadata": {
    "n": 4,
    "J": 1.0,
    "h": 0.5,
    "beta": 1e-10,
    "ancilla_reps": 1,
    "system_reps": null,
    "optimizer": "SPSA",
    "min_kwargs": {
      "maxiter": 400
    },
    "shots": 1024
  },
  "metrics": {
    "exact_purity": 0.0625,
    "calculated_fidelity": [
      0.9443629613239528,
      0.9304706724780759,
      0.950612274409685,
      0.8063403599406641,
      0.7674461288806124,
      0.6686090452564732,
      0.9589760400865082,
      0.9572508258716996,
      0.7130769194536699,
      0.7600254909158219
    ],
    "calculated_trace_distance": [
      0.06807213315526969,
      0.08043562295600214,
      0.06011210757762381,
      0.541361912065298,
      0.28437944051661057,
      0.37140743235005447,
      0.05740055278545695,
      0.06806273261040126,
      0.19695531079189005,
      0.37952197659585396
    ],
    "calculated_relative_entropy": [
      0.12364775442015163,
      0.15772512881000306,
      0.10571405883752787,
      -0.2551435771986367,
      0.21891353924382123,
      0.04367264511230713,
      0.08838734773878285,
      0.11410423645758669,
      0.2944245565662176,
      -0.1369410321765511
    ],
    "calculated_purity": [
      0.07485032081604004,
      0.07813477516174316,
      0.07422709465026855,
      0.5980477333068848,
      0.1945505142211914,
      0.3460226058959961,
      0.07205462455749512,
      0.06957840919494629,
      0.19098258018493652,
      0.3615562915802002
    ],
    "noiseless_fidelity": [
      0.9997607128815582,
      0.9996789879333262,
      0.9996846335955826,
      0.41732380840809274,
      0.6217655863175385,
      0.4895869527159239,
      0.9994832950286126,
      0.9998022764261129,
      0.7899744409712363,
      0.5549674457973509
    ],
    "noiseless_trace_distance": [
      0.0028722611719038983,
      0.003812929650576409,
      0.003507907466911264,
      0.2780565849968894,
      0.11261633897538306,
      0.2364003046758491,
      0.005644770101057076,
      0.0028473325023637788,
      0.1102486464156696,
      0.20706745251458086
    ],
    "noiseless_relative_entropy": [
      0.0004804877444459315,
      0.0006425069368553581,
      0.0006296263385325437,
      2.2710872551710253,
      1.2602818669221514,
      2.364450327094806,
      0.0010315249842414032,
      0.00039629443852591713,
      0.5071133394703912,
      1.6409259799883893
    ],
    "noiseless_purity": [
      0.06255915495405011,
      0.06258014510708591,
      0.06257933163034848,
      0.2651232107429754,
      0.15707339189822764,
      0.22711570463845301,
      0.06263014822194735,
      0.06254914262042605,
      0.12153959641935554,
      0.18722401632085167
    ]
  }
}
