{
  "metadata": {
    "n": 4,
    "J": 1.0,
    "h": 0.5,
    "beta": 0.2,
    "ancilla_reps": 1,
    "system_reps": null,
    "optimizer": "SPSA",
    "min_kwargs": {
      "maxiter": 400
    },
    "shots": 1024
  },
  "metrics": {
    "exact_purity": 0.07653248008408806,
    "calculated_fidelity": [
      0.8932774250615187,
      0.8754882561357757,
      0.9387817195458489,
      0.8755296140247752,
      0.8619237509560984,
      0.8425602803450561,
      0.7815061495200546,
      0.8888202183713455,
      0.8712116088931573,
      0.8911491489933174
    ],
    "calculated_trace_distance": [
      0.09566906264290467,
      0.11384745872364857,
      0.07238418694757437,
      0.092984763502777,
      0.10685935772596054,
      0.09600249749907602,
      0.16321071406660834,
      0.09651354647268517,
      0.11067118137015171,
      0.08516793231010526
    ],
    "calculated_relative_entropy": [
      0.3013702994898191,
      0.251311069865895,
      0.13076612022717146,
      0.3036664320366615,
      0.37245318645277964,
      0.2711726084459468,
      0.31948994767934275,
      0.2555587574260035,
      0.20893343489618382,
      0.29404118551493946
    ],
    "calculated_purity": [
      0.07620906829833984,
      0.08356475830078125,
      0.07426786422729492,
      0.08326125144958496,
      0.08784818649291992,
      0.10809159278869629,
      0.1291341781616211,
      0.07783889770507812,
      0.08920168876647949,
      0.08229875564575195
    ],
    "noiseless_fidelity": [
      0.9648126304618544,
      0.9653285878333898,
      0.9713113597789041,
      0.9660729716794306,
      0.9768005020794248,
      0.9637837969713905,
      0.9437218754457559,
      0.9587763106782116,
      0.9637195565084545,
      0.9778967770498118
    ],
    "noiseless_trace_distance": [
      0.04275172503977855,
      0.043986181429447185,
      0.04457152745918851,
      0.04866691477876925,
      0.03582635343008031,
      0.050744658794944456,
      0.07075774681485344,
      0.046022227169019124,
      0.04399634143071566,
      0.03115680725461894
    ],
    "noiseless_relative_entropy": [
      0.07240362451775909,
      0.07072312435161753,
      0.05909568965309695,
      0.06927513817023792,
      0.046968008916347045,
      0.07322375831998143,
      0.11738909616798304,
      0.08459258577023605,
      0.07403611176241298,
      0.044612400449515616
    ],
    "noiseless_purity": [
      0.0660073203391019,
      0.06631409887503667,
      0.06786116319816976,
      0.0658357821734782,
      0.06991213658084133,
      0.09257759684625838,
      0.09366845639416288,
      0.0647069007525275,
      0.06713966925016401,
      0.07001342268483782
    ]
  }
}
