{
  "metadata": {
    "n": 4,
    "J": 1.0,
    "h": 0.5,
    "beta": 0.5,
    "ancilla_reps": 1,
    "system_reps": null,
    "optimizer": "SPSA",
    "min_kwargs": {
      "maxiter": 400
    },
    "shots": 1024
  },
  "metrics": {
    "exact_purity": 0.1745477399454516,
    "calculated_fidelity": [
      0.8508271946732725,
      0.8660486331321289,
      0.8494094453855308,
      0.900358139398238,
      0.8526857818946302,
      0.8422662272798732,
      0.8363419060471253,
      0.8526238165948159,
      0.8577267934991343,
      0.8828049295144033
    ],
    "calculated_trace_distance": [
      0.12045452001567074,
      0.15842178128621207,
      0.16833335601294833,
      0.143813432846576,
      0.1746051761281212,
      0.21949381024275513,
      0.2456275127319694,
      0.11115987087143474,
      0.15418623046826166,
      0.15480169905615956
    ],
    "calculated_relative_entropy": [
      0.16540622310277098,
      0.20314620406694767,
      0.20595950947073713,
      0.03537761746002387,
      0.401310333002185,
      0.15725442125962796,
      0.16691330773235777,
      0.24278179130727895,
      0.09662246794551528,
      0.2562771160057249
    ],
    "calculated_purity": [
      0.20346379280090332,
      0.20940780639648438,
      0.18689632415771484,
      0.23707795143127441,
      0.18845701217651367,
      0.23822855949401855,
      0.21932291984558105,
      0.14848780632019043,
      0.22281193733215332,
      0.17483115196228027
    ],
    "noiseless_fidelity": [
      0.9471732058165059,
      0.958006651027385,
      0.9729828276642863,
      0.9698147400148627,
      0.9705375792970791,
      0.9211319374400969,
      0.9268352870248412,
      0.9371633520360534,
      0.9262275765894321,
      0.9605025329277938
    ],
    "noiseless_trace_distance": [
      0.03573120670497813,
      0.034382583689011606,
      0.039471846284180934,
      0.03252953094310495,
      0.04316751562693216,
      0.06645424081480496,
      0.06846564414738579,
      0.11787085030763171,
      0.045369931525286615,
      0.04013325321239148
    ],
    "noiseless_relative_entropy": [
      0.12250188753066948,
      0.09807799781027647,
      0.054347953033349126,
      0.07300633071814319,
      0.05892865713148074,
      0.19817710342074235,
      0.18296109870505978,
      0.12810033182054276,
      0.19751240407020276,
      0.08363999614039377
    ],
    "noiseless_purity": [
      0.1704108008706407,
      0.18116242496162566,
      0.13987363848804743,
      0.19451342890315276,
      0.13914480386690137,
      0.17129185259675986,
      0.16906816066670455,
      0.12931338407540233,
      0.1801687452717196,
      0.14764323638898724
    ]
  }
}
