{
  "metadata": {
    "n": 4,
    "J": 1.0,
    "h": 0.5,
    "beta": 0.8,
    "ancilla_reps": 1,
    "system_reps": null,
    "optimizer": "SPSA",
    "min_kwargs": {
      "maxiter": 400
    },
    "shots": 1024
  },
  "metrics": {
    "exact_purity": 0.32748109567538675,
    "calculated_fidelity": [
      0.9068675512378156,
      0.9471074203959674,
      0.8946613913727178,
      0.9265552541546233,
      0.9265080877224129,
      0.9299572483443809,
      0.9016149470169875,
      0.9244504387601571,
      0.9718014642907322,
      0.9271329101313132
    ],
    "calculated_trace_distance": [
      0.18031287539272758,
      0.1852091049724605,
      0.23597380902943293,
      0.20742750742736477,
      0.20895490765626298,
      0.20534254214698336,
      0.2077004558105991,
      0.19223523733002493,
      0.1893956610269148,
      0.21876822505610802
    ],
    "calculated_relative_entropy": [
      0.12054349935859503,
      0.01498328709396525,
      0.150578015053318,
      0.11589108598208672,
      0.33105173148937767,
      0.11498679179306359,
      0.12271006784583298,
      0.037699119571356784,
      -0.02910828080947081,
      0.13828452127093627
    ],
    "calculated_purity": [
      0.32956957817077637,
      0.3883242607116699,
      0.3577413558959961,
      0.40370845794677734,
      0.41324853897094727,
      0.37156176567077637,
      0.36905813217163086,
      0.41422533988952637,
      0.4190061092376709,
      0.3903203010559082
    ],
    "noiseless_fidelity": [
      0.9351182346567521,
      0.9598456597865112,
      0.9731711042139501,
      0.9685682326551566,
      0.9664820916555434,
      0.9696244415331254,
      0.9822647187885027,
      0.9587296802093223,
      0.9717908801352707,
      0.9704362383306832
    ],
    "noiseless_trace_distance": [
      0.08506956764376948,
      0.0671909662071461,
      0.033854975283557215,
      0.028807291728424975,
      0.037115446212601017,
      0.03979994380202945,
      0.029195131236649498,
      0.03061044503934049,
      0.03539458028063844,
      0.029767425613229318
    ],
    "noiseless_relative_entropy": [
      0.16820517688599937,
      0.1317214132387297,
      0.055613578250879925,
      0.08941194864666263,
      0.11908959223937728,
      0.07279712264963678,
      0.03910449394117348,
      0.13727575867960717,
      0.08521725339815318,
      0.07789525002493375
    ],
    "noiseless_purity": [
      0.2649985442268158,
      0.3408355654032177,
      0.29201103054213107,
      0.33355114284675713,
      0.34508773180108254,
      0.2972359881118668,
      0.30591519295938907,
      0.35134981365865114,
      0.3507790389681893,
      0.3331907257511411
    ]
  }
}
