{
  "metadata": {
    "n": 4,
    "J": 1.0,
    "h": 0.5,
    "beta": 1.0,
    "ancilla_reps": 1,
    "system_reps": null,
    "optimizer": "SPSA",
    "min_kwargs": {
      "maxiter": 400
    },
    "shots": 1024
  },
  "metrics": {
    "exact_purity": 0.40326401172339443,
    "calculated_fidelity": [
      0.979387173931521,
      0.9641140968072333,
      0.9217920996882127,
      0.9758330742435251,
      0.9695963587163792,
      0.9718595953195334,
      0.9642295198753214,
      0.9781585951699195,
      1.1654196931881906,
      0.9634081751726127
    ],
    "calculated_trace_distance": [
      0.2182809249415316,
      0.1795730283384727,
      0.2348952273957925,
      0.2379524475074472,
      0.22621765020761522,
      0.22805882772570255,
      0.24473408076203754,
      0.2438899287902429,
      0.6268350879573097,
      0.24928867726188497
    ],
    "calculated_relative_entropy": [
      0.03823308591821936,
      0.060332445805460294,
      0.2197078604347572,
      0.047809277343385574,
      0.08744001704517138,
      0.03692974601620382,
      0.05966436756732521,
      0.00017698969341669452,
      -0.09183360787614632,
      0.08216689680998847
    ],
    "calculated_purity": [
      0.46097397804260254,
      0.44477009773254395,
      0.4633476734161377,
      0.5143837928771973,
      0.4964027404785156,
      0.49959778785705566,
      0.5307300090789795,
      0.46349358558654785,
      1.1985864639282227,
      0.5234506130218506
    ],
    "noiseless_fidelity": [
      0.9611869154664765,
      0.9778844291050605,
      0.9717472518372122,
      0.9792500990142958,
      0.9776935772878084,
      0.9765830809413747,
      0.9686974900634935,
      0.9566840638944717,
      0.6077815807853458,
      0.9658544291003043
    ],
    "noiseless_trace_distance": [
      0.028642467437282885,
      0.016999725827701352,
      0.025486563959346106,
      0.03152204345696027,
      0.026054800628927174,
      0.027119534744981764,
      0.031227176773578388,
      0.09727453224677832,
      0.30369985681521894,
      0.024345710632264584
    ],
    "noiseless_relative_entropy": [
      0.1534097058295319,
      0.0733647401575357,
      0.08956197537396193,
      0.08119549103570713,
      0.08018286305317696,
      0.08142413801544843,
      0.11024621842978696,
      0.09865300067243195,
      1.884773012298962,
      0.12374563886845971
    ],
    "noiseless_purity": [
      0.40429258025535175,
      0.4145688410354381,
      0.39346352763014036,
      0.4213370390091321,
      0.4150716868207845,
      0.420977947642161,
      0.43363628104187846,
      0.37787059271768364,
      0.7193934816988858,
      0.4325027727211424
    ]
  }
}
