{
  "metadata": {
    "n": 4,
    "J": 1.0,
    "h": 0.5,
    "beta": 1.2,
    "ancilla_reps": 1,
    "system_reps": null,
    "optimizer": "SPSA",
    "min_kwargs": {
      "maxiter": 400
    },
    "shots": 1024
  },
  "metrics": {
    "exact_purity": 0.4490637418313904,
    "calculated_fidelity": [
      0.9991561795100182,
      1.0154860504298089,
      1.0024727469606554,
      0.9899240794652147,
      1.0191930525599424,
      0.9954292093811437,
      0.9705804703550974,
      1.0557725308805896,
      0.9870230313081891,
      0.9710555048173455
    ],
    "calculated_trace_distance": [
      0.23720506288545545,
      0.18585233743114948,
      0.3333754113519459,
      0.2830649507907135,
      0.2513055908296798,
      0.28885632125909444,
      0.236704076817999,
      0.22319465836299424,
      0.2472697644250116,
      0.253205245262545
    ],
    "calculated_relative_entropy": [
      0.09455636836167311,
      0.005016716361766524,
      0.15279727506195492,
      0.10008746809580082,
      0.07163288144674303,
      0.11781223884501435,
      0.12258057289389566,
      -0.03565238448530714,
      0.12326077289007799,
      0.09925336549366019
    ],
    "calculated_purity": [
      0.5267136096954346,
      0.5110869407653809,
      0.6064136028289795,
      0.5447847843170166,
      0.5931777954101562,
      0.5534045696258545,
      0.496474027633667,
      0.5685489177703857,
      0.5412352085113525,
      0.5002231597900391
    ],
    "noiseless_fidelity": [
      0.9842608312726747,
      0.9845679105449364,
      0.9751988349020012,
      0.9796548105079521,
      0.9790732392860347,
      0.9766493083067043,
      0.9828924052564263,
      0.9730186024291951,
      0.9774000397001642,
      0.9816166630720129
    ],
    "noiseless_trace_distance": [
      0.03222857081017377,
      0.042846094516044916,
      0.043196370174322055,
      0.030452131485111014,
      0.02790171604961658,
      0.017840973808236436,
      0.026874878503627835,
      0.08178603171204644,
      0.02387310453384472,
      0.02422473892578357
    ],
    "noiseless_relative_entropy": [
      0.06214921733395004,
      0.07737854485726721,
      0.12180968832614132,
      0.07671147275488041,
      0.08808635648325314,
      0.17874819117552698,
      0.04883979998702399,
      0.12022591096606032,
      0.08968155940854561,
      0.05483862831302755
    ],
    "noiseless_purity": [
      0.46135768865774807,
      0.4633194426739038,
      0.4833145571255535,
      0.4565076922912942,
      0.4776053213573275,
      0.44642563119329826,
      0.43537519601722374,
      0.4842681216703993,
      0.45553660262361234,
      0.4353655304081081
    ]
  }
}
