{
  "metadata": {
    "n": 4,
    "J": 1.0,
    "h": 0.5,
    "beta": 2.0,
    "ancilla_reps": 1,
    "system_reps": null,
    "optimizer": "SPSA",
    "min_kwargs": {
      "maxiter": 400
    },
    "shots": 1024
  },
  "metrics": {
    "exact_purity": 0.49706710502102047,
    "calculated_fidelity": [
      0.9796175372390692,
      1.0112265034307049,
      0.9971569844643363,
      1.0020862063203515,
      0.9881667405762004,
      1.0057873948688938,
      0.9765458019707126,
      0.9835258545158075,
      0.9537237522667721,
      1.0296554997370522
    ],
    "calculated_trace_distance": [
      0.8664005747922116,
      0.32159576410358975,
      0.8367892634889165,
      0.22569758109141985,
      0.29034273417116563,
      0.3073274328750652,
      0.4376223439741501,
      0.5600485683818056,
      0.5645061303700348,
      0.3165512213708914
    ],
    "calculated_relative_entropy": [
      0.15979867604863385,
      0.09100326804168835,
      0.1303537377944491,
      0.16276229105701145,
      0.11440013413322236,
      0.1374293759026028,
      0.12284594866535767,
      0.10581835129744034,
      0.14162940641524263,
      0.1197778754477695
    ],
    "calculated_purity": [
      1.6963233947753906,
      0.6475646495819092,
      1.6480255126953125,
      0.5664021968841553,
      0.5915701389312744,
      0.5967385768890381,
      0.8267314434051514,
      1.1798315048217773,
      1.2060599327087402,
      0.6486814022064209
    ],
    "noiseless_fidelity": [
      0.5215246967303493,
      0.9869980405067393,
      0.5565021714422412,
      0.9953218851811144,
      0.965896984903327,
      0.9964377845232888,
      0.9186272209393537,
      0.7707413750197603,
      0.7239293063001505,
      0.9929393368448777
    ],
    "noiseless_trace_distance": [
      0.40379930068781356,
      0.07568080793154808,
      0.4012254124511205,
      0.024567953669641276,
      0.09179550426234459,
      0.025407101084783137,
      0.17644529036328332,
      0.3063179973000934,
      0.334710323822107,
      0.051026394433799985
    ],
    "noiseless_relative_entropy": [
      3.239871279591827,
      0.054999223076334494,
      2.9728693904933445,
      0.02214378314890529,
      0.15310675926549874,
      0.04247425704761422,
      0.34602289098349653,
      0.8541443151001549,
      0.8612444689656122,
      0.04276614686967603
    ],
    "noiseless_purity": [
      0.9779297216201203,
      0.5241972067318725,
      0.9757325636425742,
      0.49414652266959286,
      0.5098146684856301,
      0.5009329303086796,
      0.5819743449210397,
      0.7664993201156409,
      0.7916684820574258,
      0.50809103940614
    ]
  }
}
