{
  "metadata": {
    "n": 4,
    "J": 1.0,
    "h": 0.5,
    "beta": 3.0,
    "ancilla_reps": 1,
    "system_reps": null,
    "optimizer": "SPSA",
    "min_kwargs": {
      "maxiter": 400
    },
    "shots": 1024
  },
  "metrics": {
    "exact_purity": 0.5012707840796924,
    "calculated_fidelity": [
      1.0073172997669706,
      1.006384576230721,
      0.9862761714180094,
      0.8868771700298185,
      0.9339487797295409,
      0.9902830277472231,
      0.9949180288752062,
      0.9290619213893193,
      0.9734515064932102,
      0.9721006308177949
    ],
    "calculated_trace_distance": [
      0.33598474214120344,
      0.28970793795656397,
      0.20696776860847185,
      0.9808352599585093,
      0.7489415094452476,
      0.5205295804100801,
      0.24457486057854688,
      0.7947088102944875,
      0.23215744004629615,
      0.24887252599478488
    ],
    "calculated_relative_entropy": [
      0.15600160474242308,
      0.18492706150398366,
      0.07500045707377377,
      0.3293483357373983,
      0.14320347269625455,
      0.1397296126510339,
      0.08737467826063808,
      0.15002254685685124,
      0.09909764207638086,
      0.2028013918686185
    ],
    "calculated_purity": [
      0.6515159606933594,
      0.6156835556030273,
      0.5801079273223877,
      1.9510693550109863,
      1.533146619796753,
      0.8827481269836426,
      0.6134600639343262,
      1.6241888999938965,
      0.5708308219909668,
      0.5729420185089111
    ],
    "noiseless_fidelity": [
      0.991157508919966,
      0.9980895035386348,
      0.9819123509394677,
      0.5299458670069427,
      0.608693055320438,
      0.9619125536571052,
      0.982632932448661,
      0.5007368146087008,
      0.9801239819942911,
      0.9741166214766119
    ],
    "noiseless_trace_distance": [
      0.058869161087070535,
      0.019970502988837784,
      0.11261630367872882,
      0.4201196371678566,
      0.39625871257787404,
      0.1447247705186271,
      0.094409647369328,
      0.4130387815170727,
      0.09601913669369316,
      0.07260111035058962
    ],
    "noiseless_relative_entropy": [
      0.05401232591106889,
      0.014900508734543821,
      0.1312794865380978,
      4.994707245955336,
      2.414978010892502,
      0.08643003739631958,
      0.06252786589723586,
      4.066123556043516,
      0.04854530003399768,
      0.15974010038048445
    ],
    "noiseless_purity": [
      0.5184656158861333,
      0.4993227923196529,
      0.5040007675318715,
      0.9970669076323122,
      0.9479398905842009,
      0.5808017765845201,
      0.5163590122900455,
      0.9833573817316579,
      0.5138874271815336,
      0.4954889939613258
    ]
  }
}
