{
  "metadata": {
    "n": 4,
    "J": 1.0,
    "h": 0.5,
    "beta": 4.0,
    "ancilla_reps": 1,
    "system_reps": null,
    "optimizer": "SPSA",
    "min_kwargs": {
      "maxiter": 400
    },
    "shots": 1024
  },
  "metrics": {
    "exact_purity": 0.5025042466084132,
    "calculated_fidelity": [
      1.008158821914488,
      0.9290943388966466,
      0.8930874842822236,
      0.9375328467668427,
      0.9249524890501687,
      0.944174198891616,
      0.9046613349161131,
      0.9868446786607588,
      0.9779723840937545,
      0.9256621850982258
    ],
    "calculated_trace_distance": [
      0.24927967317905517,
      0.8249481613758343,
      0.7720782481376772,
      0.8361935343315714,
      0.8285163057299355,
      0.8119199878683199,
      0.896605201953209,
      0.28485931839421164,
      0.36307185086535504,
      0.8230004801849689
    ],
    "calculated_relative_entropy": [
      0.08279721257804401,
      0.14679108539071156,
      0.2607603620873312,
      0.13784599869704586,
      0.15824064850197203,
      0.1205293357392538,
      0.19243771059725479,
      0.17402761720368592,
      0.12162687547030973,
      0.14928467563440273
    ],
    "calculated_purity": [
      0.615541934967041,
      1.6667048931121826,
      1.6941196918487549,
      1.6852083206176758,
      1.6903648376464844,
      1.659308671951294,
      1.721050500869751,
      0.5783021450042725,
      0.6789360046386719,
      1.6613359451293945
    ],
    "noiseless_fidelity": [
      0.985566569034789,
      0.47579740567935674,
      0.555331595907061,
      0.48475270656850256,
      0.47935349993506726,
      0.4725935382969161,
      0.49188136769413654,
      0.998425047649274,
      0.9836911381369409,
      0.4871143229555425
    ],
    "noiseless_trace_distance": [
      0.09213788389025657,
      0.42116646283356896,
      0.3619199798891529,
      0.4204645586891279,
      0.42094401176957524,
      0.42101610116095994,
      0.42029538281914397,
      0.015528944105702859,
      0.06961777515908261,
      0.42055336774156177
    ],
    "noiseless_relative_entropy": [
      0.0446502768719285,
      5.174760608576729,
      4.94787421148378,
      5.265037613525164,
      4.475728434264062,
      5.899629388721252,
      4.451053934620544,
      0.017925344853751628,
      0.044417236201356916,
      4.34261888390538
    ],
    "noiseless_purity": [
      0.5056630971412721,
      0.9959777795133228,
      0.9918077991119473,
      0.993761746951916,
      0.9974658442186612,
      0.997180938998316,
      0.9750980611496445,
      0.5013110418549804,
      0.5414846473530459,
      0.9940097872974583
    ]
  }
}
