{
  "metadata": {
    "n": 4,
    "J": 1.0,
    "h": 0.5,
    "beta": 5.0,
    "ancilla_reps": 1,
    "system_reps": null,
    "optimizer": "SPSA",
    "min_kwargs": {
      "maxiter": 400
    },
    "shots": 1024
  },
  "metrics": {
    "exact_purity": 0.5039152858087399,
    "calculated_fidelity": [
      0.9409506292263183,
      0.8794370141893442,
      0.9261514904017355,
      0.8557679870727931,
      0.9838297287965375,
      0.9228979956541781,
      0.9270254078017767,
      0.9416672682845413,
      0.9399500159791893,
      0.9331057789932016
    ],
    "calculated_trace_distance": [
      0.7594018060430885,
      0.9384706753786862,
      0.8423420562063548,
      0.9853532925054598,
      0.28532153369349467,
      0.7871206659815647,
      0.7677086840465004,
      0.6066245789698795,
      0.7564380476041253,
      0.8031059742868817
    ],
    "calculated_relative_entropy": [
      0.11375441335700699,
      0.3190403200340822,
      0.1451603213028394,
      0.40322787689743683,
      0.0925615613675796,
      0.14091960440535659,
      0.1282738551431344,
      0.16912541251826624,
      0.11722255727056202,
      0.13576750819716107
    ],
    "calculated_purity": [
      1.5807321071624756,
      1.8925766944885254,
      1.6872622966766357,
      1.9847333431243896,
      0.7100775241851807,
      1.6330490112304688,
      1.6016230583190918,
      1.0758721828460693,
      1.6428489685058594,
      1.6849124431610107
    ],
    "noiseless_fidelity": [
      0.5517200156662776,
      0.5487635263408213,
      0.47987014348766244,
      0.6014894097812843,
      0.9500132821224105,
      0.47124670197641366,
      0.4767144668334349,
      0.9173404594087092,
      0.5141622451421141,
      0.46391922003696184
    ],
    "noiseless_trace_distance": [
      0.41905830050368975,
      0.3883883602477097,
      0.4276743214675392,
      0.40890695586805176,
      0.14132205532160902,
      0.42786166792069047,
      0.42773712927485247,
      0.2100213279602168,
      0.42549795300642507,
      0.42788206339306306
    ],
    "noiseless_relative_entropy": [
      2.316657408430848,
      6.485948787288825,
      4.151785711344248,
      2.0794480080953273,
      0.16905121533487724,
      5.219232257422366,
      4.108889732563629,
      0.2161451482868953,
      2.6894153863681876,
      4.898334653693595
    ],
    "noiseless_purity": [
      0.9757495041689529,
      0.9989339922330019,
      0.9953476898264726,
      0.9391115615014077,
      0.550513462906023,
      0.9967139984263276,
      0.9887307128048536,
      0.6782323565337156,
      0.9913123118571088,
      0.9949553943039415
    ]
  }
}
