{
  "metrics": {
    "exact_purity": 0.3482450223805722,
    "calculated_fidelity": [
      0.9928922510308289,
      1.0481716207774174,
      1.005971637364762,
      1.0004619378941582,
      1.0002311154671812,
      0.9776190210674359,
      0.9800938030244106,
      1.022202188647301,
      0.997689656779992,
      1.0001044132258332
    ],
    "calculated_trace_distance": [
      0.12511846735737756,
      0.20194811619459044,
      0.13437739180886246,
      0.1390459664054742,
      0.1435226206035902,
      0.14846198761515314,
      0.1468239975574512,
      0.205950380943402,
      0.14317443342564543,
      0.1814161373469888
    ],
    "calculated_relative_entropy": [
      -0.09509464067009514,
      -0.14739063775099426,
      -0.10900412593705251,
      -0.1028700123609539,
      -0.1187560467001531,
      -0.06367534831080757,
      -0.04546358183907106,
      -0.10693982547379541,
      -0.09243562749540638,
      -0.06302933627689693
    ],
    "calculated_purity": [
      0.40397775173187256,
      0.4737222194671631,
      0.4066183567047119,
      0.41211986541748047,
      0.43887901306152344,
      0.36497676372528076,
      0.368428111076355,
      0.43756604194641113,
      0.4109395742416382,
      0.4192953109741211
    ],
    "calculated_kullback_leibler_divergence": [
      Infinity,
      Infinity,
      0.04124318173239844,
      0.026589599987471558,
      0.059300783267526976,
      0.01441507094997344,
      0.014331493727692327,
      Infinity,
      0.018984786467812896,
      Infinity
    ],
    "noiseless_fidelity": [
      0.950034559134737,
      0.9350280520633963,
      0.9463660715459264,
      0.9498028753903526,
      0.9417890246016598,
      0.9536355954862243,
      0.9662493718713114,
      0.9471139509848018,
      0.9575897580390116,
      0.9527838087584253
    ],
    "noiseless_trace_distance": [
      0.045325810503373365,
      0.044815595803591395,
      0.031011965214268446,
      0.05443403205038355,
      0.045666960446920105,
      0.03188826100678544,
      0.024854846243736708,
      0.053277593555753275,
      0.04618887040529558,
      0.0363910516451207
    ],
    "noiseless_relative_entropy": [
      0.18257245433537103,
      0.2585408476377874,
      0.16590640508339552,
      0.21030697715998098,
      0.22565620835240827,
      0.1278916515700607,
      0.09737972319473615,
      0.19486039960407742,
      0.12746700185278884,
      0.17658732216977943
    ],
    "noiseless_purity": [
      0.39279233427864,
      0.4187400788831698,
      0.3668919226963917,
      0.37798359401312515,
      0.41090084401277616,
      0.33885406018485387,
      0.32640886541668035,
      0.3520623874359984,
      0.37754588887159135,
      0.3730024140688737
    ],
    "noiseless_kullback_leibler_divergence": [
      0.021946215607543416,
      0.06020733482900172,
      0.040978860753405386,
      0.026210195719139507,
      0.059982942228522566,
      0.013788675408679188,
      0.01436463898269555,
      0.0202606263121826,
      0.01856290783473067,
      0.02000230055529104
    ]
  },
  "metadata": {
    "job_ids": [
      null
    ],
    "backends": [
      null
    ],
    "n": 5,
    "J": 1.0,
    "h": 0.5,
    "beta": 1.0,
    "ancilla_reps": 1,
    "system_reps": 4,
    "optimizer": "SPSA",
    "min_kwargs": {
      "maxiter": 1000
    },
    "shots": 1024,
    "noise_model": null
  }
}
