{
  "metadata": {
    "n": 5,
    "J": 1.0,
    "h": 0.5,
    "beta": 1e-10,
    "ancilla_reps": 1,
    "system_reps": null,
    "optimizer": "SPSA",
    "min_kwargs": {
      "maxiter": 500
    },
    "shots": 1024
  },
  "metrics": {
    "exact_purity": 0.03125,
    "calculated_fidelity": [
      0.761100894276892,
      0.8009420720166385,
      0.8237266206846373,
      0.6642856518576205,
      0.7667183080282322,
      0.7404662429135742,
      0.820494128515487,
      0.9070814351804996,
      0.5849527817822706,
      0.7953676439258638
    ],
    "calculated_trace_distance": [
      0.3663767456568658,
      0.13074141519677968,
      0.4079710068191774,
      0.5186571389692383,
      0.29985365788744794,
      0.26766919551904905,
      0.1445334019771789,
      0.6351956817700732,
      0.3550525967955964,
      0.17910498901432537
    ],
    "calculated_relative_entropy": [
      -0.1430800202642568,
      0.269799836133757,
      -0.3669078971932874,
      -0.012345480640392537,
      -0.14940953235469906,
      -0.0367280471103127,
      0.1300513918765108,
      -0.5151062703365387,
      0.1480581173156214,
      0.2672966556446067
    ],
    "calculated_purity": [
      0.2841966152191162,
      0.0603179931640625,
      0.35436129570007324,
      0.35342514514923096,
      0.21504437923431396,
      0.14926302433013916,
      0.06959640979766846,
      0.5740261077880859,
      0.2194894552230835,
      0.07064950466156006
    ],
    "noiseless_fidelity": [
      0.5814782461089886,
      0.9998514836018979,
      0.5543990272398975,
      0.5787845763492193,
      0.5637029852249285,
      0.5805865924825496,
      0.9998068424606273,
      0.47791843031782255,
      0.47107444524710296,
      0.9999302886386559
    ],
    "noiseless_trace_distance": [
      0.1912215907188684,
      0.0019425337329556697,
      0.2159694276642857,
      0.20630490303507837,
      0.1517765518581703,
      0.1342882530567653,
      0.0018737029966258076,
      0.33761826739746303,
      0.17467575020905526,
      0.001025159500749601
    ],
    "noiseless_relative_entropy": [
      1.1721656204406412,
      0.0002978402333185435,
      1.405711215764807,
      1.2189963196410007,
      1.7731461935269934,
      1.7987598391445778,
      0.0003862509989912954,
      1.8853991065508233,
      1.8836449885209063,
      0.00013957018991615213
    ],
    "noiseless_purity": [
      0.12827220907389103,
      0.03126842297252978,
      0.12460889192389661,
      0.1340194896574886,
      0.09602330780551754,
      0.08905329488296379,
      0.031274170193668197,
      0.19800896413736174,
      0.1369665244019167,
      0.031258688341032924
    ]
  }
}
