{
  "metadata": {
    "n": 5,
    "J": 1.0,
    "h": 0.5,
    "beta": 0.2,
    "ancilla_reps": 1,
    "system_reps": null,
    "optimizer": "SPSA",
    "min_kwargs": {
      "maxiter": 500
    },
    "shots": 1024
  },
  "metrics": {
    "exact_purity": 0.039692754798395,
    "calculated_fidelity": [
      0.7865329804362136,
      0.7820559263656985,
      0.721378307397107,
      0.7896395487500888,
      0.8254018850022621,
      0.7981922864832194,
      0.732414780238101,
      0.7086252436067197,
      0.7940559894862893,
      0.7849816405733786
    ],
    "calculated_trace_distance": [
      0.09504987041607554,
      0.11455278482542881,
      0.15365855370413817,
      0.1120877005425212,
      0.09035362753221411,
      0.11177887443215558,
      0.1435821748139212,
      0.14700633500199206,
      0.12910242974350764,
      0.167708320397587
    ],
    "calculated_relative_entropy": [
      0.3376797954746384,
      0.3478364087692913,
      0.26937624227300005,
      0.29561979073656064,
      0.2616459292504802,
      0.3278196666230595,
      0.2213312729363891,
      0.27514870182532225,
      0.1673536477875023,
      0.20851884336946824
    ],
    "calculated_purity": [
      0.05667746067047119,
      0.062052249908447266,
      0.08381986618041992,
      0.06594741344451904,
      0.05420851707458496,
      0.0629507303237915,
      0.08531379699707031,
      0.07831728458404541,
      0.06481623649597168,
      0.07767176628112793
    ],
    "noiseless_fidelity": [
      0.9744258257885583,
      0.9751192500127654,
      0.867964704973287,
      0.9801604807816247,
      0.9773307020385112,
      0.9724813046651404,
      0.9114136536684564,
      0.9603094022850822,
      0.9797610715063495,
      0.9798991694198252
    ],
    "noiseless_trace_distance": [
      0.022074173035785263,
      0.02268720021772543,
      0.06053297982340506,
      0.026210660512701343,
      0.02378223468816964,
      0.029856286976765456,
      0.046052212423107905,
      0.03468851790071996,
      0.01956103829583807,
      0.026611861492807247
    ],
    "noiseless_relative_entropy": [
      0.05168231949100614,
      0.050670732168087866,
      0.29418724699414434,
      0.0403199210266312,
      0.04595003125346555,
      0.05570271225756971,
      0.18872512417842388,
      0.0809458182646458,
      0.0408282626728514,
      0.04057333469389182
    ],
    "noiseless_purity": [
      0.035487035650952056,
      0.035130944881987425,
      0.04641416355987736,
      0.03683389015240629,
      0.03520984974945554,
      0.03466632279788593,
      0.043425914459681705,
      0.033369551837981806,
      0.03565487578312562,
      0.035239508012596316
    ]
  }
}
