{
  "metadata": {
    "n": 5,
    "J": 1.0,
    "h": 0.5,
    "beta": 0.5,
    "ancilla_reps": 1,
    "system_reps": null,
    "optimizer": "SPSA",
    "min_kwargs": {
      "maxiter": 500
    },
    "shots": 1024
  },
  "metrics": {
    "exact_purity": 0.10632122881247671,
    "calculated_fidelity": [
      0.7487589164441306,
      0.7969065486127659,
      0.7473029697768565,
      0.8344871690806079,
      0.7955899324156118,
      0.7989313056172839,
      0.8177812372592026,
      0.8614765915091703,
      0.7420120086014872,
      0.7742163133666805
    ],
    "calculated_trace_distance": [
      0.24378142735786754,
      0.2149212746630694,
      0.17581327728845345,
      0.1698911122866243,
      0.16768624414602037,
      0.18889497296401872,
      0.1948069545965602,
      0.17912262667442777,
      0.17875920813755605,
      0.16694452542744825
    ],
    "calculated_relative_entropy": [
      0.371394636934368,
      0.16661858219619446,
      0.2905939392345927,
      0.13074965491969634,
      0.24129843460362915,
      0.15887025430939422,
      0.17688881630782186,
      0.07333729617873468,
      0.4529215680958718,
      0.2500774921008517
    ],
    "calculated_purity": [
      0.12742209434509277,
      0.14019954204559326,
      0.0980076789855957,
      0.13812708854675293,
      0.10561537742614746,
      0.1247093677520752,
      0.14555895328521729,
      0.14360427856445312,
      0.09199583530426025,
      0.11190032958984375
    ],
    "noiseless_fidelity": [
      0.91043070129421,
      0.9150194055693122,
      0.8549855745950545,
      0.9384760325549619,
      0.8847107417023368,
      0.8957408338533926,
      0.9427993872533799,
      0.9607951731311958,
      0.8714675017569474,
      0.8756359254042126
    ],
    "noiseless_trace_distance": [
      0.08124554334894746,
      0.05183293855128176,
      0.09435806559952309,
      0.04795348574171732,
      0.06457093929953206,
      0.09682645281394078,
      0.040824050353531253,
      0.03769655625918912,
      0.09853335856739247,
      0.09797171926519826
    ],
    "noiseless_relative_entropy": [
      0.18677702009204356,
      0.17642013669768752,
      0.29129605604139924,
      0.12522866089414136,
      0.24626925173245914,
      0.2183305982494553,
      0.11889791302610084,
      0.10447411310664728,
      0.2718577952856142,
      0.28531363148446837
    ],
    "noiseless_purity": [
      0.06397055022639567,
      0.07363408643728767,
      0.05440208098760946,
      0.08459559481140831,
      0.06640060534222561,
      0.06429902703879362,
      0.0877933602172059,
      0.09390278499005948,
      0.058873762780856195,
      0.07169527671365081
    ]
  }
}
