{
  "metadata": {
    "n": 5,
    "J": 1.0,
    "h": 0.5,
    "beta": 0.8,
    "ancilla_reps": 1,
    "system_reps": null,
    "optimizer": "SPSA",
    "min_kwargs": {
      "maxiter": 500
    },
    "shots": 1024
  },
  "metrics": {
    "exact_purity": 0.2532533829719672,
    "calculated_fidelity": [
      0.9154558916508986,
      0.8678526405164223,
      0.8926910265340651,
      0.8707235082120803,
      0.9223904292670276,
      0.9524590086174429,
      0.9288904455821404,
      0.9115599884015991,
      0.9133115427049242,
      0.9487327169641194
    ],
    "calculated_trace_distance": [
      0.40862499166673116,
      0.3661748649844894,
      0.26261081488672106,
      0.2735461864738075,
      0.208027912372118,
      0.24014714304582235,
      0.2538295911231296,
      0.23539394393627655,
      0.2527667367070964,
      0.24496558222046866
    ],
    "calculated_relative_entropy": [
      -0.015366028337256352,
      0.1615395467720417,
      0.06542821852480629,
      0.20004642133290432,
      0.009926080618333291,
      -0.0284059923755815,
      0.05449897375506932,
      0.0668971573248066,
      0.047652794044875484,
      -0.006311621772344263
    ],
    "calculated_purity": [
      0.3998908996582031,
      0.31394457817077637,
      0.2983297109603882,
      0.2908813953399658,
      0.35372185707092285,
      0.409892201423645,
      0.38225841522216797,
      0.3346686363220215,
      0.2884327173233032,
      0.37601959705352783
    ],
    "noiseless_fidelity": [
      0.9304143228367133,
      0.9163752984744115,
      0.9242241352566974,
      0.9487567392111818,
      0.9118139166194966,
      0.9189471780142637,
      0.9230382462674477,
      0.9423418222047789,
      0.9204989173944078,
      0.9033890344418393
    ],
    "noiseless_trace_distance": [
      0.03834428023844368,
      0.08352000977881008,
      0.0637291959079836,
      0.039209313855861704,
      0.046185992484810826,
      0.050591115274715034,
      0.04707132873235583,
      0.04455172050733827,
      0.041397747812742844,
      0.07180385978641236
    ],
    "noiseless_relative_entropy": [
      0.22502007338389005,
      0.18981399095245097,
      0.18884484188269635,
      0.12003391214997333,
      0.28829315865745164,
      0.26942718118004,
      0.23713511930183268,
      0.18732920950246545,
      0.2130955250454272,
      0.28124299413362364
    ],
    "noiseless_purity": [
      0.2451151370977134,
      0.21068569255894237,
      0.22608871816799261,
      0.2235608065336033,
      0.29542137274142555,
      0.3063196794810258,
      0.2919350533006517,
      0.27003600728754995,
      0.2404074205705817,
      0.26797490143580427
    ]
  }
}
