{
  "metadata": {
    "n": 5,
    "J": 1.0,
    "h": 0.5,
    "beta": 1.0,
    "ancilla_reps": 1,
    "system_reps": null,
    "optimizer": "SPSA",
    "min_kwargs": {
      "maxiter": 500
    },
    "shots": 1024
  },
  "metrics": {
    "exact_purity": 0.3482450223805722,
    "calculated_fidelity": [
      0.9777140288436597,
      0.9326142712238771,
      0.9822412829806736,
      0.9936231015023795,
      0.9752351821817722,
      0.9614481610483149,
      0.9804144525662184,
      0.9716626702892718,
      0.9793551420238579,
      0.9899639598335881
    ],
    "calculated_trace_distance": [
      0.289545204951821,
      0.3127213961815195,
      0.33578742231171316,
      0.30416360877060916,
      0.43563370034149085,
      0.39481363004467684,
      0.28883463817942134,
      0.40315990786348427,
      0.33406941976220916,
      0.2931794195201289
    ],
    "calculated_relative_entropy": [
      0.029494531726829597,
      0.0648764024327305,
      -0.001978843377516917,
      -0.018393316950121072,
      -0.0016133456675096226,
      0.05229495429238892,
      0.018755105371718844,
      0.03480840973196921,
      0.04772296575848954,
      0.00983117560951742
    ],
    "calculated_purity": [
      0.4749187231063843,
      0.4554636478424072,
      0.46442389488220215,
      0.505690336227417,
      0.4976609945297241,
      0.4923241138458252,
      0.47793006896972656,
      0.5050004720687866,
      0.4792400598526001,
      0.4871969223022461
    ],
    "noiseless_fidelity": [
      0.95442413680266,
      0.9421224037347006,
      0.9326100285779977,
      0.9403580965341397,
      0.8083697960860172,
      0.9450850155330537,
      0.9314756585292776,
      0.9521597879660989,
      0.9484956539118724,
      0.9489322767140599
    ],
    "noiseless_trace_distance": [
      0.06458311188900948,
      0.03750359466308226,
      0.04312828346498241,
      0.05362307980343042,
      0.255589410889964,
      0.04678038108050761,
      0.04786689793614393,
      0.03220716383385616,
      0.033755514511746916,
      0.045671006797913784
    ],
    "noiseless_relative_entropy": [
      0.14718432791227976,
      0.1869227096550874,
      0.31808123400113014,
      0.2279177227323101,
      0.4767141965431392,
      0.16856848590590967,
      0.2472157326577732,
      0.13959858175122092,
      0.1892892275326985,
      0.22937117849195277
    ],
    "noiseless_purity": [
      0.3911086612732132,
      0.3471231557381969,
      0.38532518244179625,
      0.4044680114802608,
      0.34171599947299447,
      0.35886704427955624,
      0.4003452762165022,
      0.36002113164415506,
      0.3625901765573986,
      0.3852632232622972
    ]
  }
}
