{
  "metadata": {
    "n": 5,
    "J": 1.0,
    "h": 0.5,
    "beta": 1.2,
    "ancilla_reps": 1,
    "system_reps": null,
    "optimizer": "SPSA",
    "min_kwargs": {
      "maxiter": 500
    },
    "shots": 1024
  },
  "metrics": {
    "exact_purity": 0.4142801521307934,
    "calculated_fidelity": [
      1.0179846106334078,
      1.0318050196411144,
      1.0163299251587379,
      0.9950014814381803,
      1.0144818160943436,
      1.0447657964674444,
      0.9870381078412878,
      1.0169114981418506,
      0.9961894695011119,
      1.0130587035891525
    ],
    "calculated_trace_distance": [
      0.3060359665561635,
      0.26691571629242433,
      0.422014182855686,
      0.3555881803016952,
      0.3443583870541965,
      0.2870990461393406,
      0.28907666505918783,
      0.3540653648651393,
      0.4202004031119281,
      0.43444711137186265
    ],
    "calculated_relative_entropy": [
      0.036124477255357806,
      -0.024079261251921343,
      0.07038131652561548,
      0.08004319461476848,
      0.04289165959793577,
      -0.04106625762429542,
      0.04515160340370039,
      0.03701415318366001,
      0.12418488393609153,
      0.08339972117926372
    ],
    "calculated_purity": [
      0.5634725093841553,
      0.5636876821517944,
      0.6173012256622314,
      0.5351872444152832,
      0.5802894830703735,
      0.5817465782165527,
      0.5102579593658447,
      0.5643833875656128,
      0.5696415901184082,
      0.604843258857727
    ],
    "noiseless_fidelity": [
      0.9519109495737432,
      0.9490417605450002,
      0.9582759087149405,
      0.9735191436587796,
      0.9539212947139053,
      0.9463383367176524,
      0.9597689556442937,
      0.9557709678778434,
      0.9628953799344455,
      0.9543036387130798
    ],
    "noiseless_trace_distance": [
      0.0667580040783381,
      0.052604595273984506,
      0.05745763931924196,
      0.020422900924413435,
      0.05028613103305572,
      0.046415962672733645,
      0.04772420336728216,
      0.03641399465513281,
      0.03201387644368747,
      0.06376557379769873
    ],
    "noiseless_relative_entropy": [
      0.21088992297033474,
      0.2907868996537908,
      0.2562365804700185,
      0.11346855010724326,
      0.2109251205122889,
      0.49299373040924777,
      0.15590973921406545,
      0.2053295615289799,
      0.1292638085598275,
      0.16405128125581744
    ],
    "noiseless_purity": [
      0.4482280858080605,
      0.46904044286468244,
      0.45417123981201946,
      0.43261505562127844,
      0.4588095245798695,
      0.4693004377800005,
      0.434999648477199,
      0.45651871622921236,
      0.4246457934167398,
      0.42030574839093005
    ]
  }
}
