{
  "metadata": {
    "n": 5,
    "J": 1.0,
    "h": 0.5,
    "beta": 2.0,
    "ancilla_reps": 1,
    "system_reps": null,
    "optimizer": "SPSA",
    "min_kwargs": {
      "maxiter": 500
    },
    "shots": 1024
  },
  "metrics": {
    "exact_purity": 0.49299271215951496,
    "calculated_fidelity": [
      1.024954942004944,
      1.0036291437122957,
      0.9988855550384429,
      1.028555442967756,
      1.0203070376713608,
      1.0287231752105686,
      1.0298941156655086,
      1.0114691424504694,
      1.0034213891463581,
      1.0595699707040247
    ],
    "calculated_trace_distance": [
      0.45468169785967544,
      0.35693978425645645,
      0.4663125404894307,
      0.36044490623816444,
      0.48950965707604605,
      0.43776205864793716,
      0.6663262985144722,
      0.3557082699612399,
      0.4246717843037159,
      1.0966950777690316
    ],
    "calculated_relative_entropy": [
      0.19155244757261253,
      0.23492467754668692,
      0.23021525979072688,
      0.15767484640993584,
      0.2492712364194017,
      0.17746480161910505,
      0.13768497435769192,
      0.1631172229701255,
      0.17367842159637095,
      0.06974642779409548
    ],
    "calculated_purity": [
      0.7000424861907959,
      0.599301815032959,
      0.6448376178741455,
      0.6364713907241821,
      0.698938250541687,
      0.6748489141464233,
      1.152834415435791,
      0.5992454290390015,
      0.6581317186355591,
      1.7375868558883667
    ],
    "noiseless_fidelity": [
      0.9825356016434046,
      0.9908659018496597,
      0.9849007236207901,
      0.9928416047358825,
      0.9922179954955318,
      0.9902698151283148,
      0.8634151131658743,
      0.9915895961503679,
      0.9719530122334733,
      0.5498145757140616
    ],
    "noiseless_trace_distance": [
      0.08863425011787004,
      0.04612721769577245,
      0.04151780845214284,
      0.02801234887515513,
      0.051547686032624176,
      0.05410222091006259,
      0.29045730511892903,
      0.04042977584430266,
      0.0915322616708825,
      0.44897370127331165
    ],
    "noiseless_relative_entropy": [
      0.09824287695458761,
      0.03632746471684254,
      0.0701374928345697,
      0.06369274256290214,
      0.053193710594913936,
      0.07466161591257559,
      0.5575650149221361,
      0.06853219795319021,
      0.1009409882003516,
      2.228622242768107
    ],
    "noiseless_purity": [
      0.5061527829228345,
      0.4912077350880393,
      0.48523502365959675,
      0.49913803179305294,
      0.4971660739727012,
      0.5017194352848072,
      0.6693756898041082,
      0.503103397978292,
      0.4832368164297846,
      0.9621288952337739
    ]
  }
}
