{
  "metadata": {
    "n": 5,
    "J": 1.0,
    "h": 0.5,
    "beta": 3.0,
    "ancilla_reps": 1,
    "system_reps": null,
    "optimizer": "SPSA",
    "min_kwargs": {
      "maxiter": 500
    },
    "shots": 1024
  },
  "metrics": {
    "exact_purity": 0.49990744222598965,
    "calculated_fidelity": [
      0.976151612573384,
      0.9968548503621516,
      0.9877367291330702,
      0.9911669946006836,
      0.9591552007315792,
      0.9855755099865919,
      0.9841283353789368,
      0.9828847713808965,
      0.9702185698724148,
      0.9876115235716648
    ],
    "calculated_trace_distance": [
      0.9221008011615833,
      0.37095803618514733,
      0.4130918355714924,
      0.3420038909249924,
      0.360811222975511,
      0.3787271811153732,
      0.47646262597069966,
      0.31604663025768387,
      0.5249916277065334,
      0.4615937363951162
    ],
    "calculated_relative_entropy": [
      0.09542315656768567,
      0.14450026852381515,
      0.22866434661037124,
      0.20313172452204678,
      0.18910658451192358,
      0.22047970298384195,
      0.10851362044944673,
      0.17672415687436677,
      0.2191075572772453,
      0.10511806623557214
    ],
    "calculated_purity": [
      1.64912748336792,
      0.6489443778991699,
      0.6406400203704834,
      0.6027356386184692,
      0.5872737169265747,
      0.6095602512359619,
      0.9636322259902954,
      0.5879933834075928,
      0.7391406297683716,
      0.6726100444793701
    ],
    "noiseless_fidelity": [
      0.6196397510190238,
      0.9885696759296891,
      0.9905756881365683,
      0.9906864321160759,
      0.9573034552333587,
      0.9932238180126474,
      0.898963220673295,
      0.9854081139449431,
      0.967893019231931,
      0.9782614644021056
    ],
    "noiseless_trace_distance": [
      0.43429897285504365,
      0.07660869540229884,
      0.07320866590470289,
      0.048493090954639786,
      0.09059883790231671,
      0.03141045192988799,
      0.2155361019125832,
      0.06193680715383501,
      0.1398303236015493,
      0.14157129255457462
    ],
    "noiseless_relative_entropy": [
      2.135069415824492,
      0.039969256779465126,
      0.07294279941215082,
      0.07786461661807972,
      0.10295306711472704,
      0.05115891820311838,
      0.27175502050076195,
      0.06441683779630308,
      0.12295657873428022,
      0.07783809144665324
    ],
    "noiseless_purity": [
      0.9500206383678671,
      0.5219653717583728,
      0.5087717066518538,
      0.5005933628347239,
      0.47486979149649966,
      0.49604132869615963,
      0.6652876596939381,
      0.49788994193269653,
      0.5419817203532017,
      0.5272706828703171
    ]
  }
}
