{
  "metadata": {
    "n": 5,
    "J": 1.0,
    "h": 0.5,
    "beta": 4.0,
    "ancilla_reps": 1,
    "system_reps": null,
    "optimizer": "SPSA",
    "min_kwargs": {
      "maxiter": 500
    },
    "shots": 1024
  },
  "metrics": {
    "exact_purity": 0.5004532809977446,
    "calculated_fidelity": [
      0.9763036112578966,
      0.946488120500749,
      0.9582046929106756,
      0.9937389462917047,
      0.9721369303477916,
      0.9772918371963214,
      0.9803255932130299,
      0.9829013454609772,
      1.0161573224518605,
      0.967592806270672
    ],
    "calculated_trace_distance": [
      0.37907506484284503,
      0.8451812570305909,
      1.0714345348231098,
      0.4365810800417374,
      0.4626967631566495,
      0.9178392802213363,
      0.3425845911907966,
      0.45064011545602856,
      0.5683919507666386,
      0.7896774426609355
    ],
    "calculated_relative_entropy": [
      0.20638895273397456,
      0.16719183181514385,
      0.11267000616201386,
      0.18214765073372308,
      0.17713860358874073,
      0.15080340393120123,
      0.17482981695875416,
      0.14403609990016336,
      0.1636807875752391,
      0.13651635208473897
    ],
    "calculated_purity": [
      0.608585000038147,
      1.8999725580215454,
      1.681138515472412,
      0.6519585847854614,
      0.7244447469711304,
      2.0500634908676147,
      0.6054786443710327,
      0.7924597263336182,
      0.8838561773300171,
      1.8162473440170288
    ],
    "noiseless_fidelity": [
      0.9954412255540126,
      0.5217131204096801,
      0.6574636764888417,
      0.9909003147241567,
      0.9787707439506405,
      0.527573020833797,
      0.9883606494256061,
      0.9683831225990717,
      0.9732751990533859,
      0.536926806426238
    ],
    "noiseless_trace_distance": [
      0.0408917241611686,
      0.4566445485180193,
      0.4370327987296386,
      0.03978090660176772,
      0.10169379525103443,
      0.4375031768097125,
      0.05525953449952116,
      0.12234491732649663,
      0.150937232727438,
      0.38270107446077467
    ],
    "noiseless_relative_entropy": [
      0.041511104769393764,
      4.2132127762719325,
      1.4280323306528984,
      0.02764299183442305,
      0.09540101362264786,
      5.104035454947929,
      0.06912310963426857,
      0.12310172883239859,
      0.07964759510134331,
      3.5862924196799906
    ],
    "noiseless_purity": [
      0.5040336043485276,
      0.9983103975391691,
      0.9247437611311784,
      0.4953911675576358,
      0.5408991104524934,
      0.9981602985276516,
      0.5047115543215778,
      0.5560302307701213,
      0.5548301308000478,
      0.9959236989631225
    ]
  }
}
