{
  "metadata": {
    "n": 5,
    "J": 1.0,
    "h": 0.5,
    "beta": 5.0,
    "ancilla_reps": 1,
    "system_reps": null,
    "optimizer": "SPSA",
    "min_kwargs": {
      "maxiter": 500
    },
    "shots": 1024
  },
  "metrics": {
    "exact_purity": 0.500739327760868,
    "calculated_fidelity": [
      1.001932022073855,
      0.9910669194418146,
      0.9520637106141621,
      0.9899609461646535,
      0.9965803363139306,
      0.7750858183743288,
      0.9920058044758322,
      0.9535543290739791,
      0.9504202360396127,
      0.9493451898787727
    ],
    "calculated_trace_distance": [
      0.39619375518500843,
      0.3976568730709938,
      1.0465839344792975,
      0.6160809331084152,
      0.4727693307500281,
      0.7642815528610002,
      0.4432698468624375,
      0.9996749589028946,
      0.5857465171075567,
      0.7816586793547281
    ],
    "calculated_relative_entropy": [
      0.23333725269656524,
      0.14884593585563655,
      0.11811058702886984,
      0.06814361565828465,
      0.2046720822073024,
      0.4657141552693084,
      0.14688071554624274,
      0.11094253201871987,
      0.1358291731962019,
      0.1503544302008171
    ],
    "calculated_purity": [
      0.652320146560669,
      0.6873726844787598,
      1.7743726968765259,
      0.8883795738220215,
      0.6727333068847656,
      1.0711661577224731,
      0.6875084638595581,
      1.7173775434494019,
      1.1338669061660767,
      1.8012244701385498
    ],
    "noiseless_fidelity": [
      0.9921368498090417,
      0.9840699747514783,
      0.5019386792299423,
      0.9172598727609774,
      0.9946889294448039,
      0.7071667023600762,
      0.9925057256508125,
      0.5765246384372648,
      0.8594599426673748,
      0.5641842697103973
    ],
    "noiseless_trace_distance": [
      0.06076007373483019,
      0.07800872394189551,
      0.46524032053103354,
      0.2730836082657032,
      0.04397405034046742,
      0.31820961646714957,
      0.06351965971039203,
      0.4604991181103734,
      0.30431892990004655,
      0.43349832359277307
    ],
    "noiseless_relative_entropy": [
      0.034079757816580146,
      0.05376570638468106,
      3.6258367599642125,
      0.2644062527576116,
      0.038757159356526266,
      1.2678325156586165,
      0.03431017213169587,
      2.102616572879149,
      0.4681484793081935,
      2.5636633030507605
    ],
    "noiseless_purity": [
      0.5030615665415601,
      0.5243457875094021,
      0.9874841090031032,
      0.6246855265000272,
      0.5042221191653729,
      0.6316259764292458,
      0.5174362662925014,
      0.9715731054341139,
      0.724546839257137,
      0.9930557413823885
    ]
  }
}
