{
  "metadata": {
    "n": 3,
    "J": 1.0,
    "h": 0.5,
    "beta": 1e-10,
    "ancilla_reps": 1,
    "system_reps": null,
    "optimizer": "SPSA",
    "min_kwargs": {
      "maxiter": 300
    },
    "shots": 1024
  },
  "metrics": {
    "exact_purity": 0.125,
    "calculated_fidelity": [
      0.9749842658291261,
      0.9851220335434484,
      0.9905126442382475,
      0.3781439291851406,
      0.9718946250541831,
      0.9006705987388745,
      0.9959780340439458,
      0.7334221393693231,
      0.724733123008718,
      0.9605767906607805
    ],
    "calculated_trace_distance": [
      0.08382498417883358,
      0.05504696896286904,
      0.04787588322981918,
      0.34491401805141536,
      0.0685808109800147,
      0.14936621273061607,
      0.03190791103755981,
      0.1366555783871005,
      0.1572547094908263,
      0.08511461315391496
    ],
    "calculated_relative_entropy": [
      0.05024306322833558,
      0.030433961314780968,
      0.019917472076685486,
      1.414184835269445,
      0.06054685305567101,
      0.2317396330135909,
      0.00829082282084363,
      0.7538927564496198,
      0.8481640012458191,
      0.08336308644850073
    ],
    "calculated_purity": [
      0.13825750350952148,
      0.1322498321533203,
      0.12923717498779297,
      0.5164790153503418,
      0.13737106323242188,
      0.17220735549926758,
      0.12686395645141602,
      0.21254491806030273,
      0.2275524139404297,
      0.14358091354370117
    ],
    "noiseless_fidelity": [
      0.999699912405076,
      0.9998825857612279,
      0.9997041297459607,
      0.3166020280508829,
      0.999424136075713,
      0.9345138957822703,
      0.9999125240868516,
      0.7643159612002087,
      0.7804175020044138,
      0.9998333143920588
    ],
    "noiseless_trace_distance": [
      0.004874690000599161,
      0.0028916438998547946,
      0.004816860209735825,
      0.315833364414532,
      0.007677180667205231,
      0.13434727717174547,
      0.0029256819021199402,
      0.12212823192644118,
      0.13108755878932551,
      0.0040998686867505015
    ],
    "noiseless_relative_entropy": [
      0.0006008298407835439,
      0.00023526279528638012,
      0.0005942511394598695,
      4.93904626699147,
      0.0011565138886266441,
      0.12606122199733202,
      0.00017525899347109485,
      0.787448253545844,
      0.6225566470345436,
      0.0003333156911306983
    ],
    "noiseless_purity": [
      0.1251496849685596,
      0.12505839979697148,
      0.12514618655258686,
      0.4959051159425192,
      0.12528484410274382,
      0.17062174977206815,
      0.1250435189170671,
      0.2087196752600556,
      0.2238302640262463,
      0.1250834222063713
    ]
  }
}
