{
  "metadata": {
    "n": 3,
    "J": 1.0,
    "h": 0.5,
    "beta": 0.2,
    "ancilla_reps": 1,
    "system_reps": null,
    "optimizer": "SPSA",
    "min_kwargs": {
      "maxiter": 300
    },
    "shots": 1024
  },
  "metrics": {
    "exact_purity": 0.1490311604153375,
    "calculated_fidelity": [
      0.9792523603132991,
      0.9379811936932362,
      0.9876851295459542,
      0.9493503766937068,
      0.9753636551529239,
      0.9760521518728049,
      0.9678101109163242,
      0.9896705759342771,
      0.9551957274393292,
      0.9817863355977574
    ],
    "calculated_trace_distance": [
      0.05536320496168796,
      0.10382216338335963,
      0.042811884630301514,
      0.07871844458425029,
      0.07211355671403602,
      0.05605006655815155,
      0.07163118877415499,
      0.03858276863008068,
      0.07579821162790418,
      0.0504605539318843
    ],
    "calculated_relative_entropy": [
      0.04276607373046841,
      0.13629518188983952,
      0.025127141578071686,
      0.12230935105948176,
      0.051556521376697084,
      0.050445578642052034,
      0.06701539766869052,
      0.021630304054838633,
      0.1019743836155252,
      0.03843283461914532
    ],
    "calculated_purity": [
      0.14257049560546875,
      0.1423044204711914,
      0.14872360229492188,
      0.16062498092651367,
      0.14136457443237305,
      0.14496612548828125,
      0.14041566848754883,
      0.15054035186767578,
      0.15796756744384766,
      0.15474796295166016
    ],
    "noiseless_fidelity": [
      0.9828666140538818,
      0.9724950368353193,
      0.9926351992110185,
      0.9935390410270505,
      0.9809466497532762,
      0.9857346886739443,
      0.9781060673895443,
      0.9962927802778746,
      0.989120402786705,
      0.9973038266163798
    ],
    "noiseless_trace_distance": [
      0.04822408700534115,
      0.04540782581973927,
      0.0339530516442422,
      0.022701190667187628,
      0.05507068168001801,
      0.03954713697350456,
      0.042468644853824525,
      0.016584926494801124,
      0.025002300901859894,
      0.014965062157575895
    ],
    "noiseless_relative_entropy": [
      0.034801348497794135,
      0.054769521330538334,
      0.014879501383592942,
      0.013515996322173618,
      0.0394470610924927,
      0.029645138680262688,
      0.04517893726152816,
      0.007504472768053862,
      0.02221353773845781,
      0.005500763553609457
    ],
    "noiseless_purity": [
      0.13650567336093197,
      0.13324899919905805,
      0.14315058535899614,
      0.1515168564283605,
      0.13626457764042782,
      0.14352612679111232,
      0.1366203234384747,
      0.14383278812450656,
      0.14339564451431355,
      0.14731300850086915
    ]
  }
}
