{
  "metadata": {
    "n": 3,
    "J": 1.0,
    "h": 0.5,
    "beta": 0.5,
    "ancilla_reps": 1,
    "system_reps": null,
    "optimizer": "SPSA",
    "min_kwargs": {
      "maxiter": 300
    },
    "shots": 1024
  },
  "metrics": {
    "exact_purity": 0.27695519291630366,
    "calculated_fidelity": [
      0.9648788312575317,
      0.9646277799962124,
      0.9833567650351591,
      0.9303588661053559,
      0.9555401708837807,
      0.967336110558761,
      0.9427167619562784,
      0.9257660991309834,
      0.9412803690740933,
      0.9470015893797165
    ],
    "calculated_trace_distance": [
      0.08832896850595655,
      0.05404214278985041,
      0.054270704385434826,
      0.14233563811497768,
      0.08250005210501495,
      0.05486556063100428,
      0.06732219418467009,
      0.061980872129861926,
      0.0625151197127749,
      0.06375432933059394
    ],
    "calculated_relative_entropy": [
      0.08023866080941466,
      0.08728095966872892,
      0.03721093768033103,
      0.16086834196784075,
      0.10453495708260443,
      0.08263702207581994,
      0.169921318585422,
      0.25146215470038413,
      0.10821759947963164,
      0.06759923957493653
    ],
    "calculated_purity": [
      0.26571178436279297,
      0.31011438369750977,
      0.26830196380615234,
      0.26267528533935547,
      0.2900733947753906,
      0.29889631271362305,
      0.284329891204834,
      0.3097667694091797,
      0.29680299758911133,
      0.2877006530761719
    ],
    "noiseless_fidelity": [
      0.9822481363790643,
      0.9828839373515282,
      0.990615016348499,
      0.9526892402007894,
      0.9849764690444847,
      0.9811653562994679,
      0.9804422571249491,
      0.98508166600833,
      0.9752131625924487,
      0.9717560289393843
    ],
    "noiseless_trace_distance": [
      0.06479983632302092,
      0.028416110782984342,
      0.02905204156372077,
      0.11250763966217289,
      0.036924381108100784,
      0.03357119274257428,
      0.03575675031910786,
      0.024842759997600022,
      0.028712803026344807,
      0.031053017690087538
    ],
    "noiseless_relative_entropy": [
      0.03877982888273066,
      0.03802939838005519,
      0.02088635048606107,
      0.10585244305680286,
      0.031599650382722215,
      0.04259613015780798,
      0.04080802120030172,
      0.03269274560471153,
      0.06150719231287933,
      0.07045402118058386
    ],
    "noiseless_purity": [
      0.26063253942496895,
      0.29841259774134754,
      0.2693089778748078,
      0.2592572469442337,
      0.2827467837147281,
      0.2950667353649228,
      0.2786568846052182,
      0.30089828462062074,
      0.2904387239331405,
      0.28353380570457776
    ]
  }
}
