{
  "metadata": {
    "n": 3,
    "J": 1.0,
    "h": 0.5,
    "beta": 0.8,
    "ancilla_reps": 1,
    "system_reps": null,
    "optimizer": "SPSA",
    "min_kwargs": {
      "maxiter": 300
    },
    "shots": 1024
  },
  "metrics": {
    "exact_purity": 0.40478756142181577,
    "calculated_fidelity": [
      0.9768465175526132,
      0.978766222116851,
      0.9780797247881136,
      0.9768770822041529,
      0.9805693635736442,
      0.978895558959827,
      0.9586165917410834,
      0.9559590669664186,
      0.9586312278596623,
      0.9671894724047133
    ],
    "calculated_trace_distance": [
      0.06729940808568351,
      0.06275167191268555,
      0.059001298333895086,
      0.08504931129063113,
      0.04192488868459249,
      0.0737953206375445,
      0.03665649918680376,
      0.06135907159876841,
      0.045146390214643485,
      0.054725655648416256
    ],
    "calculated_relative_entropy": [
      0.0053244601274433714,
      -0.017319083491600246,
      -0.0010012851946918297,
      0.0015401319233988783,
      0.01099164455695181,
      0.024888623580857562,
      0.05309761370969099,
      0.07020162803507911,
      0.02135919144623754,
      0.056717019932180326
    ],
    "calculated_purity": [
      0.4333033561706543,
      0.4513864517211914,
      0.4507789611816406,
      0.4449944496154785,
      0.4185185432434082,
      0.4022178649902344,
      0.4071822166442871,
      0.4030790328979492,
      0.4197201728820801,
      0.44864559173583984
    ],
    "noiseless_fidelity": [
      0.9913291306363811,
      0.9831484326587374,
      0.9779972455216316,
      0.988725872463396,
      0.9873438960494492,
      0.9751976960584471,
      0.994366579847106,
      0.9800444963256887,
      0.9886777146313963,
      0.9934064975295132
    ],
    "noiseless_trace_distance": [
      0.02200585944057476,
      0.04425614809543115,
      0.024262171801367513,
      0.017274818916395672,
      0.01668140689902918,
      0.03996403298805032,
      0.014490989918976252,
      0.026541576798419023,
      0.016634798277998727,
      0.014210879692210625
    ],
    "noiseless_relative_entropy": [
      0.01991515959399085,
      0.047545048522983656,
      0.06746214792192001,
      0.028132962949544676,
      0.029670218758536523,
      0.0955970077039498,
      0.01309489389037144,
      0.050130092226338845,
      0.030314246138361728,
      0.01532426549464864
    ],
    "noiseless_purity": [
      0.42791129882484463,
      0.44198093147010614,
      0.44299597276890224,
      0.4318296863807793,
      0.4095347606352249,
      0.41451511611817293,
      0.4135322610493068,
      0.39621464156649533,
      0.4137484684197069,
      0.41774640182915257
    ]
  }
}
