{
  "metadata": {
    "n": 3,
    "J": 1.0,
    "h": 0.5,
    "beta": 1.0,
    "ancilla_reps": 1,
    "system_reps": null,
    "optimizer": "SPSA",
    "min_kwargs": {
      "maxiter": 300
    },
    "shots": 1024
  },
  "metrics": {
    "exact_purity": 0.45242507480844885,
    "calculated_fidelity": [
      1.0014456828672964,
      1.0009804028557028,
      0.9897560268002833,
      0.9847175466484316,
      0.9972856217980057,
      0.9921590065935322,
      0.9968270189414773,
      1.0111774241874616,
      0.9937570232313641,
      0.9840195980989205
    ],
    "calculated_trace_distance": [
      0.051276932786157095,
      0.04549260513743411,
      0.03702231631266223,
      0.03952715571165708,
      0.0640840851235938,
      0.05166859014868967,
      0.06947953385508361,
      0.06984966918548324,
      0.049479235140059,
      0.065247645495712
    ],
    "calculated_relative_entropy": [
      -0.031220840260009042,
      -0.025989677558416018,
      -0.011561074605403144,
      0.06340436182784072,
      -0.01651619230841222,
      -0.02817877068033444,
      -0.04612591126591023,
      -0.044335204715655725,
      -0.033279364773428105,
      0.03562230036792828
    ],
    "calculated_purity": [
      0.49717283248901367,
      0.46343374252319336,
      0.4693922996520996,
      0.4607882499694824,
      0.4632563591003418,
      0.47327280044555664,
      0.4972515106201172,
      0.4875187873840332,
      0.49784135818481445,
      0.47341251373291016
    ],
    "noiseless_fidelity": [
      0.9818882968285462,
      0.9929139151719935,
      0.9928344030468284,
      0.9927995663216558,
      0.9944241144439186,
      0.9918513748263577,
      0.9763572897840918,
      0.988852840834077,
      0.9840375227709716,
      0.9718020753051863
    ],
    "noiseless_trace_distance": [
      0.024988802379380316,
      0.015152833043919553,
      0.019746673085263136,
      0.013009937417404069,
      0.01757727770279552,
      0.00964235447458714,
      0.041868596907965544,
      0.031570140976241876,
      0.014881995566227442,
      0.05659462848749615
    ],
    "noiseless_relative_entropy": [
      0.11544197032118424,
      0.01796955587748008,
      0.018292327167381883,
      0.01885687945190971,
      0.011551580131246898,
      0.02783842362788118,
      0.08003860321729778,
      0.030586420980768487,
      0.05706719088185018,
      0.11556822715893317
    ],
    "noiseless_purity": [
      0.48436307462842154,
      0.46458179610324424,
      0.4702350589158414,
      0.4612796320435767,
      0.44384511495673784,
      0.46312723509386944,
      0.4894169927864608,
      0.4781994136121386,
      0.4801379820433138,
      0.47684497125051295
    ]
  }
}
