{
  "metadata": {
    "n": 3,
    "J": 1.0,
    "h": 0.5,
    "beta": 1.2,
    "ancilla_reps": 1,
    "system_reps": null,
    "optimizer": "SPSA",
    "min_kwargs": {
      "maxiter": 300
    },
    "shots": 1024
  },
  "metrics": {
    "exact_purity": 0.4776975316760884,
    "calculated_fidelity": [
      1.0299778241614592,
      1.0123140567138473,
      1.0014804149261691,
      1.0034263577137443,
      1.0117253594102849,
      1.0138548224303325,
      1.0162164961008684,
      1.0048534089835501,
      1.003567502957464,
      1.0095199469526381
    ],
    "calculated_trace_distance": [
      0.1162018603823072,
      0.0680894431122679,
      0.06019911055694018,
      0.08224562312783072,
      0.05743678445078654,
      0.05501561871049222,
      0.05662904961748542,
      0.04378332238020913,
      0.042104317364035075,
      0.0375749763125462
    ],
    "calculated_relative_entropy": [
      -0.040532081259374214,
      -0.021244343396666688,
      0.003990202504558865,
      0.0038582364859540558,
      -0.033249250019171485,
      -0.028567299615488637,
      -0.03123544526165241,
      -0.022159394717478367,
      -0.017189320218548063,
      -0.03598407979960052
    ],
    "calculated_purity": [
      0.5287246704101562,
      0.49031877517700195,
      0.5050163269042969,
      0.49948692321777344,
      0.49840688705444336,
      0.5046977996826172,
      0.5003538131713867,
      0.5023808479309082,
      0.48827171325683594,
      0.5091052055358887
    ],
    "noiseless_fidelity": [
      0.9834031037442189,
      0.9951286210104009,
      0.9727331196603881,
      0.9831513851344975,
      0.9908165266220534,
      0.9762791254430946,
      0.9829166021566191,
      0.9960152419287807,
      0.9941604750700305,
      0.9828674162447473
    ],
    "noiseless_trace_distance": [
      0.033907237084935066,
      0.009333679810446985,
      0.0485864311712263,
      0.03899507214437532,
      0.02787321733720726,
      0.016985427826968436,
      0.01714920864502119,
      0.01191633934887286,
      0.02850313459504225,
      0.017386862767595296
    ],
    "noiseless_relative_entropy": [
      0.06651692789113621,
      0.013645969540062315,
      0.16970115379162345,
      0.08304379339421653,
      0.02659701607570163,
      0.27912284808276255,
      0.10114802336092012,
      0.012741882683105311,
      0.013466510473771802,
      0.13628382750344234
    ],
    "noiseless_purity": [
      0.5066759726360589,
      0.48484881872158214,
      0.496545726665537,
      0.4913184971202387,
      0.49305057453166123,
      0.500679675865355,
      0.4979119420189384,
      0.48303229775243506,
      0.486619150580922,
      0.4992728444930007
    ]
  }
}
