{
  "metadata": {
    "n": 3,
    "J": 1.0,
    "h": 0.5,
    "beta": 2.0,
    "ancilla_reps": 1,
    "system_reps": null,
    "optimizer": "SPSA",
    "min_kwargs": {
      "maxiter": 300
    },
    "shots": 1024
  },
  "metrics": {
    "exact_purity": 0.5024484093498863,
    "calculated_fidelity": [
      1.005486524605411,
      1.0080418444203858,
      1.0020973897931256,
      0.9576322013512106,
      0.9646284471019759,
      1.0167926733591544,
      0.9781072267512957,
      1.00541440338729,
      1.0172791110588597,
      1.001282960477798
    ],
    "calculated_trace_distance": [
      0.045430142570427656,
      0.05860134342618688,
      0.04695933327320534,
      0.14198552927241204,
      0.09273895825859954,
      0.048382972513715435,
      0.1362428670146524,
      0.03453928204390784,
      0.08726035273934638,
      0.0609690358854347
    ],
    "calculated_relative_entropy": [
      0.005348891999224203,
      0.005568186730484093,
      0.00851347652738633,
      0.10332119526625214,
      0.07041935547399476,
      -0.007239532229565238,
      0.06031649869310522,
      0.0042469981701527965,
      0.003622754474021543,
      0.012470384579750637
    ],
    "calculated_purity": [
      0.508784294128418,
      0.5148286819458008,
      0.5019626617431641,
      0.5349364280700684,
      0.5426998138427734,
      0.5200982093811035,
      0.5064029693603516,
      0.5108165740966797,
      0.5279979705810547,
      0.5018553733825684
    ],
    "noiseless_fidelity": [
      0.9984819180244597,
      0.9976762450491178,
      0.9981534042430438,
      0.9610141628651357,
      0.972742468584851,
      0.9990421919357416,
      0.9828495293046582,
      0.9982124310151201,
      0.9987388425697864,
      0.9973513186268756
    ],
    "noiseless_trace_distance": [
      0.01133295409133632,
      0.023804947294140066,
      0.020267372269550374,
      0.1095223561652098,
      0.08585099593420531,
      0.009947925578164863,
      0.09293243047170566,
      0.020224765460721945,
      0.011808113777974284,
      0.026537260741556185
    ],
    "noiseless_relative_entropy": [
      0.010923770013021215,
      0.014294202927029959,
      0.01259942852079747,
      0.09634064607949895,
      0.0597499648241423,
      0.008738021554541134,
      0.04885532376473115,
      0.009277404780985106,
      0.008237337016349322,
      0.009477614621257985
    ],
    "noiseless_purity": [
      0.5027284502885181,
      0.5001834074074192,
      0.5006978546080789,
      0.5211890105258307,
      0.5594895594713339,
      0.5048407407612863,
      0.5066699637469816,
      0.507817266721677,
      0.5040246863956013,
      0.49832405594115925
    ]
  }
}
