{
  "metadata": {
    "n": 3,
    "J": 1.0,
    "h": 0.5,
    "beta": 3.0,
    "ancilla_reps": 1,
    "system_reps": null,
    "optimizer": "SPSA",
    "min_kwargs": {
      "maxiter": 300
    },
    "shots": 1024
  },
  "metrics": {
    "exact_purity": 0.5082516505507471,
    "calculated_fidelity": [
      0.46145499572837917,
      0.9830125266402248,
      0.4342016090098139,
      1.0123539581493768,
      1.019763717476711,
      0.9711267134818479,
      0.9961641097139532,
      0.9981833978631597,
      0.9968520879080534,
      0.9989028375253582
    ],
    "calculated_trace_distance": [
      0.407287924144036,
      0.09078489729912656,
      0.4021345210474383,
      0.07011396006034894,
      0.08718582282486534,
      0.14923327508097778,
      0.03918044760891112,
      0.07466162605443676,
      0.049876026353836735,
      0.04184917228264817
    ],
    "calculated_relative_entropy": [
      1.7652490760918362,
      0.03640688375868327,
      1.7846592904215928,
      0.000730420072109203,
      0.005161733936001521,
      0.07360945255740092,
      0.00921345422648253,
      0.015126784369597981,
      0.021986427200108696,
      0.0077885736828848876
    ],
    "calculated_purity": [
      1.0017261505126953,
      0.49967336654663086,
      0.9899435043334961,
      0.5334653854370117,
      0.5368862152099609,
      0.6176047325134277,
      0.5024805068969727,
      0.5332140922546387,
      0.5170412063598633,
      0.514585018157959
    ],
    "noiseless_fidelity": [
      0.43916272501413633,
      0.9896070562450976,
      0.4545501499997238,
      0.9981004945494034,
      0.9978133533961981,
      0.9699345649433795,
      0.9985149327064262,
      0.9978434870276425,
      0.9963303022722084,
      0.9979969068965926
    ],
    "noiseless_trace_distance": [
      0.385442377364944,
      0.06740287877256573,
      0.3854505505772642,
      0.02141091356288874,
      0.03376219005381406,
      0.11164845269115817,
      0.022480233543568498,
      0.03003346687123859,
      0.024014617088364762,
      0.018585883365197814
    ],
    "noiseless_relative_entropy": [
      5.750572645288419,
      0.022818537382310447,
      4.687676509794773,
      0.016168204230094976,
      0.007404480033301214,
      0.06860240989762502,
      0.004766350170905291,
      0.012196791211945751,
      0.01834804606120778,
      0.009471745228930017
    ],
    "noiseless_purity": [
      0.9953894476613767,
      0.5018269215723716,
      0.9981071621440804,
      0.5081489937437287,
      0.5007993096334327,
      0.6026418486703984,
      0.5024366506559407,
      0.5211483723760186,
      0.5138148391700879,
      0.5097107630158725
    ]
  }
}
