{
  "metadata": {
    "n": 3,
    "J": 1.0,
    "h": 0.5,
    "beta": 4.0,
    "ancilla_reps": 1,
    "system_reps": null,
    "optimizer": "SPSA",
    "min_kwargs": {
      "maxiter": 300
    },
    "shots": 1024
  },
  "metrics": {
    "exact_purity": 0.514603318756586,
    "calculated_fidelity": [
      0.8064321320918464,
      0.9599442593445447,
      0.4540804824112497,
      1.001541895774593,
      0.41711301224065556,
      0.9914345912778655,
      0.5911821991336844,
      0.8829749583718788,
      0.9743316538945405,
      1.007098968165203
    ],
    "calculated_trace_distance": [
      0.3018157571759924,
      0.1543038836122609,
      0.4333890831972422,
      0.08914836563922646,
      0.4225900820409307,
      0.1507262369704425,
      0.3023389639787672,
      0.21359980624912014,
      0.12844383804804346,
      0.08081911848418544
    ],
    "calculated_relative_entropy": [
      0.49621919605249776,
      0.09000515135970563,
      1.5518929094771883,
      0.01721321008144417,
      1.3999815765467092,
      0.05415810911178894,
      1.0331615110884382,
      0.273181172975389,
      0.05772106671004874,
      0.011001249924316892
    ],
    "calculated_purity": [
      0.7337017059326172,
      0.5236907005310059,
      0.9953370094299316,
      0.51849365234375,
      1.0139827728271484,
      0.5390477180480957,
      1.0223417282104492,
      0.7468390464782715,
      0.5067152976989746,
      0.5236287117004395
    ],
    "noiseless_fidelity": [
      0.8037996159423498,
      0.9643427066647257,
      0.41850099933152485,
      0.9952015667891158,
      0.42101520765627354,
      0.9724827991254057,
      0.6018532684561074,
      0.9072159563382859,
      0.9782009843429236,
      0.9917492320408431
    ],
    "noiseless_trace_distance": [
      0.28092203000569993,
      0.1290600098335577,
      0.3998544429883116,
      0.051615473031523154,
      0.39983172820458046,
      0.11321648648781119,
      0.27522069656068643,
      0.1876025170111801,
      0.10541499578292156,
      0.06591222604244358
    ],
    "noiseless_relative_entropy": [
      0.5570011939296557,
      0.0753359968716533,
      6.7922520438426,
      0.02733071367509804,
      5.7141779278324725,
      0.06202535697780934,
      2.7600075932982806,
      0.26748176148480257,
      0.04867965914291338,
      0.031303640725304394
    ],
    "noiseless_purity": [
      0.7223490211596939,
      0.5198639822720795,
      0.9998073689482458,
      0.5012758185555207,
      0.999760727825731,
      0.5120331665643865,
      0.9987498810326928,
      0.7448265672719868,
      0.5059880485315961,
      0.49945216317159374
    ]
  }
}
