{
  "metadata": {
    "n": 3,
    "J": 1.0,
    "h": 0.5,
    "beta": 5.0,
    "ancilla_reps": 1,
    "system_reps": null,
    "optimizer": "SPSA",
    "min_kwargs": {
      "maxiter": 300
    },
    "shots": 1024
  },
  "metrics": {
    "exact_purity": 0.522570105217619,
    "calculated_fidelity": [
      0.6751374499362487,
      0.9903454738288162,
      1.0043154755213106,
      0.8964862750753617,
      0.6088043565479277,
      0.9928034254775174,
      0.8620015084345273,
      0.9666409458569781,
      0.3944001039223358,
      1.002297780813811
    ],
    "calculated_trace_distance": [
      0.2913362877925522,
      0.06189946668573179,
      0.07175752455960524,
      0.2517885645249802,
      0.2949443553875127,
      0.08568003989782524,
      0.24469139241217505,
      0.14719415409652598,
      0.45725311080058795,
      0.07470038926032847
    ],
    "calculated_relative_entropy": [
      0.6987131984939885,
      0.024485943696657284,
      0.007506131345434017,
      0.2434913729757516,
      0.9231104089616313,
      0.039329169725967436,
      0.4089011017128706,
      0.09496003677632314,
      1.3315754165055989,
      0.012021203226526063
    ],
    "calculated_purity": [
      0.9998788833618164,
      0.5053524971008301,
      0.5179133415222168,
      0.6122536659240723,
      1.0154528617858887,
      0.5196452140808105,
      0.8363461494445801,
      0.707451343536377,
      1.0160460472106934,
      0.515228271484375
    ],
    "noiseless_fidelity": [
      0.6107518014206902,
      0.9961196322560439,
      0.9934876485743129,
      0.8893802207005707,
      0.6232117050921891,
      0.994807936224242,
      0.8678705235288211,
      0.9535541386098185,
      0.39533312181300234,
      0.9910652386074601
    ],
    "noiseless_trace_distance": [
      0.261696209272253,
      0.03663653597719797,
      0.05504938196843508,
      0.2306665546043965,
      0.2686457944067704,
      0.032909778054380556,
      0.20799191625740276,
      0.11459367890396141,
      0.41406198833402386,
      0.06517373259747003
    ],
    "noiseless_relative_entropy": [
      3.5451876046636634,
      0.011297282230519332,
      0.017786315831584708,
      0.2708744330393049,
      3.245422870461584,
      0.037978763290988315,
      0.4793119871030241,
      0.11566669817878839,
      7.192448002537582,
      0.02224209549085497
    ],
    "noiseless_purity": [
      0.9995608508161269,
      0.5047743046251355,
      0.5016620957458343,
      0.5930308811589458,
      0.9987650117455341,
      0.5114248796240825,
      0.8227596562380676,
      0.6792118796860944,
      0.999818720644811,
      0.5002296767542806
    ]
  }
}
