{
  "n": 2,
  "J": 1.0,
  "h": 0.5,
  "beta": 1e-08,
  "calculated_result": {
    "n": 2,
    "J": 1.0,
    "h": 0.5,
    "beta": 1e-08,
    "params": [
      2.427252105922065,
      2.8795192035613324,
      1.7713242120901558,
      3.455641043901126,
      3.6205857284539773,
      4.525731512710214,
      3.3060057379978227,
      3.6425033407280507,
      4.4284478212446485,
      5.011216969811363
    ],
    "cost": -138629150.2120156,
    "energy": -0.0166015625,
    "entropy": 1.3862915019541404,
    "rho": [
      [
        0.244140625,
        0.00048828125,
        0.005859375,
        -0.001953125
      ],
      [
        0.00048828125,
        0.2548828125,
        0.0224609375,
        -0.015625
      ],
      [
        0.005859375,
        0.0224609375,
        0.232421875,
        -0.02197265625
      ],
      [
        -0.001953125,
        -0.015625,
        -0.02197265625,
        0.2685546875
      ]
    ],
    "noiseless_rho": [
      [
        0.24752664543397518,
        -1.940748653423049e-17,
        -5.1289486636393745e-17,
        -0.001621477556905157
      ],
      [
        -1.940748653423049e-17,
        0.24951689991576842,
        8.064000788817025e-05,
        -5.1231595512569996e-17
      ],
      [
        -5.1289486636393745e-17,
        8.064000788817025e-05,
        0.26034983737295353,
        1.0286107693318017e-17
      ],
      [
        -0.001621477556905157,
        -5.1231595512569996e-17,
        1.0286107693318017e-17,
        0.24260661727730296
      ]
    ],
    "sigma": [
      0.2468532986111111,
      0.2458767361111111,
      0.265625,
      0.2416449652777778
    ],
    "noiseless_sigma": [
      0.24818801815549102,
      0.2618190330802622,
      0.24804770420845976,
      0.24194524455578711
    ],
    "eigenvalues": [
      0.2416449652777778,
      0.2458767361111111,
      0.2468532986111111,
      0.265625
    ],
    "noiseless_eigenvalues": [
      0.24194524455578711,
      0.24804770420845976,
      0.24818801815549102,
      0.2618190330802622
    ],
    "hamiltonian_eigenvalues": [
      -6062176.281670019,
      1266954.9430465698,
      1663343.922756493,
      3399421.355814874
    ],
    "noiseless_hamiltonian_eigenvalues": [
      -4618977.481257811,
      727718.0214479268,
      784269.3515707254,
      3275233.847260922
    ]
  },
  "exact_result": {
    "hamiltonian_matrix": [
      [
        [
          -1.0,
          0.0
        ],
        [
          0.0,
          0.0
        ],
        [
          0.0,
          0.0
        ],
        [
          -1.0,
          0.0
        ]
      ],
      [
        [
          0.0,
          0.0
        ],
        [
          0.0,
          0.0
        ],
        [
          -1.0,
          0.0
        ],
        [
          0.0,
          0.0
        ]
      ],
      [
        [
          0.0,
          0.0
        ],
        [
          -1.0,
          0.0
        ],
        [
          0.0,
          0.0
        ],
        [
          0.0,
          0.0
        ]
      ],
      [
        [
          -1.0,
          0.0
        ],
        [
          0.0,
          0.0
        ],
        [
          0.0,
          0.0
        ],
        [
          1.0,
          0.0
        ]
      ]
    ],
    "gibbs_state": [
      [
        0.25000000250000004,
        0.0,
        0.0,
        2.5000000000000005e-09
      ],
      [
        0.0,
        0.25,
        2.5e-09,
        0.0
      ],
      [
        0.0,
        2.5e-09,
        0.25,
        0.0
      ],
      [
        2.4999999999999996e-09,
        0.0,
        0.0,
        0.24999999750000002
      ]
    ],
    "energy": -1.5000000019860238e-08,
    "entropy": 1.3862943611198908,
    "cost": -138629436.1119891,
    "eigenvalues": [
      0.24999999646446613,
      0.24999999750000002,
      0.2500000025,
      0.2500000035355339
    ],
    "hamiltonian_eigenvalues": [
      -1.4142135623730951,
      -1.0,
      1.0,
      1.4142135623730951
    ]
  },
  "metrics": {
    "exact_purity": 0.25000000000000006,
    "calculated_fidelity": 0.9968181271196361,
    "calculated_trace_distance": 0.033935545625,
    "calculated_relative_entropy": 0.006337629251232879,
    "calculated_purity": 0.2532510757446289,
    "noiseless_fidelity": 0.9998277516742521,
    "noiseless_trace_distance": 0.0052152374404208805,
    "noiseless_relative_entropy": 0.00034378611219397764,
    "noiseless_purity": 0.2501734034947884
  }
}
