{
  "n": 2,
  "J": 1.0,
  "h": 0.5,
  "beta": 0.2,
  "calculated_result": {
    "n": 2,
    "J": 1.0,
    "h": 0.5,
    "beta": 0.2,
    "params": [
      2.4336451576992375,
      2.720990694299587,
      1.8336598531142971,
      3.4661337369832657,
      3.4637725199381024,
      4.454110859601537,
      3.1459317996729665,
      3.145436453964599,
      5.737317031936061,
      5.142378472607513
    ],
    "cost": -7.103586486207236,
    "energy": -0.2412109375,
    "entropy": 1.3724751097414472,
    "rho": [
      [
        0.275390625,
        -0.001953125,
        0.01318359375,
        0.02099609375
      ],
      [
        -0.001953125,
        0.275390625,
        0.06494140625,
        0.00048828125
      ],
      [
        0.01318359375,
        0.06494140625,
        0.2431640625,
        -0.015625
      ],
      [
        0.02099609375,
        0.00048828125,
        -0.015625,
        0.2060546875
      ]
    ],
    "noiseless_rho": [
      [
        0.2698044756670778,
        1.7123820518426482e-17,
        2.8457980831565707e-18,
        0.02365849237311196
      ],
      [
        1.7123820518426482e-17,
        0.2600234013473467,
        0.04408957915929468,
        1.4710362510881928e-17
      ],
      [
        2.8457980831565707e-18,
        0.04408957915929468,
        0.2702874777179246,
        -1.876571847843087e-17
      ],
      [
        0.02365849237311196,
        1.4710362510881928e-17,
        -1.876571847843087e-17,
        0.19988464526765012
      ]
    ],
    "sigma": [
      0.2642144097222222,
      0.2269965277777778,
      0.3109809027777778,
      0.1978081597222222
    ],
    "noiseless_sigma": [
      0.2770573591114347,
      0.3095441851783126,
      0.22076669388695863,
      0.19263176182329322
    ],
    "eigenvalues": [
      0.1978081597222222,
      0.2269965277777778,
      0.2642144097222222,
      0.3109809027777778
    ],
    "noiseless_eigenvalues": [
      0.19263176182329322,
      0.22076669388695863,
      0.2770573591114347,
      0.3095441851783126
    ],
    "hamiltonian_eigenvalues": [
      -1.2634676134694605,
      -0.44861474911232513,
      0.3105163025470583,
      0.9987015550778118
    ],
    "noiseless_hamiltonian_eigenvalues": [
      -1.2403143164530253,
      -0.6859328780726681,
      0.44965760809475785,
      1.1312879257813755
    ]
  },
  "exact_result": {
    "hamiltonian_matrix": [
      [
        [
          -1.0,
          0.0
        ],
        [
          0.0,
          0.0
        ],
        [
          0.0,
          0.0
        ],
        [
          -1.0,
          0.0
        ]
      ],
      [
        [
          0.0,
          0.0
        ],
        [
          0.0,
          0.0
        ],
        [
          -1.0,
          0.0
        ],
        [
          0.0,
          0.0
        ]
      ],
      [
        [
          0.0,
          0.0
        ],
        [
          -1.0,
          0.0
        ],
        [
          0.0,
          0.0
        ],
        [
          0.0,
          0.0
        ]
      ],
      [
        [
          -1.0,
          0.0
        ],
        [
          0.0,
          0.0
        ],
        [
          0.0,
          0.0
        ],
        [
          1.0,
          0.0
        ]
      ]
    ],
    "gibbs_state": [
      [
        0.30163668885233524,
        0.0,
        0.0,
        0.04918555449042901
      ],
      [
        0.0,
        0.24754886563809372,
        0.04886003662663048,
        0.0
      ],
      [
        0.0,
        0.04886003662663048,
        0.24754886563809372,
        0.0
      ],
      [
        0.04918555449042902,
        0.0,
        0.0,
        0.2032655798714772
      ]
    ],
    "energy": -0.294462291214977,
    "entropy": 1.357122893136917,
    "cost": -7.080076756899562,
    "eigenvalues": [
      0.18289225612870066,
      0.19868882901146326,
      0.2964089022647242,
      0.32201001259511175
    ],
    "hamiltonian_eigenvalues": [
      -1.4142135623730951,
      -1.0,
      1.0,
      1.4142135623730951
    ]
  },
  "metrics": {
    "exact_purity": 0.2644755136790756,
    "calculated_fidelity": 0.9958101669310718,
    "calculated_trace_distance": 0.034786121671382134,
    "calculated_relative_entropy": 0.008435766685846686,
    "calculated_purity": 0.263427734375,
    "noiseless_fidelity": 0.9971877136463283,
    "noiseless_trace_distance": 0.028679637651287247,
    "noiseless_relative_entropy": 0.0057080405909177715,
    "noiseless_purity": 0.25842304686674666
  }
}
