{
  "n": 2,
  "J": 1.0,
  "h": 0.5,
  "beta": 0.5,
  "calculated_result": {
    "n": 2,
    "J": 1.0,
    "h": 0.5,
    "beta": 0.5,
    "params": [
      2.399780160583267,
      2.4451718603794785,
      2.0544587460922528,
      3.3816998833673204,
      3.481688681453836,
      4.437490671832928,
      3.1511980190452364,
      3.1511980190452364,
      5.987244240225429,
      5.15745922734407
    ],
    "cost": -3.1696564076101037,
    "energy": -0.6884765625,
    "entropy": 1.2405899225550518,
    "rho": [
      [
        0.39453125,
        -0.00341796875,
        -0.00439453125,
        0.12353515625
      ],
      [
        -0.00341796875,
        0.212890625,
        0.10009765625,
        0.00341796875
      ],
      [
        -0.00439453125,
        0.10009765625,
        0.2392578125,
        0.00634765625
      ],
      [
        0.12353515625,
        0.00341796875,
        0.00634765625,
        0.1533203125
      ]
    ],
    "noiseless_rho": [
      [
        0.3882183415316414,
        -1.641566739339076e-16,
        1.094670097946638e-17,
        0.12633593679975438
      ],
      [
        -1.641566739339076e-16,
        0.24203430101667078,
        0.09758829705672985,
        -8.086320787769249e-17
      ],
      [
        1.094670097946638e-17,
        0.09758829705672985,
        0.21271006703852957,
        -9.772605210430468e-18
      ],
      [
        0.12633593679975438,
        -8.086320787769249e-17,
        -9.772605210430468e-18,
        0.1570372904131579
      ]
    ],
    "sigma": [
      0.4358723958333333,
      0.130859375,
      0.3234592013888889,
      0.10980902777777778
    ],
    "noiseless_sigma": [
      0.44386431478656385,
      0.3260739990004965,
      0.12867036905470386,
      0.10139131715823545
    ],
    "eigenvalues": [
      0.10980902777777778,
      0.130859375,
      0.3234592013888889,
      0.4358723958333333
    ],
    "noiseless_eigenvalues": [
      0.10139131715823545,
      0.12867036905470386,
      0.3260739990004965,
      0.44386431478656385
    ],
    "hamiltonian_eigenvalues": [
      -1.5088449104573232,
      -0.9122918290949018,
      0.8976076036869793,
      1.2483686585664193
    ],
    "noiseless_hamiltonian_eigenvalues": [
      -1.545183686446404,
      -0.9283945424603557,
      0.9313464395155977,
      1.4078792345792541
    ]
  },
  "exact_result": {
    "hamiltonian_matrix": [
      [
        [
          -1.0,
          0.0
        ],
        [
          0.0,
          0.0
        ],
        [
          0.0,
          0.0
        ],
        [
          -1.0,
          0.0
        ]
      ],
      [
        [
          0.0,
          0.0
        ],
        [
          0.0,
          0.0
        ],
        [
          -1.0,
          0.0
        ],
        [
          0.0,
          0.0
        ]
      ],
      [
        [
          0.0,
          0.0
        ],
        [
          -1.0,
          0.0
        ],
        [
          0.0,
          0.0
        ],
        [
          0.0,
          0.0
        ]
      ],
      [
        [
          -1.0,
          0.0
        ],
        [
          0.0,
          0.0
        ],
        [
          0.0,
          0.0
        ],
        [
          1.0,
          0.0
        ]
      ]
    ],
    "gibbs_state": [
      [
        0.3775435925176229,
        0.0,
        0.0,
        0.11362464936063967
      ],
      [
        0.0,
        0.23608105684301672,
        0.10909710687123368,
        0.0
      ],
      [
        0.0,
        0.10909710687123368,
        0.23608105684301672,
        0.0
      ],
      [
        0.11362464936063967,
        0.0,
        0.0,
        0.15029429379634357
      ]
    ],
    "energy": -0.672692811185026,
    "entropy": 1.2273481730923634,
    "cost": -3.1273891573697528,
    "eigenvalues": [
      0.10322942301127919,
      0.12698394997178303,
      0.3451781637142504,
      0.42460846330268726
    ],
    "hamiltonian_eigenvalues": [
      -1.4142135623730951,
      -1.0,
      1.0,
      1.4142135623730951
    ]
  },
  "metrics": {
    "exact_purity": 0.32622154913908924,
    "calculated_fidelity": 0.9988515718650034,
    "calculated_trace_distance": 0.019512909982125203,
    "calculated_relative_entropy": 0.0024256588351985048,
    "calculated_purity": 0.3324556350708008,
    "noiseless_fidelity": 0.9988834212428894,
    "noiseless_trace_distance": 0.017439899809495504,
    "noiseless_relative_entropy": 0.002361263981960753,
    "noiseless_purity": 0.330168856069057
  }
}
