{
  "n": 2,
  "J": 1.0,
  "h": 0.5,
  "beta": 0.8,
  "calculated_result": {
    "n": 2,
    "J": 1.0,
    "h": 0.5,
    "beta": 0.8,
    "params": [
      2.443413696696738,
      2.2456765825820697,
      2.0617539274864494,
      2.2399599811452457,
      3.488513355144798,
      3.879630058287753,
      3.146110611008305,
      3.14414986741265,
      5.9329278023560805,
      5.072446411244721
    ],
    "cost": -2.1816057870072,
    "energy": -1.1103515625,
    "entropy": 0.8570033796057599,
    "rho": [
      [
        0.4716796875,
        -0.00244140625,
        -0.00927734375,
        0.220703125
      ],
      [
        -0.00244140625,
        0.2080078125,
        0.1416015625,
        0.00048828125
      ],
      [
        -0.00927734375,
        0.1416015625,
        0.234375,
        0.00830078125
      ],
      [
        0.220703125,
        0.00048828125,
        0.00830078125,
        0.0859375
      ]
    ],
    "noiseless_rho": [
      [
        0.46444759617186665,
        -2.1229824215071859e-16,
        -8.195627548862426e-17,
        0.21312907169596151
      ],
      [
        -2.1229824215071859e-16,
        0.22041162532414743,
        0.1583565779287467,
        -9.306315044904376e-17
      ],
      [
        -8.195627548862426e-17,
        0.1583565779287467,
        0.21730776045775244,
        -4.204878541560923e-17
      ],
      [
        0.21312907169596151,
        -9.306315044904376e-17,
        -4.204878541560923e-17,
        0.09783301804623287
      ]
    ],
    "sigma": [
      0.5709635416666666,
      0.057074652777777776,
      0.3719618055555556,
      0.0
    ],
    "noiseless_sigma": [
      0.5622557055512544,
      0.3772278390756907,
      0.0604915467062092,
      2.490866684512193e-05
    ],
    "eigenvalues": [
      0.0,
      0.057074652777777776,
      0.3719618055555556,
      0.5709635416666666
    ],
    "noiseless_eigenvalues": [
      2.490866684512193e-05,
      0.0604915467062092,
      0.3772278390756907,
      0.5622557055512544
    ],
    "hamiltonian_eigenvalues": [
      -1.481068385337907,
      -0.9454006579846976,
      1.3976381757402532,
      Infinity
    ],
    "noiseless_hamiltonian_eigenvalues": [
      -1.461857611404856,
      -0.962973379009993,
      1.3249587724577259,
      11.06876264922455
    ]
  },
  "exact_result": {
    "hamiltonian_matrix": [
      [
        [
          -1.0,
          0.0
        ],
        [
          0.0,
          0.0
        ],
        [
          0.0,
          0.0
        ],
        [
          -1.0,
          0.0
        ]
      ],
      [
        [
          0.0,
          0.0
        ],
        [
          0.0,
          0.0
        ],
        [
          -1.0,
          0.0
        ],
        [
          0.0,
          0.0
        ]
      ],
      [
        [
          0.0,
          0.0
        ],
        [
          -1.0,
          0.0
        ],
        [
          0.0,
          0.0
        ],
        [
          0.0,
          0.0
        ]
      ],
      [
        [
          -1.0,
          0.0
        ],
        [
          0.0,
          0.0
        ],
        [
          0.0,
          0.0
        ],
        [
          1.0,
          0.0
        ]
      ]
    ],
    "gibbs_state": [
      [
        0.4416950076916649,
        0.0,
        0.0,
        0.1610414349807664
      ],
      [
        0.0,
        0.2193464272891015,
        0.14565409314684655,
        0.0
      ],
      [
        0.0,
        0.14565409314684655,
        0.2193464272891015,
        0.0
      ],
      [
        0.16104143498076634,
        0.0,
        0.0,
        0.11961213773013224
      ]
    ],
    "energy": -0.9354739262167585,
    "entropy": 1.0594773585753432,
    "cost": -2.2598206244359376,
    "eigenvalues": [
      0.052906591257073816,
      0.07369233414225496,
      0.365000520435948,
      0.5084005541647234
    ],
    "hamiltonian_eigenvalues": [
      -1.4142135623730951,
      -1.0,
      1.0,
      1.4142135623730951
    ]
  },
  "metrics": {
    "exact_purity": 0.3999261709032876,
    "calculated_fidelity": 0.9592294788422608,
    "calculated_trace_distance": 0.05106269512468292,
    "calculated_relative_entropy": 0.006343061926472122,
    "calculated_purity": 0.4659099578857422,
    "noiseless_fidelity": 0.9473164150685193,
    "noiseless_trace_distance": 0.0374201125976986,
    "noiseless_relative_entropy": 0.3619464488752067,
    "noiseless_purity": 0.4620884302936272
  }
}
