{
  "n": 2,
  "J": 1.0,
  "h": 0.5,
  "beta": 1.0,
  "calculated_result": {
    "n": 2,
    "J": 1.0,
    "h": 0.5,
    "beta": 1.0,
    "params": [
      2.400009223423213,
      2.3626141298661487,
      1.9439567481957605,
      2.399300991796393,
      3.527444287190364,
      4.887588014455443,
      3.142850232615178,
      3.1389066730111956,
      5.872653740337879,
      5.196462327536368
    ],
    "cost": -2.019160974260691,
    "energy": -1.0224609375,
    "entropy": 0.9967000367606912,
    "rho": [
      [
        0.513671875,
        0.01513671875,
        0.0185546875,
        0.15625
      ],
      [
        0.01513671875,
        0.1865234375,
        0.1474609375,
        0.0048828125
      ],
      [
        0.0185546875,
        0.1474609375,
        0.201171875,
        0.01220703125
      ],
      [
        0.15625,
        0.0048828125,
        0.01220703125,
        0.0986328125
      ]
    ],
    "noiseless_rho": [
      [
        0.4832669427361858,
        -2.3773263735755976e-17,
        6.838017072603531e-18,
        0.15399080725245015
      ],
      [
        -2.3773263735755976e-17,
        0.2190026488620305,
        0.14051515737500225,
        2.882594071485456e-17
      ],
      [
        6.838017072603531e-18,
        0.14051515737500225,
        0.19829783914308646,
        1.0943189339559542e-17
      ],
      [
        0.15399080725245015,
        2.882594071485456e-17,
        1.0943189339559542e-17,
        0.0994325692586977
      ]
    ],
    "sigma": [
      0.5425347222222222,
      0.07020399305555555,
      0.3411458333333333,
      0.04611545138888889
    ],
    "noiseless_sigma": [
      0.5374113679465036,
      0.34954638391615855,
      0.06775410408895839,
      0.045288144048379934
    ],
    "eigenvalues": [
      0.04611545138888889,
      0.07020399305555555,
      0.3411458333333333,
      0.5425347222222222
    ],
    "noiseless_eigenvalues": [
      0.045288144048379934,
      0.06775410408895839,
      0.34954638391615855,
      0.5374113679465036
    ],
    "hamiltonian_eigenvalues": [
      -1.407657782741256,
      -0.9437157448741158,
      0.6371891141740811,
      1.0574462397505644
    ],
    "noiseless_hamiltonian_eigenvalues": [
      -1.3981695448396785,
      -0.9680419632142461,
      0.6727092698375503,
      1.0755490272736346
    ]
  },
  "exact_result": {
    "hamiltonian_matrix": [
      [
        [
          -1.0,
          0.0
        ],
        [
          0.0,
          0.0
        ],
        [
          0.0,
          0.0
        ],
        [
          -1.0,
          0.0
        ]
      ],
      [
        [
          0.0,
          0.0
        ],
        [
          0.0,
          0.0
        ],
        [
          -1.0,
          0.0
        ],
        [
          0.0,
          0.0
        ]
      ],
      [
        [
          0.0,
          0.0
        ],
        [
          -1.0,
          0.0
        ],
        [
          0.0,
          0.0
        ],
        [
          0.0,
          0.0
        ]
      ],
      [
        [
          -1.0,
          0.0
        ],
        [
          0.0,
          0.0
        ],
        [
          0.0,
          0.0
        ],
        [
          1.0,
          0.0
        ]
      ]
    ],
    "gibbs_state": [
      [
        0.47651580836299356,
        0.0,
        0.0,
        0.18384866024320862
      ],
      [
        0.0,
        0.20733285188021505,
        0.15790348832961396,
        0.0
      ],
      [
        0.0,
        0.157903488329614,
        0.20733285188021502,
        0.0
      ],
      [
        0.18384866024320862,
        0.0,
        0.0,
        0.10881848787657636
      ]
    ],
    "energy": -1.0512016176320624,
    "entropy": 0.9560090098858776,
    "cost": -2.00721062751794,
    "eigenvalues": [
      0.03266587937971612,
      0.04942936355060101,
      0.3652363402098291,
      0.5526684168598538
    ],
    "hamiltonian_eigenvalues": [
      -1.4142135623730951,
      -1.0,
      1.0,
      1.4142135623730951
    ]
  },
  "metrics": {
    "exact_purity": 0.44235028486091477,
    "calculated_fidelity": 0.9949029691193476,
    "calculated_trace_distance": 0.049223066565107526,
    "calculated_relative_entropy": 0.012262142711359388,
    "calculated_purity": 0.4426584243774414,
    "noiseless_fidelity": 0.9956581720414382,
    "noiseless_trace_distance": 0.019621885804318583,
    "noiseless_relative_entropy": 0.009781356157656608,
    "noiseless_purity": 0.4176333233291347
  }
}
