{
  "n": 2,
  "J": 1.0,
  "h": 0.5,
  "beta": 1.2,
  "calculated_result": {
    "n": 2,
    "J": 1.0,
    "h": 0.5,
    "beta": 1.2,
    "params": [
      2.8473722456679025,
      2.2023468822409673,
      4.194088100200051,
      2.275987616190748,
      3.6992438266854037,
      4.756736981802585,
      3.1357750895447816,
      3.1374256916495833,
      5.887816460127355,
      5.100409471705593
    ],
    "cost": -1.8269130739438655,
    "energy": -1.1630859375,
    "entropy": 0.7965925637326385,
    "rho": [
      [
        0.48046875,
        0.0029296875,
        0.001953125,
        0.19091796875
      ],
      [
        0.0029296875,
        0.1982421875,
        0.19873046875,
        -0.0205078125
      ],
      [
        0.001953125,
        0.19873046875,
        0.224609375,
        -0.01953125
      ],
      [
        0.19091796875,
        -0.0205078125,
        -0.01953125,
        0.0966796875
      ]
    ],
    "noiseless_rho": [
      [
        0.4945143126472668,
        -1.4705030915871314e-16,
        -3.85078615243513e-17,
        0.2041886682397056
      ],
      [
        -1.4705030915871314e-16,
        0.20742603388834255,
        0.1945443260081487,
        -1.0411953046323771e-16
      ],
      [
        -3.85078615243513e-17,
        0.1945443260081487,
        0.21028524717881636,
        -5.783454511485278e-17
      ],
      [
        0.2041886682397056,
        -1.0411953046323771e-16,
        -5.783454511485278e-17,
        0.08777440628557474
      ]
    ],
    "sigma": [
      0.5811631944444444,
      0.013454861111111112,
      0.3989800347222222,
      0.006401909722222222
    ],
    "noiseless_sigma": [
      0.5793327984603693,
      0.4034149169948764,
      0.014296364072282488,
      0.002955920472472174
    ],
    "eigenvalues": [
      0.006401909722222222,
      0.013454861111111112,
      0.3989800347222222,
      0.5811631944444444
    ],
    "noiseless_eigenvalues": [
      0.002955920472472174,
      0.014296364072282488,
      0.4034149169948764,
      0.5793327984603693
    ],
    "hamiltonian_eigenvalues": [
      -1.3746433438400243,
      -1.0612098225818651,
      1.7634326071649973,
      2.3823860419144296
    ],
    "noiseless_hamiltonian_eigenvalues": [
      -1.372014586376103,
      -1.0704216772997168,
      1.7128786216607583,
      3.0263745760749527
    ]
  },
  "exact_result": {
    "hamiltonian_matrix": [
      [
        [
          -1.0,
          0.0
        ],
        [
          0.0,
          0.0
        ],
        [
          0.0,
          0.0
        ],
        [
          -1.0,
          0.0
        ]
      ],
      [
        [
          0.0,
          0.0
        ],
        [
          0.0,
          0.0
        ],
        [
          -1.0,
          0.0
        ],
        [
          0.0,
          0.0
        ]
      ],
      [
        [
          0.0,
          0.0
        ],
        [
          -1.0,
          0.0
        ],
        [
          0.0,
          0.0
        ],
        [
          0.0,
          0.0
        ]
      ],
      [
        [
          -1.0,
          0.0
        ],
        [
          0.0,
          0.0
        ],
        [
          0.0,
          0.0
        ],
        [
          1.0,
          0.0
        ]
      ]
    ],
    "gibbs_state": [
      [
        0.5058526567926453,
        0.0,
        0.0,
        0.20133735000697395
      ],
      [
        0.0,
        0.19548469321432851,
        0.1629667150984828,
        0.0
      ],
      [
        0.0,
        0.16296671509848276,
        0.19548469321432851,
        0.0
      ],
      [
        0.201337350006974,
        0.0,
        0.0,
        0.10317795677869743
      ]
    ],
    "energy": -1.1312828302248614,
    "entropy": 0.8684227735250276,
    "cost": -1.8549684748290511,
    "eigenvalues": [
      0.01978129579355002,
      0.03251797811584574,
      0.3584514083128113,
      0.5892493177777928
    ],
    "hamiltonian_eigenvalues": [
      -1.4142135623730951,
      -1.0,
      1.0,
      1.4142135623730951
    ]
  },
  "metrics": {
    "exact_purity": 0.47715088918704646,
    "calculated_fidelity": 0.9905033905174526,
    "calculated_trace_distance": 0.04318640521859435,
    "calculated_relative_entropy": 0.023691967329146097,
    "calculated_purity": 0.4834623336791992,
    "noiseless_fidelity": 0.987534712403521,
    "noiseless_trace_distance": 0.023189082437076923,
    "noiseless_relative_entropy": 0.03196955065395346,
    "noiseless_purity": 0.4985752105664264
  }
}
