{
  "n": 2,
  "J": 1.0,
  "h": 0.5,
  "beta": 2.0,
  "calculated_result": {
    "n": 2,
    "J": 1.0,
    "h": 0.5,
    "beta": 2.0,
    "params": [
      2.9417059766394154,
      2.2735353539809946,
      4.236082248018752,
      2.393492222891099,
      3.306963596232859,
      4.7933736699902685,
      3.1460654707385056,
      3.1251811361639117,
      5.958245829990283,
      5.130258376325908
    ],
    "cost": -1.595374626257029,
    "energy": -1.294921875,
    "entropy": 0.6009055025140578,
    "rho": [
      [
        0.59765625,
        -0.005859375,
        -0.009765625,
        0.27294921875
      ],
      [
        -0.005859375,
        0.125,
        0.13037109375,
        0.0029296875
      ],
      [
        -0.009765625,
        0.13037109375,
        0.16796875,
        0.0087890625
      ],
      [
        0.27294921875,
        0.0029296875,
        0.0087890625,
        0.109375
      ]
    ],
    "noiseless_rho": [
      [
        0.6044177278166822,
        -1.3747412278926533e-16,
        -3.453100508236967e-17,
        0.2652007881596136
      ],
      [
        -1.3747412278926533e-16,
        0.15198900754327394,
        0.1382554374443802,
        -6.438073901365223e-17
      ],
      [
        -3.453100508236967e-17,
        0.1382554374443802,
        0.12621864764401866,
        -1.9560496396203386e-17
      ],
      [
        0.2652007881596136,
        -6.438073901365223e-17,
        -1.9560496396203386e-17,
        0.117374616996025
      ]
    ],
    "sigma": [
      0.7261284722222222,
      0.0,
      0.2733289930555556,
      0.0005425347222222222
    ],
    "noiseless_sigma": [
      0.7210222102004739,
      0.27796830188028593,
      0.00023935330700665462,
      0.0007701346122333881
    ],
    "eigenvalues": [
      0.0,
      0.0005425347222222222,
      0.2733289930555556,
      0.7261284722222222
    ],
    "noiseless_eigenvalues": [
      0.00023935330700665462,
      0.0007701346122333881,
      0.27796830188028593,
      0.7210222102004739
    ],
    "hamiltonian_eigenvalues": [
      -1.43536046584255,
      -0.9468350729654978,
      2.164254608993757,
      Infinity
    ],
    "noiseless_hamiltonian_eigenvalues": [
      -1.431831957529372,
      -0.955250529354097,
      1.9890979923997945,
      2.5734102865463777
    ]
  },
  "exact_result": {
    "hamiltonian_matrix": [
      [
        [
          -1.0,
          0.0
        ],
        [
          0.0,
          0.0
        ],
        [
          0.0,
          0.0
        ],
        [
          -1.0,
          0.0
        ]
      ],
      [
        [
          0.0,
          0.0
        ],
        [
          0.0,
          0.0
        ],
        [
          -1.0,
          0.0
        ],
        [
          0.0,
          0.0
        ]
      ],
      [
        [
          0.0,
          0.0
        ],
        [
          -1.0,
          0.0
        ],
        [
          0.0,
          0.0
        ],
        [
          0.0,
          0.0
        ]
      ],
      [
        [
          -1.0,
          0.0
        ],
        [
          0.0,
          0.0
        ],
        [
          0.0,
          0.0
        ],
        [
          1.0,
          0.0
        ]
      ]
    ],
    "gibbs_state": [
      [
        0.5897309313931668,
        0.0,
        0.0,
        0.24327536307992276
      ],
      [
        0.0,
        0.15354443168675583,
        0.1480210669130998,
        0.0
      ],
      [
        0.0,
        0.1480210669130998,
        0.15354443168675583,
        0.0
      ],
      [
        0.24327536307992276,
        0.0,
        0.0,
        0.10318020523332135
      ]
    ],
    "energy": -1.2691435861458906,
    "entropy": 0.6604808716629245,
    "cost": -1.599384021977353,
    "eigenvalues": [
      0.0024122504543784146,
      0.005523364773656059,
      0.30156549859985565,
      0.6904988861721097
    ],
    "hamiltonian_eigenvalues": [
      -1.4142135623730951,
      -1.0,
      1.0,
      1.4142135623730951
    ]
  },
  "metrics": {
    "exact_purity": 0.5677667882613812,
    "calculated_fidelity": 1.005318543761518,
    "calculated_trace_distance": 0.027491733674927812,
    "calculated_relative_entropy": -0.005295573806350429,
    "calculated_purity": 0.5964212417602539,
    "noiseless_fidelity": 0.9944447832723964,
    "noiseless_trace_distance": 0.018545706755728406,
    "noiseless_relative_entropy": 0.021008264452922157,
    "noiseless_purity": 0.5970214438879532
  }
}
