{
  "n": 2,
  "J": 1.0,
  "h": 0.5,
  "beta": 5.0,
  "calculated_result": {
    "n": 2,
    "J": 1.0,
    "h": 0.5,
    "beta": 5.0,
    "params": [
      2.9537410371071835,
      2.1871316455617897,
      4.373514921928477,
      2.3851024755196324,
      1.262307607968678,
      4.873452355621664,
      3.1312150813380857,
      3.133500251973057,
      6.018635504429963,
      5.1822617528613515
    ],
    "cost": -1.453644224144894,
    "energy": -1.3681640625,
    "entropy": 0.4274008082244691,
    "rho": [
      [
        0.7255859375,
        -0.00537109375,
        -0.0068359375,
        0.3232421875
      ],
      [
        -0.00537109375,
        0.05859375,
        0.05859375,
        0.0078125
      ],
      [
        -0.0068359375,
        0.05859375,
        0.0947265625,
        0.01220703125
      ],
      [
        0.3232421875,
        0.0078125,
        0.01220703125,
        0.12109375
      ]
    ],
    "noiseless_rho": [
      [
        0.7076441869768908,
        -4.215085811330443e-17,
        -4.688738766427206e-17,
        0.31384690018031763
      ],
      [
        -4.215085811330443e-17,
        0.0911327901330983,
        0.07394824708142132,
        -3.5672936906596754e-17
      ],
      [
        -4.688738766427206e-17,
        0.07394824708142132,
        0.06033219580102513,
        -3.390329550344607e-17
      ],
      [
        0.31384690018031763,
        -3.5672936906596754e-17,
        -3.390329550344607e-17,
        0.14089082708898437
      ]
    ],
    "sigma": [
      0.8547092013888888,
      0.00010850694444444444,
      0.14453125,
      0.0006510416666666666
    ],
    "noiseless_sigma": [
      0.8471187257826964,
      0.1512802210605542,
      0.00018476487356925412,
      0.0014162882831786525
    ],
    "eigenvalues": [
      0.00010850694444444444,
      0.0006510416666666666,
      0.14453125,
      0.8547092013888888
    ],
    "noiseless_eigenvalues": [
      0.00018476487356925412,
      0.0014162882831786525,
      0.1512802210605542,
      0.8471187257826964
    ],
    "hamiltonian_eigenvalues": [
      -1.4222454274984242,
      -1.0667923177778262,
      0.013743158596629668,
      0.3720950524422406
    ],
    "noiseless_hamiltonian_eigenvalues": [
      -1.4204613397375436,
      -1.0759199454718025,
      -0.14170108122153957,
      0.2656410748375606
    ]
  },
  "exact_result": {
    "hamiltonian_matrix": [
      [
        [
          -1.0,
          0.0
        ],
        [
          0.0,
          0.0
        ],
        [
          0.0,
          0.0
        ],
        [
          -1.0,
          0.0
        ]
      ],
      [
        [
          0.0,
          0.0
        ],
        [
          0.0,
          0.0
        ],
        [
          -1.0,
          0.0
        ],
        [
          0.0,
          0.0
        ]
      ],
      [
        [
          0.0,
          0.0
        ],
        [
          -1.0,
          0.0
        ],
        [
          0.0,
          0.0
        ],
        [
          0.0,
          0.0
        ]
      ],
      [
        [
          -1.0,
          0.0
        ],
        [
          0.0,
          0.0
        ],
        [
          0.0,
          0.0
        ],
        [
          1.0,
          0.0
        ]
      ]
    ],
    "gibbs_state": [
      [
        0.7580016602485866,
        0.0,
        0.0,
        0.31397430263046044
      ],
      [
        0.0,
        0.05597264238187379,
        0.05596756030453423,
        0.0
      ],
      [
        0.0,
        0.055967560304534224,
        0.05597264238187379,
        0.0
      ],
      [
        0.31397430263046044,
        0.0,
        0.0,
        0.1300530549876658
      ]
    ],
    "energy": -1.3678323311309102,
    "entropy": 0.3506287991959459,
    "cost": -1.4379580909700993,
    "eigenvalues": [
      6.406014945448124e-07,
      5.082077339582658e-06,
      0.11194020268640802,
      0.8880540746347578
    ],
    "hamiltonian_eigenvalues": [
      -1.4142135623730951,
      -1.0,
      1.0,
      1.4142135623730951
    ]
  },
  "metrics": {
    "exact_purity": 0.8011706484791081,
    "calculated_fidelity": 1.0001880881169927,
    "calculated_trace_distance": 0.03021153928179599,
    "calculated_relative_entropy": 0.006365747098973723,
    "calculated_purity": 0.769953727722168,
    "noiseless_fidelity": 0.9931465856848735,
    "noiseless_trace_distance": 0.026570417264055842,
    "noiseless_relative_entropy": 0.019676702421541237,
    "noiseless_purity": 0.7404921198060379
  }
}
