{
  "metrics": {
    "exact_purity": 0.3482450223805722,
    "calculated_fidelity": [
      0.9936085430542634,
      1.0097839507934985,
      1.0092393416813725,
      0.9819991287436091,
      0.9086367854498546,
      0.6857900135128597,
      0.8460043344262387,
      0.9523929275997566,
      0.9337332198728406,
      0.9822787757369748
    ],
    "calculated_trace_distance": [
      0.1571634442702035,
      0.14176372062415,
      0.1384708108816889,
      0.11572764261026655,
      0.18060137587477795,
      0.2968685493170439,
      0.2520626066165445,
      0.17219713890531238,
      0.33965716440672444,
      0.16343259678160846
    ],
    "calculated_relative_entropy": [
      -0.08582893197758931,
      -0.1035163892409575,
      -0.11428198616799935,
      -0.045380288405246105,
      0.08219485250250301,
      0.5588647748007066,
      0.25129350811581835,
      -0.007602764894063658,
      0.07406246472252723,
      -0.05085156179476655
    ],
    "calculated_purity": [
      0.38205814361572266,
      0.4084709882736206,
      0.4315251111984253,
      0.3900521993637085,
      0.2831209897994995,
      0.17249369621276855,
      0.32041704654693604,
      0.364721417427063,
      0.3866615295410156,
      0.37033677101135254
    ],
    "calculated_kullback_leibler_divergence": [
      0.02281267874536952,
      Infinity,
      Infinity,
      0.020923597910530816,
      0.06176113011008454,
      0.3553003041134405,
      0.2394662937561104,
      Infinity,
      Infinity,
      0.01785271922711181
    ],
    "noiseless_fidelity": [
      0.9370538898018841,
      0.9397356337113428,
      0.9392666905811,
      0.9476131051088033,
      0.9110004177090382,
      0.7124839290629372,
      0.8305525041216723,
      0.921660508510538,
      0.8980586821129622,
      0.9399626241198381
    ],
    "noiseless_trace_distance": [
      0.05486155962632855,
      0.039644467725986066,
      0.04452431516209632,
      0.02664484044574087,
      0.0817110977526097,
      0.25317173540049354,
      0.1852467549556099,
      0.12970946038824638,
      0.22530388660372402,
      0.05159805781629624
    ],
    "noiseless_relative_entropy": [
      0.22361797015469095,
      0.2202285334144651,
      0.21461770951386094,
      0.1607163649165558,
      0.19264064007837484,
      0.5644184579540406,
      0.3677964972161485,
      0.20526135588135117,
      0.2732252671230474,
      0.15750952751428626
    ],
    "noiseless_purity": [
      0.37542757413659156,
      0.3848688943908959,
      0.39481535313198013,
      0.35166571636489846,
      0.25582712771001104,
      0.14729422151518717,
      0.30153042547386766,
      0.32550846387352683,
      0.337792584996642,
      0.3201164562092158
    ],
    "noiseless_kullback_leibler_divergence": [
      0.02492383109900706,
      0.052337348301992784,
      0.0579281224639976,
      0.019671772525338492,
      0.0602098054576681,
      0.3657936636587361,
      0.2415932212100905,
      0.05506088793594429,
      0.08332011357721952,
      0.018991428766486344
    ]
  },
  "metadata": {
    "job_ids": [
      null
    ],
    "backends": [
      null
    ],
    "n": 5,
    "J": 1.0,
    "h": 0.5,
    "beta": 1.0,
    "ancilla_reps": 1,
    "system_reps": 4,
    "optimizer": "SPSA",
    "min_kwargs": {
      "maxiter": 400
    },
    "shots": 1024,
    "noise_model": null
  }
}
