{
  "n": 2,
  "J": 1.0,
  "h": 0.5,
  "beta": 1e-08,
  "calculated_result": {
    "params": [
      1.5894741012485418,
      -0.019638688914492823,
      3.712244127185549,
      5.286403245650144,
      1.00584680229463,
      4.168186659110719
    ],
    "cost": -138603825.43849915,
    "energy": 0.0439453125,
    "entropy": 1.3860382548244448,
    "rho": [
      [
        [
          0.2527669270833338,
          0.0
        ],
        [
          0.014973958333333325,
          0.007161458333333329
        ],
        [
          -0.01383463541666665,
          0.009114583333333336
        ],
        [
          0.00537109375,
          -0.01611328125
        ]
      ],
      [
        [
          0.014973958333333325,
          -0.007161458333333329
        ],
        [
          0.2618815104166671,
          0.0
        ],
        [
          -0.00634765625,
          -0.01318359375
        ],
        [
          0.005696614583333325,
          -0.0074869791666666505
        ]
      ],
      [
        [
          -0.01383463541666665,
          -0.009114583333333336
        ],
        [
          -0.00634765625,
          0.01318359375
        ],
        [
          0.25472005208333376,
          0.0
        ],
        [
          -0.00944010416666665,
          0.007161458333333322
        ]
      ],
      [
        [
          0.00537109375,
          0.01611328125
        ],
        [
          0.005696614583333325,
          0.0074869791666666505
        ],
        [
          -0.00944010416666665,
          -0.007161458333333322
        ],
        [
          0.23063151041666716,
          0.0
        ]
      ]
    ],
    "noiseless_rho": [
      [
        0.2529977259208309,
        5.0197360517417444e-17,
        -3.569733727803652e-17,
        -0.004470513938834776
      ],
      [
        5.0197360517417444e-17,
        0.25739302290054134,
        0.00016945996928694151,
        2.5051643205711005e-17
      ],
      [
        -3.569733727803652e-17,
        0.00016945996928694151,
        0.24105967403796402,
        1.8260424874993952e-18
      ],
      [
        -0.004470513938834776,
        2.5051643205711005e-17,
        1.8260424874993952e-18,
        0.2485495771406634
      ]
    ],
    "sigma": [
      0.2584635416666672,
      0.25130208333333387,
      0.25358072916666713,
      0.23665364583333384
    ],
    "noiseless_sigma": [
      0.25576684707768327,
      0.24105791606469334,
      0.257394780873812,
      0.24578045598381107
    ],
    "eigenvalues": [
      0.23665364583333384,
      0.25130208333333387,
      0.25358072916666713,
      0.2584635416666672
    ],
    "noiseless_eigenvalues": [
      0.24105791606469334,
      0.24578045598381107,
      0.25576684707768327,
      0.257394780873812
    ],
    "hamiltonian_eigenvalues": [
      -3303762.1364566684,
      -1396520.598817885,
      -493871.01422071457,
      5511936.234904975
    ],
    "noiseless_hamiltonian_eigenvalues": [
      -2889399.403379649,
      -2254925.1291567683,
      1727834.2490518987,
      3667980.4356529713
    ]
  },
  "exact_result": {
    "hamiltonian_matrix": [
      [
        [
          -1.0,
          0.0
        ],
        [
          0.0,
          0.0
        ],
        [
          0.0,
          0.0
        ],
        [
          -1.0,
          0.0
        ]
      ],
      [
        [
          0.0,
          0.0
        ],
        [
          0.0,
          0.0
        ],
        [
          -1.0,
          0.0
        ],
        [
          0.0,
          0.0
        ]
      ],
      [
        [
          0.0,
          0.0
        ],
        [
          -1.0,
          0.0
        ],
        [
          0.0,
          0.0
        ],
        [
          0.0,
          0.0
        ]
      ],
      [
        [
          -1.0,
          0.0
        ],
        [
          0.0,
          0.0
        ],
        [
          0.0,
          0.0
        ],
        [
          1.0,
          0.0
        ]
      ]
    ],
    "gibbs_state": [
      [
        0.25000000250000004,
        0.0,
        0.0,
        2.5000000000000005e-09
      ],
      [
        0.0,
        0.25,
        2.5e-09,
        0.0
      ],
      [
        0.0,
        2.5e-09,
        0.25,
        0.0
      ],
      [
        2.4999999999999996e-09,
        0.0,
        0.0,
        0.24999999750000002
      ]
    ],
    "energy": -1.5000000019860238e-08,
    "entropy": 1.3862943611198908,
    "cost": -138629436.1119891,
    "eigenvalues": [
      0.24999999646446613,
      0.24999999750000002,
      0.2500000025,
      0.2500000035355339
    ],
    "hamiltonian_eigenvalues": [
      -1.4142135623730951,
      -1.0,
      1.0,
      1.4142135623730951
    ]
  },
  "metrics": {
    "exact_purity": 0.25000000000000006,
    "calculated_fidelity": 0.9969188323756683,
    "calculated_trace_distance": 0.028805145306606023,
    "calculated_relative_entropy": 0.006158312778365153,
    "calculated_purity": 0.25310919019911116,
    "noiseless_fidelity": 0.99981386144747,
    "noiseless_trace_distance": 0.004554891715661478,
    "noiseless_relative_entropy": 0.0003726186869174976,
    "noiseless_purity": 0.25018570472619955
  }
}
