{
  "n": 2,
  "J": 1.0,
  "h": 0.5,
  "beta": 0.2,
  "calculated_result": {
    "params": [
      9.130382435748258,
      -8.985407689498068,
      1.9307185615258542,
      13.656155484086208,
      -25.921428231965905,
      1.3880137792044085
    ],
    "cost": -6.63341014240811,
    "energy": -0.0234375,
    "entropy": 1.321994528481622,
    "rho": [
      [
        [
          0.2265625000000006,
          0.0
        ],
        [
          -0.0027669270833333287,
          -0.007975260416666671
        ],
        [
          -0.004720052083333346,
          -0.006022135416666675
        ],
        [
          0.0458984375,
          0.001953125
        ]
      ],
      [
        [
          -0.0027669270833333287,
          0.007975260416666671
        ],
        [
          0.3587239583333337,
          0.0
        ],
        [
          -0.046875,
          -0.0078125
        ],
        [
          -0.002766927083333346,
          0.0027669270833333252
        ]
      ],
      [
        [
          -0.004720052083333346,
          0.006022135416666675
        ],
        [
          -0.046875,
          0.0078125
        ],
        [
          0.2643229166666671,
          0.0
        ],
        [
          0.006022135416666671,
          -0.007975260416666671
        ]
      ],
      [
        [
          0.0458984375,
          -0.001953125
        ],
        [
          -0.002766927083333346,
          -0.0027669270833333252
        ],
        [
          0.006022135416666671,
          0.007975260416666671
        ],
        [
          0.15039062500000067,
          0.0
        ]
      ]
    ],
    "noiseless_rho": [
      [
        0.2255735113661615,
        -3.839466799689844e-17,
        -5.8388476539472295e-18,
        0.027910629421874125
      ],
      [
        -3.839466799689844e-17,
        0.35018536209959117,
        -0.05037674237170458,
        1.2112547707687202e-17
      ],
      [
        -5.8388476539472295e-18,
        -0.05037674237170458,
        0.28037931151344553,
        -1.2656572250204448e-17
      ],
      [
        0.027910629421874125,
        1.2112547707687202e-17,
        -1.2656572250204448e-17,
        0.14386181502080184
      ]
    ],
    "sigma": [
      0.24055989583333395,
      0.2519531250000004,
      0.3710937500000002,
      0.1363932291666673
    ],
    "noiseless_sigma": [
      0.23419698781128795,
      0.25399581833308915,
      0.37656885527994755,
      0.1352383385756754
    ],
    "eigenvalues": [
      0.1363932291666673,
      0.24055989583333395,
      0.2519531250000004,
      0.3710937500000002
    ],
    "noiseless_eigenvalues": [
      0.1352383385756754,
      0.23419698781128795,
      0.25399581833308915,
      0.37656885527994755
    ],
    "hamiltonian_eigenvalues": [
      -1.676907378013004,
      0.25915096098106094,
      0.4905207241886824,
      3.327655729318991
    ],
    "noiseless_hamiltonian_eigenvalues": [
      -1.7501383128405985,
      0.21877723436526963,
      0.6245533051405756,
      3.3701727887156387
    ]
  },
  "exact_result": {
    "hamiltonian_matrix": [
      [
        [
          -1.0,
          0.0
        ],
        [
          0.0,
          0.0
        ],
        [
          0.0,
          0.0
        ],
        [
          -1.0,
          0.0
        ]
      ],
      [
        [
          0.0,
          0.0
        ],
        [
          0.0,
          0.0
        ],
        [
          -1.0,
          0.0
        ],
        [
          0.0,
          0.0
        ]
      ],
      [
        [
          0.0,
          0.0
        ],
        [
          -1.0,
          0.0
        ],
        [
          0.0,
          0.0
        ],
        [
          0.0,
          0.0
        ]
      ],
      [
        [
          -1.0,
          0.0
        ],
        [
          0.0,
          0.0
        ],
        [
          0.0,
          0.0
        ],
        [
          1.0,
          0.0
        ]
      ]
    ],
    "gibbs_state": [
      [
        0.30163668885233524,
        0.0,
        0.0,
        0.04918555449042901
      ],
      [
        0.0,
        0.24754886563809372,
        0.04886003662663048,
        0.0
      ],
      [
        0.0,
        0.04886003662663048,
        0.24754886563809372,
        0.0
      ],
      [
        0.04918555449042902,
        0.0,
        0.0,
        0.2032655798714772
      ]
    ],
    "energy": -0.294462291214977,
    "entropy": 1.357122893136917,
    "cost": -7.080076756899562,
    "eigenvalues": [
      0.18289225612870066,
      0.19868882901146326,
      0.2964089022647242,
      0.32201001259511175
    ],
    "hamiltonian_eigenvalues": [
      -1.4142135623730951,
      -1.0,
      1.0,
      1.4142135623730951
    ]
  },
  "metrics": {
    "exact_purity": 0.2644755136790756,
    "calculated_fidelity": 0.962518536832379,
    "calculated_trace_distance": 0.10979150030726666,
    "calculated_relative_entropy": 0.07213053497076624,
    "calculated_purity": 0.28172492980957126,
    "noiseless_fidelity": 0.9616495069107254,
    "noiseless_trace_distance": 0.10093663772991626,
    "noiseless_relative_entropy": 0.07371455184033904,
    "noiseless_purity": 0.2794556158181352
  }
}
