{
  "n": 2,
  "J": 1.0,
  "h": 0.5,
  "beta": 0.5,
  "calculated_result": {
    "params": [
      9.418877770551063,
      -8.415294203089893,
      2.1350387997592146,
      13.223432730689815,
      -27.046853762799905,
      2.703308216541936
    ],
    "cost": -3.1331199121374986,
    "energy": -0.654296875,
    "entropy": 1.2394115185687493,
    "rho": [
      [
        [
          0.38671875000000044,
          0.0
        ],
        [
          -0.0026041666666666644,
          0.010416666666666661
        ],
        [
          0.002929687499999979,
          0.002115885416666654
        ],
        [
          0.11962890625,
          -0.0068359375
        ]
      ],
      [
        [
          -0.0026041666666666644,
          -0.010416666666666661
        ],
        [
          0.24088541666666724,
          0.0
        ],
        [
          0.10693359375,
          0.0068359375
        ],
        [
          -0.016601562499999993,
          -0.00276692708333336
        ]
      ],
      [
        [
          0.002929687499999979,
          -0.002115885416666654
        ],
        [
          0.10693359375,
          -0.0068359375
        ],
        [
          0.21809895833333387,
          0.0
        ],
        [
          -0.007486979166666678,
          -0.008138020833333325
        ]
      ],
      [
        [
          0.11962890625,
          0.0068359375
        ],
        [
          -0.016601562499999993,
          0.00276692708333336
        ],
        [
          -0.007486979166666678,
          0.008138020833333325
        ],
        [
          0.15429687500000047,
          0.0
        ]
      ]
    ],
    "noiseless_rho": [
      [
        0.3722878420492102,
        2.7759499270778875e-17,
        -3.1556195386034307e-17,
        0.11110944387663502
      ],
      [
        2.7759499270778875e-17,
        0.2482916541370213,
        0.10824386459489692,
        2.1764068152995403e-18
      ],
      [
        -3.1556195386034307e-17,
        0.10824386459489692,
        0.22767016559803938,
        -1.6163742970666693e-17
      ],
      [
        0.11110944387663502,
        2.1764068152995403e-18,
        -1.6163742970666693e-17,
        0.151750338215729
      ]
    ],
    "sigma": [
      0.41031901041666713,
      0.1570638020833338,
      0.3331705729166672,
      0.0994466145833338
    ],
    "noiseless_sigma": [
      0.41855824232083044,
      0.1292470804038845,
      0.3467147393311762,
      0.10547993794410879
    ],
    "eigenvalues": [
      0.0994466145833338,
      0.1570638020833338,
      0.3331705729166672,
      0.41031901041666713
    ],
    "noiseless_eigenvalues": [
      0.10547993794410879,
      0.1292470804038845,
      0.3467147393311762,
      0.41855824232083044
    ],
    "hamiltonian_eigenvalues": [
      -1.3514792168583243,
      -0.9349185338050647,
      0.5690864348395399,
      1.4831487191743173
    ],
    "noiseless_hamiltonian_eigenvalues": [
      -1.3912414531168107,
      -1.0146140841751796,
      0.9589387970627126,
      1.365349099495008
    ]
  },
  "exact_result": {
    "hamiltonian_matrix": [
      [
        [
          -1.0,
          0.0
        ],
        [
          0.0,
          0.0
        ],
        [
          0.0,
          0.0
        ],
        [
          -1.0,
          0.0
        ]
      ],
      [
        [
          0.0,
          0.0
        ],
        [
          0.0,
          0.0
        ],
        [
          -1.0,
          0.0
        ],
        [
          0.0,
          0.0
        ]
      ],
      [
        [
          0.0,
          0.0
        ],
        [
          -1.0,
          0.0
        ],
        [
          0.0,
          0.0
        ],
        [
          0.0,
          0.0
        ]
      ],
      [
        [
          -1.0,
          0.0
        ],
        [
          0.0,
          0.0
        ],
        [
          0.0,
          0.0
        ],
        [
          1.0,
          0.0
        ]
      ]
    ],
    "gibbs_state": [
      [
        0.3775435925176229,
        0.0,
        0.0,
        0.11362464936063967
      ],
      [
        0.0,
        0.23608105684301672,
        0.10909710687123368,
        0.0
      ],
      [
        0.0,
        0.10909710687123368,
        0.23608105684301672,
        0.0
      ],
      [
        0.11362464936063967,
        0.0,
        0.0,
        0.15029429379634357
      ]
    ],
    "energy": -0.672692811185026,
    "entropy": 1.2273481730923634,
    "cost": -3.1273891573697528,
    "eigenvalues": [
      0.10322942301127919,
      0.12698394997178303,
      0.3451781637142504,
      0.42460846330268726
    ],
    "hamiltonian_eigenvalues": [
      -1.4142135623730951,
      -1.0,
      1.0,
      1.4142135623730951
    ]
  },
  "metrics": {
    "exact_purity": 0.32622154913908924,
    "calculated_fidelity": 0.9981932502201225,
    "calculated_trace_distance": 0.0204948429552652,
    "calculated_relative_entropy": 0.0038918676897862978,
    "calculated_purity": 0.33169831169976227,
    "noiseless_fidelity": 0.9997282432391523,
    "noiseless_trace_distance": 0.00653191978517069,
    "noiseless_relative_entropy": 0.000577738078868225,
    "noiseless_purity": 0.3232329377858097
  }
}
