{
  "n": 2,
  "J": 1.0,
  "h": 0.5,
  "beta": 0.8,
  "calculated_result": {
    "params": [
      12.596991178094905,
      -11.747848655832952,
      4.584650339621971,
      20.339921461966263,
      -31.818445567243906,
      4.357958126763156
    ],
    "cost": -2.2726905696589195,
    "energy": -1.009765625,
    "entropy": 1.0103399557271355,
    "rho": [
      [
        [
          0.448404947916667,
          0.0
        ],
        [
          0.008951822916666675,
          0.0032552083333333183
        ],
        [
          0.011555989583333332,
          0.01139322916666665
        ],
        [
          0.17626953125,
          0.0087890625
        ]
      ],
      [
        [
          0.008951822916666675,
          -0.0032552083333333183
        ],
        [
          0.1971028645833339,
          0.0
        ],
        [
          0.17138671875,
          -0.0068359375
        ],
        [
          -0.008951822916666657,
          -0.0032552083333333252
        ]
      ],
      [
        [
          0.011555989583333332,
          -0.01139322916666665
        ],
        [
          0.17138671875,
          0.0068359375
        ],
        [
          0.2267252604166673,
          0.0
        ],
        [
          -0.0008138020833333218,
          -0.0035807291666666574
        ]
      ],
      [
        [
          0.17626953125,
          -0.0087890625
        ],
        [
          -0.008951822916666657,
          0.0032552083333333252
        ],
        [
          -0.0008138020833333218,
          0.0035807291666666574
        ],
        [
          0.12776692708333376,
          0.0
        ]
      ]
    ],
    "noiseless_rho": [
      [
        0.44251185498040685,
        3.8761984282011665e-17,
        -1.5448095572086564e-17,
        0.16940343802911034
      ],
      [
        3.8761984282011665e-17,
        0.2099084844473205,
        0.15810361015716953,
        2.88898870239189e-17
      ],
      [
        -1.5448095572086564e-17,
        0.15810361015716953,
        0.2251260453297043,
        1.0841249462491072e-17
      ],
      [
        0.16940343802911034,
        2.88898870239189e-17,
        1.0841249462491072e-17,
        0.12245361524256786
      ]
    ],
    "sigma": [
      0.054199218750000444,
      0.05615234375000057,
      0.3735351562500006,
      0.5161132812500003
    ],
    "noiseless_sigma": [
      0.04944444636454424,
      0.05923067327528538,
      0.3758038565017394,
      0.5155210238584305
    ],
    "eigenvalues": [
      0.054199218750000444,
      0.05615234375000057,
      0.3735351562500006,
      0.5161132812500003
    ],
    "noiseless_eigenvalues": [
      0.04944444636454424,
      0.05923067327528538,
      0.3758038565017394,
      0.5155210238584305
    ],
    "hamiltonian_eigenvalues": [
      -1.4459043192974694,
      -1.0417616292428433,
      1.326918002586253,
      1.3711704113999006
    ],
    "noiseless_hamiltonian_eigenvalues": [
      -1.4444690785011334,
      -1.0493306572298011,
      1.2602041073722132,
      1.4859413494893778
    ]
  },
  "exact_result": {
    "hamiltonian_matrix": [
      [
        [
          -1.0,
          0.0
        ],
        [
          0.0,
          0.0
        ],
        [
          0.0,
          0.0
        ],
        [
          -1.0,
          0.0
        ]
      ],
      [
        [
          0.0,
          0.0
        ],
        [
          0.0,
          0.0
        ],
        [
          -1.0,
          0.0
        ],
        [
          0.0,
          0.0
        ]
      ],
      [
        [
          0.0,
          0.0
        ],
        [
          -1.0,
          0.0
        ],
        [
          0.0,
          0.0
        ],
        [
          0.0,
          0.0
        ]
      ],
      [
        [
          -1.0,
          0.0
        ],
        [
          0.0,
          0.0
        ],
        [
          0.0,
          0.0
        ],
        [
          1.0,
          0.0
        ]
      ]
    ],
    "gibbs_state": [
      [
        0.4416950076916649,
        0.0,
        0.0,
        0.1610414349807664
      ],
      [
        0.0,
        0.2193464272891015,
        0.14565409314684655,
        0.0
      ],
      [
        0.0,
        0.14565409314684655,
        0.2193464272891015,
        0.0
      ],
      [
        0.16104143498076634,
        0.0,
        0.0,
        0.11961213773013224
      ]
    ],
    "energy": -0.9354739262167585,
    "entropy": 1.0594773585753432,
    "cost": -2.2598206244359376,
    "eigenvalues": [
      0.052906591257073816,
      0.07369233414225496,
      0.365000520435948,
      0.5084005541647234
    ],
    "hamiltonian_eigenvalues": [
      -1.4142135623730951,
      -1.0,
      1.0,
      1.4142135623730951
    ]
  },
  "metrics": {
    "exact_purity": 0.3999261709032876,
    "calculated_fidelity": 0.9923870631089913,
    "calculated_trace_distance": 0.03395966035522051,
    "calculated_relative_entropy": 0.017640433238010886,
    "calculated_purity": 0.4296985202365461,
    "noiseless_fidelity": 0.9988507624436399,
    "noiseless_trace_distance": 0.010943729926052031,
    "noiseless_relative_entropy": 0.002488918300752644,
    "noiseless_purity": 0.41294349053456425
  }
}
