{
  "n": 2,
  "J": 1.0,
  "h": 0.5,
  "beta": 1.0,
  "calculated_result": {
    "params": [
      11.99237249580492,
      -15.23975919179272,
      -2.8103494385412264,
      27.525986606082892,
      -36.50749062809524,
      2.7939790447250643
    ],
    "cost": -1.971369625204963,
    "energy": -1.0537109375,
    "entropy": 0.9176586877049631,
    "rho": [
      [
        [
          0.5030924479166671,
          0.0
        ],
        [
          0.013346354166666668,
          0.008626302083333325
        ],
        [
          -0.006184895833333346,
          0.00732421875
        ],
        [
          0.20849609375,
          0.0078125
        ]
      ],
      [
        [
          0.013346354166666668,
          -0.008626302083333325
        ],
        [
          0.17464192708333395,
          0.0
        ],
        [
          0.16064453125,
          0.0048828125
        ],
        [
          -0.005208333333333332,
          -0.004394531249999986
        ]
      ],
      [
        [
          -0.006184895833333346,
          -0.00732421875
        ],
        [
          0.16064453125,
          -0.0048828125
        ],
        [
          0.19645182291666727,
          0.0
        ],
        [
          -0.00032552083333332524,
          -0.006022135416666657
        ]
      ],
      [
        [
          0.20849609375,
          -0.0078125
        ],
        [
          -0.005208333333333332,
          0.004394531249999986
        ],
        [
          -0.00032552083333332524,
          0.006022135416666657
        ],
        [
          0.1258138020833337,
          0.0
        ]
      ]
    ],
    "noiseless_rho": [
      [
        0.49896550861119565,
        9.029398138136678e-17,
        9.864123086684686e-19,
        0.20847373112525086
      ],
      [
        9.029398138136678e-17,
        0.18141556771881845,
        0.15784695821351438,
        6.148425846739279e-17
      ],
      [
        9.864123086684686e-19,
        0.15784695821351438,
        0.19138265191133083,
        2.0447954940685635e-17
      ],
      [
        0.20847373112525086,
        6.148425846739279e-17,
        2.0447954940685635e-17,
        0.12823627175865526
      ]
    ],
    "sigma": [
      0.03499348958333366,
      0.33935546875000067,
      0.02490234375000064,
      0.600748697916667
    ],
    "noiseless_sigma": [
      0.03463612837153776,
      0.34432471859681757,
      0.028473501033331735,
      0.5925656519983131
    ],
    "eigenvalues": [
      0.02490234375000064,
      0.03499348958333366,
      0.33935546875000067,
      0.600748697916667
    ],
    "noiseless_eigenvalues": [
      0.028473501033331735,
      0.03463612837153776,
      0.34432471859681757,
      0.5925656519983131
    ],
    "hamiltonian_eigenvalues": [
      -1.461791053407454,
      -0.8906624846103588,
      1.3812236214948728,
      1.721423728230084
    ],
    "noiseless_hamiltonian_eigenvalues": [
      -1.4480760181541292,
      -0.9051995077655015,
      1.3914883438947063,
      1.5874117873279872
    ]
  },
  "exact_result": {
    "hamiltonian_matrix": [
      [
        [
          -1.0,
          0.0
        ],
        [
          0.0,
          0.0
        ],
        [
          0.0,
          0.0
        ],
        [
          -1.0,
          0.0
        ]
      ],
      [
        [
          0.0,
          0.0
        ],
        [
          0.0,
          0.0
        ],
        [
          -1.0,
          0.0
        ],
        [
          0.0,
          0.0
        ]
      ],
      [
        [
          0.0,
          0.0
        ],
        [
          -1.0,
          0.0
        ],
        [
          0.0,
          0.0
        ],
        [
          0.0,
          0.0
        ]
      ],
      [
        [
          -1.0,
          0.0
        ],
        [
          0.0,
          0.0
        ],
        [
          0.0,
          0.0
        ],
        [
          1.0,
          0.0
        ]
      ]
    ],
    "gibbs_state": [
      [
        0.47651580836299356,
        0.0,
        0.0,
        0.18384866024320862
      ],
      [
        0.0,
        0.20733285188021505,
        0.15790348832961396,
        0.0
      ],
      [
        0.0,
        0.157903488329614,
        0.20733285188021502,
        0.0
      ],
      [
        0.18384866024320862,
        0.0,
        0.0,
        0.10881848787657636
      ]
    ],
    "energy": -1.0512016176320624,
    "entropy": 0.9560090098858776,
    "cost": -2.00721062751794,
    "eigenvalues": [
      0.03266587937971612,
      0.04942936355060101,
      0.3652363402098291,
      0.5526684168598538
    ],
    "hamiltonian_eigenvalues": [
      -1.4142135623730951,
      -1.0,
      1.0,
      1.4142135623730951
    ]
  },
  "metrics": {
    "exact_purity": 0.44235028486091477,
    "calculated_fidelity": 0.9914949947649843,
    "calculated_trace_distance": 0.03895517965302305,
    "calculated_relative_entropy": 0.02065342906912596,
    "calculated_purity": 0.47760306464301305,
    "noiseless_fidelity": 0.9956265809548551,
    "noiseless_trace_distance": 0.02353738556512221,
    "noiseless_relative_entropy": 0.009825617434322122,
    "noiseless_purity": 0.4717039654146284
  }
}
