{
  "n": 2,
  "J": 1.0,
  "h": 0.5,
  "beta": 1.2,
  "calculated_result": {
    "params": [
      9.105585793248345,
      -9.058315951265723,
      -1.471150279963278,
      28.07670608882373,
      -35.02376403773023,
      10.635360274245457
    ],
    "cost": -1.8024366837710426,
    "energy": -1.1142578125,
    "entropy": 0.825814645525251,
    "rho": [
      [
        [
          0.3978430053906748,
          0.0
        ],
        [
          -0.004987277094377771,
          -0.013254627337265906
        ],
        [
          0.0010037348077598905,
          0.004483302898077466
        ],
        [
          0.16981767653248356,
          -0.010728731974019414
        ]
      ],
      [
        [
          -0.0049872770943777695,
          0.013254627337265908
        ],
        [
          0.24061813545038857,
          0.0
        ],
        [
          0.2353038754669206,
          -0.00036635972465554056
        ],
        [
          -0.010491687379434263,
          0.010974611657891478
        ]
      ],
      [
        [
          0.0010037348077598933,
          -0.004483302898077465
        ],
        [
          0.2353038754669206,
          0.0003663597246555128
        ],
        [
          0.28622805793598494,
          -1.3877787807814457e-17
        ],
        [
          -0.004444982357920032,
          0.013226161541930884
        ]
      ],
      [
        [
          0.16981767653248359,
          0.010728731974019414
        ],
        [
          -0.010491687379434263,
          -0.010974611657891476
        ],
        [
          -0.004444982357920032,
          -0.01322616154193088
        ],
        [
          0.07531080122295417,
          -8.673617379884035e-19
        ]
      ]
    ],
    "noiseless_rho": [
      [
        0.41686962252622595,
        2.9565293515164055e-17,
        -1.49348421887384e-17,
        0.1620826462788655
      ],
      [
        2.9565293515164055e-17,
        0.23470411020722565,
        0.2292347073571479,
        4.025028413277099e-17
      ],
      [
        -1.49348421887384e-17,
        0.2292347073571479,
        0.28349900171014264,
        2.9411428103843473e-17
      ],
      [
        0.1620826462788655,
        4.025028413277099e-17,
        2.9411428103843473e-17,
        0.06492726555640556
      ]
    ],
    "sigma": [
      0.4943389659374276,
      0.4731794914285745,
      0.030687784820264824,
      0.0017937578137368557
    ],
    "noiseless_sigma": [
      0.4801402461623664,
      0.4896309172476805,
      0.0285721946696878,
      0.0016566419202650954
    ],
    "eigenvalues": [
      0.0017937578137368557,
      0.030687784820264824,
      0.4731794914285745,
      0.4943389659374276
    ],
    "noiseless_eigenvalues": [
      0.0016566419202650954,
      0.0285721946696878,
      0.4801402461623664,
      0.4896309172476805
    ],
    "hamiltonian_eigenvalues": [
      -1.2153251577434245,
      -1.1788696104431937,
      1.100805476360938,
      3.467098751541956
    ],
    "noiseless_hamiltonian_eigenvalues": [
      -1.2073505156005706,
      -1.1910391518948846,
      1.1603310232371364,
      3.533365537161467
    ]
  },
  "exact_result": {
    "hamiltonian_matrix": [
      [
        [
          -1.0,
          0.0
        ],
        [
          0.0,
          0.0
        ],
        [
          0.0,
          0.0
        ],
        [
          -1.0,
          0.0
        ]
      ],
      [
        [
          0.0,
          0.0
        ],
        [
          0.0,
          0.0
        ],
        [
          -1.0,
          0.0
        ],
        [
          0.0,
          0.0
        ]
      ],
      [
        [
          0.0,
          0.0
        ],
        [
          -1.0,
          0.0
        ],
        [
          0.0,
          0.0
        ],
        [
          0.0,
          0.0
        ]
      ],
      [
        [
          -1.0,
          0.0
        ],
        [
          0.0,
          0.0
        ],
        [
          0.0,
          0.0
        ],
        [
          1.0,
          0.0
        ]
      ]
    ],
    "gibbs_state": [
      [
        0.5058526567926453,
        0.0,
        0.0,
        0.20133735000697395
      ],
      [
        0.0,
        0.19548469321432851,
        0.1629667150984828,
        0.0
      ],
      [
        0.0,
        0.16296671509848276,
        0.19548469321432851,
        0.0
      ],
      [
        0.201337350006974,
        0.0,
        0.0,
        0.10317795677869743
      ]
    ],
    "energy": -1.1312828302248614,
    "entropy": 0.8684227735250276,
    "cost": -1.8549684748290511,
    "eigenvalues": [
      0.01978129579355002,
      0.03251797811584574,
      0.3584514083128113,
      0.5892493177777928
    ],
    "hamiltonian_eigenvalues": [
      -1.4142135623730951,
      -1.0,
      1.0,
      1.4142135623730951
    ]
  },
  "metrics": {
    "exact_purity": 0.47715088918704646,
    "calculated_fidelity": 0.95931254163186,
    "calculated_trace_distance": 0.09081442464803426,
    "calculated_relative_entropy": 0.7425627349304015,
    "calculated_purity": 0.47371050071929965,
    "noiseless_fidelity": 0.9731261774653976,
    "noiseless_trace_distance": 0.07714115037723963,
    "noiseless_relative_entropy": 0.06609898874093072,
    "noiseless_purity": 0.4710922058803573
  }
}
