{
  "n": 2,
  "J": 1.0,
  "h": 0.5,
  "beta": 2.0,
  "calculated_result": {
    "params": [
      18.535603786560923,
      -17.45137794846977,
      -0.48555028165996517,
      30.799734418905533,
      -36.506033008150546,
      12.16552157830106
    ],
    "cost": -1.565100010073321,
    "energy": -1.2470703125,
    "entropy": 0.6360593951466421,
    "rho": [
      [
        [
          0.5989583333333333,
          0.0
        ],
        [
          0.006998697916666657,
          -0.001627604166666654
        ],
        [
          -0.0073242187500000035,
          -0.004231770833333339
        ],
        [
          0.23876953125,
          -0.00927734375
        ]
      ],
      [
        [
          0.006998697916666657,
          0.001627604166666654
        ],
        [
          0.1445312500000007,
          0.0
        ],
        [
          0.13818359375,
          0.01318359375
        ],
        [
          -0.0034179687500000173,
          0.009440104166666661
        ]
      ],
      [
        [
          -0.0073242187500000035,
          0.004231770833333339
        ],
        [
          0.13818359375,
          -0.01318359375
        ],
        [
          0.14062500000000072,
          0.0
        ],
        [
          -0.0037434895833333218,
          0.007161458333333325
        ]
      ],
      [
        [
          0.23876953125,
          0.00927734375
        ],
        [
          -0.0034179687500000173,
          -0.009440104166666661
        ],
        [
          -0.0037434895833333218,
          -0.007161458333333325
        ],
        [
          0.11588541666666693,
          0.0
        ]
      ]
    ],
    "noiseless_rho": [
      [
        0.6087223479654619,
        5.487337549210542e-17,
        1.312938448990943e-17,
        0.25258828266598154
      ],
      [
        5.487337549210542e-17,
        0.14360193804711435,
        0.13675078851301586,
        4.9585239641423346e-18
      ],
      [
        1.312938448990943e-17,
        0.13675078851301586,
        0.1372742956180876,
        -1.2979359912755783e-17
      ],
      [
        0.25258828266598154,
        4.9585239641423346e-18,
        -1.2979359912755783e-17,
        0.11040141836933606
      ]
    ],
    "sigma": [
      0.701173355749577,
      0.008984022969821204,
      0.2836116429046017,
      0.006230978376001354
    ],
    "noiseless_sigma": [
      0.7143601043559169,
      0.0036507346527778215,
      0.2772254990124241,
      0.004763661978881003
    ],
    "eigenvalues": [
      0.006230978376001354,
      0.008984022969821204,
      0.2836116429046017,
      0.701173355749577
    ],
    "noiseless_eigenvalues": [
      0.0036507346527778215,
      0.004763661978881003,
      0.2772254990124241,
      0.7143601043559169
    ],
    "hamiltonian_eigenvalues": [
      -1.3875999477071534,
      -0.9350252944726184,
      0.7910537423274682,
      0.9740109478346
    ],
    "noiseless_hamiltonian_eigenvalues": [
      -1.396915962100442,
      -0.9236379960144723,
      1.1082692815376571,
      1.2413134183802432
    ]
  },
  "exact_result": {
    "hamiltonian_matrix": [
      [
        [
          -1.0,
          0.0
        ],
        [
          0.0,
          0.0
        ],
        [
          0.0,
          0.0
        ],
        [
          -1.0,
          0.0
        ]
      ],
      [
        [
          0.0,
          0.0
        ],
        [
          0.0,
          0.0
        ],
        [
          -1.0,
          0.0
        ],
        [
          0.0,
          0.0
        ]
      ],
      [
        [
          0.0,
          0.0
        ],
        [
          -1.0,
          0.0
        ],
        [
          0.0,
          0.0
        ],
        [
          0.0,
          0.0
        ]
      ],
      [
        [
          -1.0,
          0.0
        ],
        [
          0.0,
          0.0
        ],
        [
          0.0,
          0.0
        ],
        [
          1.0,
          0.0
        ]
      ]
    ],
    "gibbs_state": [
      [
        0.5897309313931668,
        0.0,
        0.0,
        0.24327536307992276
      ],
      [
        0.0,
        0.15354443168675583,
        0.1480210669130998,
        0.0
      ],
      [
        0.0,
        0.1480210669130998,
        0.15354443168675583,
        0.0
      ],
      [
        0.24327536307992276,
        0.0,
        0.0,
        0.10318020523332135
      ]
    ],
    "energy": -1.2691435861458906,
    "entropy": 0.6604808716629245,
    "cost": -1.599384021977353,
    "eigenvalues": [
      0.0024122504543784146,
      0.005523364773656059,
      0.30156549859985565,
      0.6904988861721097
    ],
    "hamiltonian_eigenvalues": [
      -1.4142135623730951,
      -1.0,
      1.0,
      1.4142135623730951
    ]
  },
  "metrics": {
    "exact_purity": 0.5677667882613812,
    "calculated_fidelity": 0.9905675644625556,
    "calculated_trace_distance": 0.022954269450723694,
    "calculated_relative_entropy": 0.01833725832585783,
    "calculated_purity": 0.5661546919080951,
    "noiseless_fidelity": 0.9986514706826505,
    "noiseless_trace_distance": 0.01415216807917697,
    "noiseless_relative_entropy": 0.0027775957887992003,
    "noiseless_purity": 0.5872003563370382
  }
}
