{
  "n": 2,
  "J": 1.0,
  "h": 0.5,
  "beta": 5.0,
  "calculated_result": {
    "params": [
      16.289418299376212,
      -20.437657268225685,
      11.071161526830672,
      29.929753559917746,
      -41.311801580683955,
      13.762694552067583
    ],
    "cost": -1.4232218377381,
    "energy": -1.322265625,
    "entropy": 0.5047810636905008,
    "rho": [
      [
        [
          0.7154641235362461,
          0.0
        ],
        [
          0.005441399345187352,
          -0.0036696772136954356
        ],
        [
          -0.000539410853386976,
          0.003144266973230988
        ],
        [
          0.2633461006354469,
          -0.008286416598785396
        ]
      ],
      [
        [
          0.005441399345187352,
          0.003669677213695435
        ],
        [
          0.08206757127123399,
          0.0
        ],
        [
          0.08409101481855344,
          0.010209981114290438
        ],
        [
          3.0528100658787014e-05,
          0.003093892552063359
        ]
      ],
      [
        [
          -0.0005394108533869753,
          -0.0031442669732309886
        ],
        [
          0.08409101481855344,
          -0.010209981114290431
        ],
        [
          0.10260993488890792,
          0.0
        ],
        [
          -0.005943664402910184,
          0.006083713654992315
        ]
      ],
      [
        [
          0.2633461006354469,
          0.008286416598785396
        ],
        [
          3.0528100658787014e-05,
          -0.003093892552063359
        ],
        [
          -0.005943664402910184,
          -0.006083713654992315
        ],
        [
          0.0998583703036142,
          0.0
        ]
      ]
    ],
    "noiseless_rho": [
      [
        0.7030451221704263,
        5.4737862781174894e-17,
        3.237194990389713e-17,
        0.2666802424184687
      ],
      [
        5.4737862781174894e-17,
        0.08849769649373719,
        0.09624869880728905,
        9.364575546818338e-18
      ],
      [
        3.237194990389713e-17,
        0.09624869880728905,
        0.1071558010711005,
        -1.8663068855719762e-19
      ],
      [
        0.2666802424184687,
        9.364575546818338e-18,
        -1.8663068855719762e-19,
        0.10130138026473616
      ]
    ],
    "sigma": [
      0.005525971718849622,
      0.0061735284963632415,
      0.1823759656762636,
      0.8059245341085228
    ],
    "noiseless_sigma": [
      0.00012569877255179274,
      0.0011269905681337237,
      0.19452650699670396,
      0.8042208036626106
    ],
    "eigenvalues": [
      0.005525971718849622,
      0.0061735284963632415,
      0.1823759656762636,
      0.8059245341085228
    ],
    "noiseless_eigenvalues": [
      0.00012569877255179274,
      0.0011269905681337237,
      0.19452650699670396,
      0.8042208036626106
    ],
    "hamiltonian_eigenvalues": [
      -1.3800688035386215,
      -1.0828848423081592,
      -0.40572489272806256,
      -0.3835626036725095
    ],
    "noiseless_hamiltonian_eigenvalues": [
      -1.3796455545208364,
      -1.0957844692481231,
      -0.0655809551456148,
      0.373102603725491
    ]
  },
  "exact_result": {
    "hamiltonian_matrix": [
      [
        [
          -1.0,
          0.0
        ],
        [
          0.0,
          0.0
        ],
        [
          0.0,
          0.0
        ],
        [
          -1.0,
          0.0
        ]
      ],
      [
        [
          0.0,
          0.0
        ],
        [
          0.0,
          0.0
        ],
        [
          -1.0,
          0.0
        ],
        [
          0.0,
          0.0
        ]
      ],
      [
        [
          0.0,
          0.0
        ],
        [
          -1.0,
          0.0
        ],
        [
          0.0,
          0.0
        ],
        [
          0.0,
          0.0
        ]
      ],
      [
        [
          -1.0,
          0.0
        ],
        [
          0.0,
          0.0
        ],
        [
          0.0,
          0.0
        ],
        [
          1.0,
          0.0
        ]
      ]
    ],
    "gibbs_state": [
      [
        0.7580016602485866,
        0.0,
        0.0,
        0.31397430263046044
      ],
      [
        0.0,
        0.05597264238187379,
        0.05596756030453423,
        0.0
      ],
      [
        0.0,
        0.055967560304534224,
        0.05597264238187379,
        0.0
      ],
      [
        0.31397430263046044,
        0.0,
        0.0,
        0.1300530549876658
      ]
    ],
    "energy": -1.3678323311309102,
    "entropy": 0.3506287991959459,
    "cost": -1.4379580909700993,
    "eigenvalues": [
      6.406014945448124e-07,
      5.082077339582658e-06,
      0.11194020268640802,
      0.8880540746347578
    ],
    "hamiltonian_eigenvalues": [
      -1.4142135623730951,
      -1.0,
      1.0,
      1.4142135623730951
    ]
  },
  "metrics": {
    "exact_purity": 0.8011706484791081,
    "calculated_fidelity": 0.9794039638910025,
    "calculated_trace_distance": 0.051796383221556115,
    "calculated_relative_entropy": 0.07515899936679826,
    "calculated_purity": 0.6925855721104979,
    "noiseless_fidelity": 0.9844497830956633,
    "noiseless_trace_distance": 0.05112529914507609,
    "noiseless_relative_entropy": 0.034556029648788095,
    "noiseless_purity": 0.6846129488759961
  }
}
