{
  "n": 2,
  "J": 1.0,
  "h": 0.5,
  "beta": 1e-08,
  "calculated_result": {
    "n": 2,
    "J": 1.0,
    "h": 0.5,
    "beta": 1e-08,
    "params": [
      1.5588703619612387,
      3.0718075982420046,
      2.735356173341296,
      2.045309469960442,
      0.21889237440878898,
      3.18217224396315
    ],
    "cost": -138515397.38046497,
    "energy": 0.015161891114166968,
    "entropy": 1.3851539739562688,
    "rho": [
      [
        [
          0.28906250000000033,
          0.0
        ],
        [
          0.008138020833333339,
          -0.026529947916666692
        ],
        [
          0.0014648437500000035,
          0.00048828124999999306
        ],
        [
          0.00390625,
          -0.00634765625
        ]
      ],
      [
        [
          0.008138020833333339,
          0.026529947916666692
        ],
        [
          0.2545572916666672,
          0.0
        ],
        [
          -0.0107421875,
          -0.01708984375
        ],
        [
          -0.0014648437500000104,
          0.00146484375
        ]
      ],
      [
        [
          0.0014648437500000035,
          -0.00048828124999999306
        ],
        [
          -0.0107421875,
          0.01708984375
        ],
        [
          0.19563802083333387,
          0.0
        ],
        [
          0.011067708333333343,
          -0.036295572916666664
        ]
      ],
      [
        [
          0.00390625,
          0.00634765625
        ],
        [
          -0.0014648437500000104,
          -0.00146484375
        ],
        [
          0.011067708333333343,
          0.036295572916666664
        ],
        [
          0.2607421875000004,
          0.0
        ]
      ]
    ],
    "noiseless_rho": [
      [
        0.2792668911034162,
        2.9421311708640036e-17,
        -1.6087309794353792e-18,
        0.0032625265658414154
      ],
      [
        2.9421311708640036e-17,
        0.25370433184825786,
        -0.0037272670255665665,
        8.626531102396205e-19
      ],
      [
        -1.6087309794353792e-18,
        -0.0037272670255665665,
        0.21234241066210227,
        -2.6166265005126407e-18
      ],
      [
        0.0032625265658414154,
        8.626531102396205e-19,
        -2.6166265005126407e-18,
        0.254686366386224
      ]
    ],
    "sigma": [
      0.2994791666666672,
      0.1897786458333339,
      0.24186197916666716,
      0.26888020833333376
    ],
    "noiseless_sigma": [
      0.2542607084699857,
      0.2120092176787851,
      0.25403752483157505,
      0.27969254901965446
    ],
    "eigenvalues": [
      0.1897786458333339,
      0.24186197916666716,
      0.26888020833333376,
      0.2994791666666672
    ],
    "noiseless_eigenvalues": [
      0.2120092176787851,
      0.25403752483157505,
      0.2542607084699857,
      0.27969254901965446
    ],
    "hamiltonian_eigenvalues": [
      -17944354.958017483,
      -7166465.305806652,
      3423407.574515164,
      27674293.41124177
    ],
    "noiseless_hamiltonian_eigenvalues": [
      -11108965.548952088,
      -1575884.6740299165,
      -1488068.6486608386,
      16597155.183377504
    ]
  },
  "exact_result": {
    "hamiltonian_matrix": [
      [
        [
          -1.0,
          0.0
        ],
        [
          0.0,
          0.0
        ],
        [
          0.0,
          0.0
        ],
        [
          -1.0,
          0.0
        ]
      ],
      [
        [
          0.0,
          0.0
        ],
        [
          0.0,
          0.0
        ],
        [
          -1.0,
          0.0
        ],
        [
          0.0,
          0.0
        ]
      ],
      [
        [
          0.0,
          0.0
        ],
        [
          -1.0,
          0.0
        ],
        [
          0.0,
          0.0
        ],
        [
          0.0,
          0.0
        ]
      ],
      [
        [
          -1.0,
          0.0
        ],
        [
          0.0,
          0.0
        ],
        [
          0.0,
          0.0
        ],
        [
          1.0,
          0.0
        ]
      ]
    ],
    "gibbs_state": [
      [
        0.25000000250000004,
        0.0,
        0.0,
        2.5000000000000005e-09
      ],
      [
        0.0,
        0.25,
        2.5e-09,
        0.0
      ],
      [
        0.0,
        2.5e-09,
        0.25,
        0.0
      ],
      [
        2.4999999999999996e-09,
        0.0,
        0.0,
        0.24999999750000002
      ]
    ],
    "energy": -1.5000000019860238e-08,
    "entropy": 1.3862943611198908,
    "cost": -138629436.1119891,
    "eigenvalues": [
      0.24999999646446613,
      0.24999999750000002,
      0.2500000025,
      0.2500000035355339
    ],
    "hamiltonian_eigenvalues": [
      -1.4142135623730951,
      -1.0,
      1.0,
      1.4142135623730951
    ]
  },
  "metrics": {
    "exact_purity": 0.25000000000000006,
    "calculated_fidelity": 0.9893244844677216,
    "calculated_trace_distance": 0.05701857905350169,
    "calculated_relative_entropy": 0.022055035958623286,
    "calculated_purity": 0.25997649298773956,
    "noiseless_fidelity": 0.9975697953595919,
    "noiseless_trace_distance": 0.02069242943173215,
    "noiseless_relative_entropy": 0.004920203252793033,
    "noiseless_purity": 0.25235940225209447
  }
}
