{
  "n": 2,
  "J": 1.0,
  "h": 0.5,
  "beta": 0.2,
  "calculated_result": {
    "n": 2,
    "J": 1.0,
    "h": 0.5,
    "beta": 0.2,
    "params": [
      3.1196992687786573,
      3.6040771460849945,
      1.6127647712262787,
      1.3199252958273289,
      5.708017578954326,
      1.8886292440375638
    ],
    "cost": -6.933957180824784,
    "energy": -0.09052904430871109,
    "entropy": 1.3686856273032144,
    "rho": [
      [
        [
          0.2937825520833339,
          0.0
        ],
        [
          -0.006673177083333336,
          -0.012207031250000007
        ],
        [
          0.02099609375000001,
          -0.012044270833333311
        ],
        [
          0.06201171875,
          0.00244140625
        ]
      ],
      [
        [
          -0.006673177083333336,
          0.012207031250000007
        ],
        [
          0.21728515625000044,
          0.0
        ],
        [
          0.02099609375,
          -0.00439453125
        ],
        [
          0.01220703125000001,
          0.00260416666666664
        ]
      ],
      [
        [
          0.02099609375000001,
          0.012044270833333311
        ],
        [
          0.02099609375,
          0.00439453125
        ],
        [
          0.2758789062500005,
          0.0
        ],
        [
          0.010904947916666664,
          0.008300781249999997
        ]
      ],
      [
        [
          0.06201171875,
          -0.00244140625
        ],
        [
          0.01220703125000001,
          -0.00260416666666664
        ],
        [
          0.010904947916666664,
          -0.008300781249999997
        ],
        [
          0.2130533854166671,
          0.0
        ]
      ]
    ],
    "noiseless_rho": [
      [
        0.26232027345986336,
        3.9241123117924804e-17,
        -1.2849038845224082e-17,
        0.058575074540884876
      ],
      [
        3.9241123117924804e-17,
        0.21845009231084556,
        0.02788984639196993,
        -4.9444992324271674e-18
      ],
      [
        -1.2849038845224082e-17,
        0.02788984639196993,
        0.2877397372940884,
        -8.7507105475258e-17
      ],
      [
        0.058575074540884876,
        -4.9444992324271674e-18,
        -8.7507105475258e-17,
        0.23148989693520283
      ]
    ],
    "sigma": [
      0.3647460937500005,
      0.29280598958333387,
      0.21207682291666716,
      0.1303710937500005
    ],
    "noiseless_sigma": [
      0.30747461042791036,
      0.2975708325247989,
      0.2086189970801351,
      0.18633555996715587
    ],
    "eigenvalues": [
      0.1303710937500005,
      0.21207682291666716,
      0.29280598958333387,
      0.3647460937500005
    ],
    "noiseless_eigenvalues": [
      0.18633555996715587,
      0.2086189970801351,
      0.2975708325247989,
      0.30747461042791036
    ],
    "hamiltonian_eigenvalues": [
      -1.8911881756918856,
      -0.7927319764399181,
      0.8200763076885194,
      3.2528944579709407
    ],
    "noiseless_hamiltonian_eigenvalues": [
      -1.0371433665318914,
      -0.8734422317465533,
      0.9022711749063967,
      1.4670735433364968
    ]
  },
  "exact_result": {
    "hamiltonian_matrix": [
      [
        [
          -1.0,
          0.0
        ],
        [
          0.0,
          0.0
        ],
        [
          0.0,
          0.0
        ],
        [
          -1.0,
          0.0
        ]
      ],
      [
        [
          0.0,
          0.0
        ],
        [
          0.0,
          0.0
        ],
        [
          -1.0,
          0.0
        ],
        [
          0.0,
          0.0
        ]
      ],
      [
        [
          0.0,
          0.0
        ],
        [
          -1.0,
          0.0
        ],
        [
          0.0,
          0.0
        ],
        [
          0.0,
          0.0
        ]
      ],
      [
        [
          -1.0,
          0.0
        ],
        [
          0.0,
          0.0
        ],
        [
          0.0,
          0.0
        ],
        [
          1.0,
          0.0
        ]
      ]
    ],
    "gibbs_state": [
      [
        0.30163668885233524,
        0.0,
        0.0,
        0.04918555449042901
      ],
      [
        0.0,
        0.24754886563809372,
        0.04886003662663048,
        0.0
      ],
      [
        0.0,
        0.04886003662663048,
        0.24754886563809372,
        0.0
      ],
      [
        0.04918555449042902,
        0.0,
        0.0,
        0.2032655798714772
      ]
    ],
    "energy": -0.294462291214977,
    "entropy": 1.357122893136917,
    "cost": -7.080076756899562,
    "eigenvalues": [
      0.18289225612870066,
      0.19868882901146326,
      0.2964089022647242,
      0.32201001259511175
    ],
    "hamiltonian_eigenvalues": [
      -1.4142135623730951,
      -1.0,
      1.0,
      1.4142135623730951
    ]
  },
  "metrics": {
    "exact_purity": 0.2644755136790756,
    "calculated_fidelity": 0.9940988724222269,
    "calculated_trace_distance": 0.047224274573648826,
    "calculated_relative_entropy": 0.011951805904496286,
    "calculated_purity": 0.2658911810980913,
    "noiseless_fidelity": 0.9941577745914338,
    "noiseless_trace_distance": 0.030580530945327672,
    "noiseless_relative_entropy": 0.011829289046149966,
    "noiseless_purity": 0.2613318632782921
  }
}
