{
  "n": 2,
  "J": 1.0,
  "h": 0.5,
  "beta": 0.5,
  "calculated_result": {
    "n": 2,
    "J": 1.0,
    "h": 0.5,
    "beta": 0.5,
    "params": [
      -0.9683679128841086,
      3.5549071579753626,
      4.445487578165118,
      3.0015245664247328,
      3.545641945516508,
      0.3484169771973227
    ],
    "cost": -3.118650284916521,
    "energy": -0.6863029200636206,
    "entropy": 1.2161736824264504,
    "rho": [
      [
        [
          0.4244791666666672,
          0.0
        ],
        [
          -0.037109374999999944,
          0.0004882812500000173
        ],
        [
          0.02441406249999997,
          0.01953124999999996
        ],
        [
          0.126953125,
          -0.02099609375
        ]
      ],
      [
        [
          -0.037109374999999944,
          -0.0004882812500000173
        ],
        [
          0.24609375000000056,
          0.0
        ],
        [
          -0.025390625,
          -0.01025390625
        ],
        [
          -0.02832031249999999,
          -0.023437500000000003
        ]
      ],
      [
        [
          0.02441406249999997,
          -0.01953124999999996
        ],
        [
          -0.025390625,
          0.01025390625
        ],
        [
          0.20214843750000047,
          0.0
        ],
        [
          0.00781250000000001,
          0.022949218749999983
        ]
      ],
      [
        [
          0.126953125,
          0.02099609375
        ],
        [
          -0.02832031249999999,
          0.023437500000000003
        ],
        [
          0.00781250000000001,
          -0.022949218749999983
        ],
        [
          0.1272786458333338,
          0.0
        ]
      ]
    ],
    "noiseless_rho": [
      [
        0.44903511209347696,
        2.410669212605824e-17,
        2.2915453366796465e-17,
        0.1582930873242417
      ],
      [
        2.410669212605824e-17,
        0.21732228354125704,
        0.00015150619338831815,
        1.4183782442019753e-17
      ],
      [
        2.2915453366796465e-17,
        0.00015150619338831815,
        0.22276336073808128,
        7.305229470132405e-18
      ],
      [
        0.1582930873242417,
        1.4183782442019753e-17,
        7.305229470132405e-18,
        0.11087924362718461
      ]
    ],
    "sigma": [
      0.10367838541666713,
      0.23518880208333384,
      0.23649088541666716,
      0.4246419270833339
    ],
    "noiseless_sigma": [
      0.048345327258536006,
      0.22276757614546222,
      0.21731806813387614,
      0.5115690284621255
    ],
    "eigenvalues": [
      0.10367838541666713,
      0.23518880208333384,
      0.23649088541666716,
      0.4246419270833339
    ],
    "noiseless_eigenvalues": [
      0.048345327258536006,
      0.21731806813387614,
      0.22276757614546222,
      0.5115690284621255
    ],
    "hamiltonian_eigenvalues": [
      -1.4056323055349647,
      -0.23495906240207498,
      -0.22391693635457433,
      1.4142729535941596
    ],
    "noiseless_hamiltonian_eigenvalues": [
      -1.7781047855352001,
      -0.11539766393757356,
      -0.06586379124001684,
      2.9401211267579344
    ]
  },
  "exact_result": {
    "hamiltonian_matrix": [
      [
        [
          -1.0,
          0.0
        ],
        [
          0.0,
          0.0
        ],
        [
          0.0,
          0.0
        ],
        [
          -1.0,
          0.0
        ]
      ],
      [
        [
          0.0,
          0.0
        ],
        [
          0.0,
          0.0
        ],
        [
          -1.0,
          0.0
        ],
        [
          0.0,
          0.0
        ]
      ],
      [
        [
          0.0,
          0.0
        ],
        [
          -1.0,
          0.0
        ],
        [
          0.0,
          0.0
        ],
        [
          0.0,
          0.0
        ]
      ],
      [
        [
          -1.0,
          0.0
        ],
        [
          0.0,
          0.0
        ],
        [
          0.0,
          0.0
        ],
        [
          1.0,
          0.0
        ]
      ]
    ],
    "gibbs_state": [
      [
        0.3775435925176229,
        0.0,
        0.0,
        0.11362464936063967
      ],
      [
        0.0,
        0.23608105684301672,
        0.10909710687123368,
        0.0
      ],
      [
        0.0,
        0.10909710687123368,
        0.23608105684301672,
        0.0
      ],
      [
        0.11362464936063967,
        0.0,
        0.0,
        0.15029429379634357
      ]
    ],
    "energy": -0.672692811185026,
    "entropy": 1.2273481730923634,
    "cost": -3.1273891573697528,
    "eigenvalues": [
      0.10322942301127919,
      0.12698394997178303,
      0.3451781637142504,
      0.42460846330268726
    ],
    "hamiltonian_eigenvalues": [
      -1.4142135623730951,
      -1.0,
      1.0,
      1.4142135623730951
    ]
  },
  "metrics": {
    "exact_purity": 0.32622154913908924,
    "calculated_fidelity": 0.9464136870170861,
    "calculated_trace_distance": 0.11215925092033466,
    "calculated_relative_entropy": 0.10990054633323182,
    "calculated_purity": 0.3410118950737857,
    "noiseless_fidelity": 0.9593362690282162,
    "noiseless_trace_distance": 0.06385218698980255,
    "noiseless_relative_entropy": 0.08489040577368206,
    "noiseless_purity": 0.3608926772685823
  }
}
