{
  "n": 2,
  "J": 1.0,
  "h": 0.5,
  "beta": 0.8,
  "calculated_result": {
    "n": 2,
    "J": 1.0,
    "h": 0.5,
    "beta": 0.8,
    "params": [
      4.38563154544156,
      2.2277795472304884,
      4.209892057684493,
      5.901400288254548,
      4.3397945742532125,
      2.7322722576499894
    ],
    "cost": -2.215804207306596,
    "energy": -0.941293682107067,
    "entropy": 1.0196084201596234,
    "rho": [
      [
        [
          0.3968098958333339,
          0.0
        ],
        [
          -0.0017903645833333114,
          0.010904947916666664
        ],
        [
          0.023600260416666664,
          -0.03222656250000001
        ],
        [
          0.1259765625,
          -0.02783203125
        ]
      ],
      [
        [
          -0.0017903645833333114,
          -0.010904947916666664
        ],
        [
          0.21907552083333384,
          0.0
        ],
        [
          0.1611328125,
          0.01513671875
        ],
        [
          -0.006673177083333311,
          0.004882812499999969
        ]
      ],
      [
        [
          0.023600260416666664,
          0.03222656250000001
        ],
        [
          0.1611328125,
          -0.01513671875
        ],
        [
          0.24479166666666724,
          0.0
        ],
        [
          0.006022135416666664,
          0.005045572916666664
        ]
      ],
      [
        [
          0.1259765625,
          0.02783203125
        ],
        [
          -0.006673177083333311,
          -0.004882812499999969
        ],
        [
          0.006022135416666664,
          -0.005045572916666664
        ],
        [
          0.13932291666666705,
          0.0
        ]
      ]
    ],
    "noiseless_rho": [
      [
        0.43340757777759553,
        9.69118568948353e-18,
        -4.003112885130953e-18,
        0.16407415221759208
      ],
      [
        9.69118568948353e-18,
        0.23594128092130717,
        0.17456080697114967,
        3.798159194335718e-17
      ],
      [
        -4.003112885130953e-18,
        0.17456080697114967,
        0.22311367628324225,
        3.204809937371621e-17
      ],
      [
        0.16407415221759208,
        3.798159194335718e-17,
        3.204809937371621e-17,
        0.10753746501785522
      ]
    ],
    "sigma": [
      0.4690755208333338,
      0.061197916666667185,
      0.4055989583333339,
      0.06412760416666713
    ],
    "noiseless_sigma": [
      0.5017043531671274,
      0.05484888177196295,
      0.40420607543258646,
      0.03924068962832333
    ],
    "eigenvalues": [
      0.061197916666667185,
      0.06412760416666713,
      0.4055989583333339,
      0.4690755208333338
    ],
    "noiseless_eigenvalues": [
      0.03924068962832333,
      0.05484888177196295,
      0.40420607543258646,
      0.5017043531671274
    ],
    "hamiltonian_eigenvalues": [
      -1.2695648344715467,
      -1.0878162136563927,
      1.2177962496053625,
      1.2762484569904098
    ],
    "noiseless_hamiltonian_eigenvalues": [
      -1.353623868935908,
      -1.0835161530977522,
      1.413162642054072,
      1.831747129960191
    ]
  },
  "exact_result": {
    "hamiltonian_matrix": [
      [
        [
          -1.0,
          0.0
        ],
        [
          0.0,
          0.0
        ],
        [
          0.0,
          0.0
        ],
        [
          -1.0,
          0.0
        ]
      ],
      [
        [
          0.0,
          0.0
        ],
        [
          0.0,
          0.0
        ],
        [
          -1.0,
          0.0
        ],
        [
          0.0,
          0.0
        ]
      ],
      [
        [
          0.0,
          0.0
        ],
        [
          -1.0,
          0.0
        ],
        [
          0.0,
          0.0
        ],
        [
          0.0,
          0.0
        ]
      ],
      [
        [
          -1.0,
          0.0
        ],
        [
          0.0,
          0.0
        ],
        [
          0.0,
          0.0
        ],
        [
          1.0,
          0.0
        ]
      ]
    ],
    "gibbs_state": [
      [
        0.4416950076916649,
        0.0,
        0.0,
        0.1610414349807664
      ],
      [
        0.0,
        0.2193464272891015,
        0.14565409314684655,
        0.0
      ],
      [
        0.0,
        0.14565409314684655,
        0.2193464272891015,
        0.0
      ],
      [
        0.16104143498076634,
        0.0,
        0.0,
        0.11961213773013224
      ]
    ],
    "energy": -0.9354739262167585,
    "entropy": 1.0594773585753432,
    "cost": -2.2598206244359376,
    "eigenvalues": [
      0.052906591257073816,
      0.07369233414225496,
      0.365000520435948,
      0.5084005541647234
    ],
    "hamiltonian_eigenvalues": [
      -1.4142135623730951,
      -1.0,
      1.0,
      1.4142135623730951
    ]
  },
  "metrics": {
    "exact_purity": 0.3999261709032876,
    "calculated_fidelity": 0.9874501256698418,
    "calculated_trace_distance": 0.07032399267833458,
    "calculated_relative_entropy": 0.02738572757234524,
    "calculated_purity": 0.3741567399766721,
    "noiseless_fidelity": 0.9964956187808381,
    "noiseless_trace_distance": 0.022750783728254422,
    "noiseless_relative_entropy": 0.007272635593050206,
    "noiseless_purity": 0.41963804095760066
  }
}
