{
  "n": 2,
  "J": 1.0,
  "h": 0.5,
  "beta": 1.0,
  "calculated_result": {
    "n": 2,
    "J": 1.0,
    "h": 0.5,
    "beta": 1.0,
    "params": [
      3.510138744826199,
      0.15214023220813166,
      -1.1875015220811131,
      3.00895427353626,
      -0.14321602176298762,
      3.9759832544312452
    ],
    "cost": -1.9519967479045248,
    "energy": -0.9823910123293583,
    "entropy": 0.9696057355751664,
    "rho": [
      [
        [
          0.5309244791666671,
          0.0
        ],
        [
          -0.037760416666666644,
          -0.009602864583333325
        ],
        [
          -0.027180989583333315,
          -0.01269531249999998
        ],
        [
          0.1572265625,
          -0.00390625
        ]
      ],
      [
        [
          -0.037760416666666644,
          0.009602864583333325
        ],
        [
          0.2447916666666673,
          0.0
        ],
        [
          0.0771484375,
          -0.00390625
        ],
        [
          -0.0066731770833333495,
          0.00976562499999998
        ]
      ],
      [
        [
          -0.027180989583333315,
          0.01269531249999998
        ],
        [
          0.0771484375,
          0.00390625
        ],
        [
          0.110677083333334,
          0.0
        ],
        [
          0.005208333333333294,
          0.0021158854166666644
        ]
      ],
      [
        [
          0.1572265625,
          0.00390625
        ],
        [
          -0.0066731770833333495,
          -0.00976562499999998
        ],
        [
          0.005208333333333294,
          -0.0021158854166666644
        ],
        [
          0.11360677083333372,
          0.0
        ]
      ]
    ],
    "noiseless_rho": [
      [
        0.5696656656174235,
        5.600689900576676e-17,
        2.6006754635994305e-17,
        0.19637217116861938
      ],
      [
        5.600689900576676e-17,
        0.2565490056595803,
        0.1317934370365843,
        2.8062614199789276e-17
      ],
      [
        2.6006754635994305e-17,
        0.1317934370365843,
        0.07884263296608879,
        1.9113771105834822e-17
      ],
      [
        0.19637217116861938,
        2.8062614199789276e-17,
        1.9113771105834822e-17,
        0.09494269575690686
      ]
    ],
    "sigma": [
      0.056315104166667046,
      0.06542968750000062,
      0.3281250000000005,
      0.5501302083333337
    ],
    "noiseless_sigma": [
      0.02424168031138947,
      0.008748033012157678,
      0.32664360561351136,
      0.6403666810629408
    ],
    "eigenvalues": [
      0.056315104166667046,
      0.06542968750000062,
      0.3281250000000005,
      0.5501302083333337
    ],
    "noiseless_eigenvalues": [
      0.008748033012157678,
      0.02424168031138947,
      0.32664360561351136,
      0.6403666810629408
    ],
    "hamiltonian_eigenvalues": [
      -1.354396461554082,
      -0.8376361022682774,
      0.7747824383039528,
      0.9247957518652523
    ],
    "noiseless_hamiltonian_eigenvalues": [
      -1.5062824203699732,
      -0.8331111543662675,
      1.7676850525022099,
      2.786929654589635
    ]
  },
  "exact_result": {
    "hamiltonian_matrix": [
      [
        [
          -1.0,
          0.0
        ],
        [
          0.0,
          0.0
        ],
        [
          0.0,
          0.0
        ],
        [
          -1.0,
          0.0
        ]
      ],
      [
        [
          0.0,
          0.0
        ],
        [
          0.0,
          0.0
        ],
        [
          -1.0,
          0.0
        ],
        [
          0.0,
          0.0
        ]
      ],
      [
        [
          0.0,
          0.0
        ],
        [
          -1.0,
          0.0
        ],
        [
          0.0,
          0.0
        ],
        [
          0.0,
          0.0
        ]
      ],
      [
        [
          -1.0,
          0.0
        ],
        [
          0.0,
          0.0
        ],
        [
          0.0,
          0.0
        ],
        [
          1.0,
          0.0
        ]
      ]
    ],
    "gibbs_state": [
      [
        0.47651580836299356,
        0.0,
        0.0,
        0.18384866024320862
      ],
      [
        0.0,
        0.20733285188021505,
        0.15790348832961396,
        0.0
      ],
      [
        0.0,
        0.157903488329614,
        0.20733285188021502,
        0.0
      ],
      [
        0.18384866024320862,
        0.0,
        0.0,
        0.10881848787657636
      ]
    ],
    "energy": -1.0512016176320624,
    "entropy": 0.9560090098858776,
    "cost": -2.00721062751794,
    "eigenvalues": [
      0.03266587937971612,
      0.04942936355060101,
      0.3652363402098291,
      0.5526684168598538
    ],
    "hamiltonian_eigenvalues": [
      -1.4142135623730951,
      -1.0,
      1.0,
      1.4142135623730951
    ]
  },
  "metrics": {
    "exact_purity": 0.44235028486091477,
    "calculated_fidelity": 0.9598696584910723,
    "calculated_trace_distance": 0.10656328831441146,
    "calculated_relative_entropy": 0.09192629398427793,
    "calculated_purity": 0.433543947007922,
    "noiseless_fidelity": 0.9540737227655343,
    "noiseless_trace_distance": 0.07730013510357797,
    "noiseless_relative_entropy": 0.1561595859835718,
    "noiseless_purity": 0.5174297184496628
  }
}
