{
  "n": 2,
  "J": 1.0,
  "h": 0.5,
  "beta": 1.2,
  "calculated_result": {
    "n": 2,
    "J": 1.0,
    "h": 0.5,
    "beta": 1.2,
    "params": [
      2.7674781523539114,
      4.898389844436998,
      0.5144797530602401,
      3.4191242554860475,
      1.0925732336808123,
      2.84187401089
    ],
    "cost": -1.9773594875079594,
    "energy": -1.2546936119136782,
    "entropy": 0.8671990507131374,
    "rho": [
      [
        [
          0.4978841145833337,
          0.0
        ],
        [
          -0.03190104166666659,
          -0.027832031250000035
        ],
        [
          -0.006998697916666626,
          0.008789062499999967
        ],
        [
          0.17822265625,
          -0.0107421875
        ]
      ],
      [
        [
          -0.03190104166666659,
          0.027832031250000035
        ],
        [
          0.16129557291666727,
          0.0
        ],
        [
          0.09326171875,
          -0.0048828125
        ],
        [
          0.02425130208333334,
          -0.013671874999999991
        ]
      ],
      [
        [
          -0.006998697916666626,
          -0.008789062499999967
        ],
        [
          0.09326171875,
          0.0048828125
        ],
        [
          0.226399739583334,
          0.0
        ],
        [
          0.025716145833333322,
          -0.02880859375000002
        ]
      ],
      [
        [
          0.17822265625,
          0.0107421875
        ],
        [
          0.02425130208333334,
          0.013671874999999991
        ],
        [
          0.025716145833333322,
          0.02880859375000002
        ],
        [
          0.11442057291666699,
          0.0
        ]
      ]
    ],
    "noiseless_rho": [
      [
        0.6050448746302485,
        2.299119577470428e-17,
        1.8549746314959845e-20,
        0.2532210162339942
      ],
      [
        2.299119577470428e-17,
        0.11991347656241266,
        0.13586982639176487,
        3.6977682113175606e-17
      ],
      [
        1.8549746314959845e-20,
        0.13586982639176487,
        0.16894206990314156,
        3.166794646385645e-17
      ],
      [
        0.2532210162339942,
        3.6977682113175606e-17,
        3.166794646385645e-17,
        0.10609957890419683
      ]
    ],
    "sigma": [
      0.03694661458333369,
      0.2807617187500006,
      0.07861328125000067,
      0.603678385416667
    ],
    "noiseless_sigma": [
      0.00010424636059584213,
      0.28249138344550107,
      0.0063641630200531735,
      0.7110402071738495
    ],
    "eigenvalues": [
      0.03694661458333369,
      0.07861328125000067,
      0.2807617187500006,
      0.603678385416667
    ],
    "noiseless_eigenvalues": [
      0.00010424636059584213,
      0.0063641630200531735,
      0.28249138344550107,
      0.7110402071738495
    ],
    "hamiltonian_eigenvalues": [
      -1.5567647397263622,
      -0.9188186997062546,
      0.14198603013781308,
      0.7712082269471205
    ],
    "noiseless_hamiltonian_eigenvalues": [
      -1.6931709036716207,
      -0.9239367958923919,
      2.2368676398766434,
      5.663268519364023
    ]
  },
  "exact_result": {
    "hamiltonian_matrix": [
      [
        [
          -1.0,
          0.0
        ],
        [
          0.0,
          0.0
        ],
        [
          0.0,
          0.0
        ],
        [
          -1.0,
          0.0
        ]
      ],
      [
        [
          0.0,
          0.0
        ],
        [
          0.0,
          0.0
        ],
        [
          -1.0,
          0.0
        ],
        [
          0.0,
          0.0
        ]
      ],
      [
        [
          0.0,
          0.0
        ],
        [
          -1.0,
          0.0
        ],
        [
          0.0,
          0.0
        ],
        [
          0.0,
          0.0
        ]
      ],
      [
        [
          -1.0,
          0.0
        ],
        [
          0.0,
          0.0
        ],
        [
          0.0,
          0.0
        ],
        [
          1.0,
          0.0
        ]
      ]
    ],
    "gibbs_state": [
      [
        0.5058526567926453,
        0.0,
        0.0,
        0.20133735000697395
      ],
      [
        0.0,
        0.19548469321432851,
        0.1629667150984828,
        0.0
      ],
      [
        0.0,
        0.16296671509848276,
        0.19548469321432851,
        0.0
      ],
      [
        0.201337350006974,
        0.0,
        0.0,
        0.10317795677869743
      ]
    ],
    "energy": -1.1312828302248614,
    "entropy": 0.8684227735250276,
    "cost": -1.8549684748290511,
    "eigenvalues": [
      0.01978129579355002,
      0.03251797811584574,
      0.3584514083128113,
      0.5892493177777928
    ],
    "hamiltonian_eigenvalues": [
      -1.4142135623730951,
      -1.0,
      1.0,
      1.4142135623730951
    ]
  },
  "metrics": {
    "exact_purity": 0.47715088918704646,
    "calculated_fidelity": 0.9618812493211303,
    "calculated_trace_distance": 0.08712005871672125,
    "calculated_relative_entropy": 0.08561438778406925,
    "calculated_purity": 0.4278240203857431,
    "noiseless_fidelity": 0.9608709566951261,
    "noiseless_trace_distance": 0.07553794203231166,
    "noiseless_relative_entropy": 0.14135506385493263,
    "noiseless_purity": 0.5854200713770333
  }
}
