{
  "n": 2,
  "J": 1.0,
  "h": 0.5,
  "beta": 2.0,
  "calculated_result": {
    "n": 2,
    "J": 1.0,
    "h": 0.5,
    "beta": 2.0,
    "params": [
      -2.8600701917345015,
      -4.904308976798479,
      6.377515986562209,
      7.296425051166047,
      7.684141993729693,
      2.7086269861178742
    ],
    "cost": -1.5309133003022846,
    "energy": -1.1920520788078348,
    "entropy": 0.6777224429888995,
    "rho": [
      [
        [
          0.5511067708333334,
          0.0
        ],
        [
          -0.027994791666666678,
          -0.014648437500000031
        ],
        [
          0.053710937499999986,
          -0.015136718749999976
        ],
        [
          0.25390625,
          -0.01513671875
        ]
      ],
      [
        [
          -0.027994791666666678,
          0.014648437500000031
        ],
        [
          0.1269531250000008,
          0.0
        ],
        [
          0.0576171875,
          0.03271484375
        ],
        [
          -0.010742187499999951,
          -0.010253906249999983
        ]
      ],
      [
        [
          0.053710937499999986,
          0.015136718749999976
        ],
        [
          0.0576171875,
          -0.03271484375
        ],
        [
          0.10644531250000075,
          0.0
        ],
        [
          0.018880208333333284,
          -0.013671875000000035
        ]
      ],
      [
        [
          0.25390625,
          0.01513671875
        ],
        [
          -0.010742187499999951,
          0.010253906249999983
        ],
        [
          0.018880208333333284,
          0.013671875000000035
        ],
        [
          0.21549479166666685,
          0.0
        ]
      ]
    ],
    "noiseless_rho": [
      [
        0.6731048148982333,
        2.874553122208611e-17,
        1.1552485228404778e-17,
        0.35381411431663623
      ],
      [
        2.874553122208611e-17,
        0.08641059032600619,
        0.05939090888621705,
        2.353697526190263e-17
      ],
      [
        1.1552485228404778e-17,
        0.05939090888621705,
        0.05441414359673939,
        1.2480909314465884e-17
      ],
      [
        0.35381411431663623,
        2.353697526190263e-17,
        1.2480909314465884e-17,
        0.18607045117902077
      ]
    ],
    "sigma": [
      0.027669270833333585,
      0.20052083333333412,
      0.06217447916666738,
      0.7096354166666667
    ],
    "noiseless_sigma": [
      7.040946021184209e-05,
      0.1319202787220206,
      0.008904455200724973,
      0.8591048566170422
    ],
    "eigenvalues": [
      0.027669270833333585,
      0.06217447916666738,
      0.20052083333333412,
      0.7096354166666667
    ],
    "noiseless_eigenvalues": [
      7.040946021184209e-05,
      0.008904455200724973,
      0.1319202787220206,
      0.8591048566170422
    ],
    "hamiltonian_eigenvalues": [
      -1.3594113310600706,
      -0.7274947349352651,
      -0.14200796719182396,
      0.262803118586334
    ],
    "noiseless_hamiltonian_eigenvalues": [
      -1.4549811521978324,
      -0.5181345563412472,
      0.8296884712694512,
      3.2496781626072515
    ]
  },
  "exact_result": {
    "hamiltonian_matrix": [
      [
        [
          -1.0,
          0.0
        ],
        [
          0.0,
          0.0
        ],
        [
          0.0,
          0.0
        ],
        [
          -1.0,
          0.0
        ]
      ],
      [
        [
          0.0,
          0.0
        ],
        [
          0.0,
          0.0
        ],
        [
          -1.0,
          0.0
        ],
        [
          0.0,
          0.0
        ]
      ],
      [
        [
          0.0,
          0.0
        ],
        [
          -1.0,
          0.0
        ],
        [
          0.0,
          0.0
        ],
        [
          0.0,
          0.0
        ]
      ],
      [
        [
          -1.0,
          0.0
        ],
        [
          0.0,
          0.0
        ],
        [
          0.0,
          0.0
        ],
        [
          1.0,
          0.0
        ]
      ]
    ],
    "gibbs_state": [
      [
        0.5897309313931668,
        0.0,
        0.0,
        0.24327536307992276
      ],
      [
        0.0,
        0.15354443168675583,
        0.1480210669130998,
        0.0
      ],
      [
        0.0,
        0.1480210669130998,
        0.15354443168675583,
        0.0
      ],
      [
        0.24327536307992276,
        0.0,
        0.0,
        0.10318020523332135
      ]
    ],
    "energy": -1.2691435861458906,
    "entropy": 0.6604808716629245,
    "cost": -1.599384021977353,
    "eigenvalues": [
      0.0024122504543784146,
      0.005523364773656059,
      0.30156549859985565,
      0.6904988861721097
    ],
    "hamiltonian_eigenvalues": [
      -1.4142135623730951,
      -1.0,
      1.0,
      1.4142135623730951
    ]
  },
  "metrics": {
    "exact_purity": 0.5677667882613812,
    "calculated_fidelity": 0.8922812581578409,
    "calculated_trace_distance": 0.1111769673387133,
    "calculated_relative_entropy": 0.1939920988860644,
    "calculated_purity": 0.5255317687988286,
    "noiseless_fidelity": 0.945493846009471,
    "noiseless_trace_distance": 0.09695631737089,
    "noiseless_relative_entropy": 0.17190859114903478,
    "noiseless_purity": 0.755543408880998
  }
}
