{
  "n": 2,
  "J": 1.0,
  "h": 0.5,
  "beta": 5.0,
  "calculated_result": {
    "n": 2,
    "J": 1.0,
    "h": 0.5,
    "beta": 5.0,
    "params": [
      6.360803151924164,
      2.679945754670996,
      3.0934240455753326,
      2.8582428423388184,
      4.642570821357278,
      5.736173029019715
    ],
    "cost": -1.3006057910287563,
    "energy": -1.1984689146137757,
    "entropy": 0.5106843820749024,
    "rho": [
      [
        [
          0.6861979166666666,
          0.0
        ],
        [
          0.006998697916666678,
          0.012858072916666647
        ],
        [
          -0.02604166666666666,
          -0.0009765625000000581
        ],
        [
          0.33349609375,
          -0.04931640625
        ]
      ],
      [
        [
          0.006998697916666678,
          -0.012858072916666647
        ],
        [
          0.0625000000000009,
          0.0
        ],
        [
          -0.00341796875,
          0.01611328125
        ],
        [
          0.019856770833333304,
          -0.018554687500000038
        ]
      ],
      [
        [
          -0.02604166666666666,
          0.0009765625000000581
        ],
        [
          -0.00341796875,
          -0.01611328125
        ],
        [
          0.04785156250000084,
          0.0
        ],
        [
          -0.0017903645833333287,
          -0.01839192708333332
        ]
      ],
      [
        [
          0.33349609375,
          0.04931640625
        ],
        [
          0.019856770833333304,
          0.018554687500000038
        ],
        [
          -0.0017903645833333287,
          0.01839192708333332
        ],
        [
          0.2034505208333334,
          0.0
        ]
      ]
    ],
    "noiseless_rho": [
      [
        0.7811132194420971,
        1.9571021091788166e-16,
        -4.943462144660475e-17,
        0.40290841252234644
      ],
      [
        1.9571021091788166e-16,
        0.006051162115235223,
        0.002800504904073497,
        1.0094787620712513e-16
      ],
      [
        -4.943462144660475e-17,
        0.002800504904073497,
        0.0031551618853657,
        -2.515897218599917e-17
      ],
      [
        0.40290841252234644,
        1.0094787620712513e-16,
        -2.515897218599917e-17,
        0.20968045655730183
      ]
    ],
    "sigma": [
      0.013509114583333485,
      0.0763346354166675,
      0.08284505208333416,
      0.8273111979166669
    ],
    "noiseless_sigma": [
      0.0014646164289510073,
      0.007755864341243988,
      0.0014504596593569352,
      0.989329059570448
    ],
    "eigenvalues": [
      0.013509114583333485,
      0.0763346354166675,
      0.08284505208333416,
      0.8273111979166669
    ],
    "noiseless_eigenvalues": [
      0.0014504596593569352,
      0.0014646164289510073,
      0.007755864341243988,
      0.989329059570448
    ],
    "hamiltonian_eigenvalues": [
      -1.2626909195526352,
      -0.8024491393733613,
      -0.7860800897525128,
      -0.4397276576225765
    ],
    "noiseless_hamiltonian_eigenvalues": [
      -1.2984601343860567,
      -0.3287445845149489,
      0.004626587778529423,
      0.006569162237748616
    ]
  },
  "exact_result": {
    "hamiltonian_matrix": [
      [
        [
          -1.0,
          0.0
        ],
        [
          0.0,
          0.0
        ],
        [
          0.0,
          0.0
        ],
        [
          -1.0,
          0.0
        ]
      ],
      [
        [
          0.0,
          0.0
        ],
        [
          0.0,
          0.0
        ],
        [
          -1.0,
          0.0
        ],
        [
          0.0,
          0.0
        ]
      ],
      [
        [
          0.0,
          0.0
        ],
        [
          -1.0,
          0.0
        ],
        [
          0.0,
          0.0
        ],
        [
          0.0,
          0.0
        ]
      ],
      [
        [
          -1.0,
          0.0
        ],
        [
          0.0,
          0.0
        ],
        [
          0.0,
          0.0
        ],
        [
          1.0,
          0.0
        ]
      ]
    ],
    "gibbs_state": [
      [
        0.7580016602485866,
        0.0,
        0.0,
        0.31397430263046044
      ],
      [
        0.0,
        0.05597264238187379,
        0.05596756030453423,
        0.0
      ],
      [
        0.0,
        0.055967560304534224,
        0.05597264238187379,
        0.0
      ],
      [
        0.31397430263046044,
        0.0,
        0.0,
        0.1300530549876658
      ]
    ],
    "energy": -1.3678323311309102,
    "entropy": 0.3506287991959459,
    "cost": -1.4379580909700993,
    "eigenvalues": [
      6.406014945448124e-07,
      5.082077339582658e-06,
      0.11194020268640802,
      0.8880540746347578
    ],
    "hamiltonian_eigenvalues": [
      -1.4142135623730951,
      -1.0,
      1.0,
      1.4142135623730951
    ]
  },
  "metrics": {
    "exact_purity": 0.8011706484791081,
    "calculated_fidelity": 0.8947757565877866,
    "calculated_trace_distance": 0.0860463091103337,
    "calculated_relative_entropy": 0.18968569945908348,
    "calculated_purity": 0.7502488030327692,
    "noiseless_fidelity": 0.9271944472358687,
    "noiseless_trace_distance": 0.08428075573076108,
    "noiseless_relative_entropy": 0.25437555327575895,
    "noiseless_purity": 0.9788363904767341
  }
}
