{
  "metrics": {
    "exact_purity": 0.3482450223805722,
    "calculated_fidelity": [
      0.9658638952864633,
      1.0053345705602328,
      0.9932002913978354,
      0.9758805018354023,
      1.0044094454473873,
      1.0153697952664213,
      0.9914306939620754,
      1.0110241086350138,
      0.9928036634805625,
      1.0244137176627488
    ],
    "calculated_trace_distance": [
      0.11542849838237464,
      0.18114729859586357,
      0.11328854520139661,
      0.13715992169540162,
      0.1576385746846948,
      0.20671658584732133,
      0.24359052485701618,
      0.16369690409954404,
      0.15371719954313934,
      0.15080518256508085
    ],
    "calculated_relative_entropy": [
      -0.03548332480190386,
      -0.1098766617914565,
      -0.0996467608587187,
      -0.0509357187930752,
      -0.12912657332560237,
      -0.12820021308694896,
      -0.06738972907927665,
      -0.1325496130372615,
      -0.09735936708278087,
      -0.130581171858978
    ],
    "calculated_purity": [
      0.3715999126434326,
      0.4230072498321533,
      0.4153960943222046,
      0.4015144109725952,
      0.4640859365463257,
      0.44408512115478516,
      0.39536142349243164,
      0.4535701274871826,
      0.4084728956222534,
      0.44998717308044434
    ],
    "calculated_kullback_leibler_divergence": [
      0.018369221389744853,
      Infinity,
      0.04074672437771396,
      Infinity,
      Infinity,
      Infinity,
      Infinity,
      Infinity,
      Infinity,
      Infinity
    ],
    "noiseless_fidelity": [
      0.9414570788094858,
      0.9484957237100301,
      0.9436415887751851,
      0.9397404923462844,
      0.930108165299999,
      0.9299649772655524,
      0.9399818641193144,
      0.9324444518778989,
      0.9539686530141982,
      0.9367490423312651
    ],
    "noiseless_trace_distance": [
      0.04317219811622729,
      0.05705699007134339,
      0.04201589653425441,
      0.044461534565489125,
      0.04863429484564867,
      0.07385813349582261,
      0.07141037182590357,
      0.06075793060797672,
      0.03920314307232589,
      0.046506654537148494
    ],
    "noiseless_relative_entropy": [
      0.18374039745727522,
      0.29825821190102686,
      0.1987158828354096,
      0.22846569898399424,
      0.30832763823475323,
      0.28674084365971686,
      0.18783281088304699,
      0.2690376545382444,
      0.1559361841594144,
      0.2565607453147521
    ],
    "noiseless_purity": [
      0.35206273761660734,
      0.38539480290628475,
      0.3895466612341454,
      0.4003681229241589,
      0.42481458968088,
      0.405598254926745,
      0.34546945932261586,
      0.4261766010719658,
      0.38458613002824305,
      0.4134425741876766
    ],
    "noiseless_kullback_leibler_divergence": [
      0.017995621922939655,
      0.032881807901611236,
      0.03955313882588692,
      0.05049606180622231,
      0.0816303258657816,
      0.05331768545857134,
      0.032749436235340136,
      0.06538517960222476,
      0.023881628722819837,
      0.06183114358055611
    ]
  },
  "metadata": {
    "job_ids": [
      null
    ],
    "backends": [
      null
    ],
    "n": 5,
    "J": 1.0,
    "h": 0.5,
    "beta": 1.0,
    "ancilla_reps": 1,
    "system_reps": 3,
    "optimizer": "SPSA",
    "min_kwargs": {
      "maxiter": 500
    },
    "shots": 1024,
    "noise_model": null
  }
}
