{
  "n": 3,
  "J": 1.0,
  "h": 0.5,
  "beta": 1e-08,
  "calculated_result": {
    "n": 3,
    "J": 1.0,
    "h": 0.5,
    "beta": 1e-08,
    "params": [
      2.5942689886728303,
      2.0431601961497234,
      4.406725603404267,
      1.3858473461241507,
      2.195300770738986,
      3.0048243279911766,
      1.6519224798232184,
      2.5961182369994744,
      2.8164079148972707,
      4.288968410446613,
      4.48537452635813,
      2.8896963279201224,
      2.0243994843665973,
      5.549130238520701,
      2.681503658882854,
      4.5793757177508,
      2.271610069707206,
      2.362552511354996,
      4.7797791798840334,
      2.999323781491313,
      4.726808013012741,
      2.6690753741419697,
      3.6371047191034487,
      3.8578258242527372
    ],
    "cost": -204563353.18049642,
    "energy": -0.0146484375,
    "entropy": 2.04563353165848,
    "rho": [
      [
        0.1259765625,
        0.0068359375,
        0.00927734375,
        -0.002685546875,
        -0.00634765625,
        -0.00341796875,
        -0.0048828125,
        -0.0107421875
      ],
      [
        0.0068359375,
        0.1298828125,
        0.034423828125,
        -0.00439453125,
        0.0,
        -0.0185546875,
        0.009765625,
        0.033203125
      ],
      [
        0.00927734375,
        0.034423828125,
        0.1240234375,
        -0.01220703125,
        -0.0078125,
        0.00927734375,
        -0.00537109375,
        -0.01025390625
      ],
      [
        -0.002685546875,
        -0.00439453125,
        -0.01220703125,
        0.1123046875,
        0.00927734375,
        -0.0048828125,
        -0.0078125,
        -0.0048828125
      ],
      [
        -0.00634765625,
        0.0,
        -0.0078125,
        0.00927734375,
        0.11328125,
        -0.00146484375,
        0.00244140625,
        0.007568359375
      ],
      [
        -0.00341796875,
        -0.0185546875,
        0.00927734375,
        -0.0048828125,
        -0.00146484375,
        0.1630859375,
        -0.006103515625,
        0.00439453125
      ],
      [
        -0.0048828125,
        0.009765625,
        -0.00537109375,
        -0.0078125,
        0.00244140625,
        -0.006103515625,
        0.138671875,
        -0.0009765625
      ],
      [
        -0.0107421875,
        0.033203125,
        -0.01025390625,
        -0.0048828125,
        0.007568359375,
        0.00439453125,
        -0.0009765625,
        0.0927734375
      ]
    ],
    "noiseless_rho": [
      [
        0.12959941969927094,
        1.0051422489297913e-17,
        -5.0944415487653476e-17,
        -0.006806119775494541,
        8.680678074159421e-17,
        -0.001657327449132666,
        -0.0020478117010707332,
        1.7052920879398698e-17
      ],
      [
        1.0051422489297913e-17,
        0.1061019447204856,
        -0.009091512186253838,
        7.085652601133856e-18,
        -0.004598949558049543,
        -4.839372749634913e-18,
        -1.8697589851844853e-17,
        0.007271457140512506
      ],
      [
        -5.0944415487653476e-17,
        -0.009091512186253838,
        0.13852961274379183,
        -2.1058908245890065e-17,
        0.01586906887875742,
        2.4423831858085394e-17,
        -2.0594778213923605e-17,
        -0.007727033939322172
      ],
      [
        -0.006806119775494541,
        7.085652601133856e-18,
        -2.1058908245890065e-17,
        0.14217967456024697,
        2.7832494429503166e-17,
        -0.007207407872755169,
        -9.850315558648185e-05,
        -3.570235861019049e-18
      ],
      [
        8.680678074159421e-17,
        -0.004598949558049543,
        0.01586906887875742,
        2.7832494429503166e-17,
        0.13843427238716596,
        -1.562306009089686e-19,
        -6.729428793486019e-18,
        0.03266003156478753
      ],
      [
        -0.001657327449132666,
        -4.839372749634913e-18,
        2.4423831858085394e-17,
        -0.007207407872755169,
        -1.562306009089686e-19,
        0.13789414428579172,
        0.003484446098399473,
        7.152325774897069e-18
      ],
      [
        -0.0020478117010707332,
        -1.8697589851844853e-17,
        -2.0594778213923605e-17,
        -9.850315558648185e-05,
        -6.729428793486019e-18,
        0.003484446098399473,
        0.12352147166908256,
        2.886593561261018e-17
      ],
      [
        1.7052920879398698e-17,
        0.007271457140512506,
        -0.007727033939322172,
        -3.570235861019049e-18,
        0.03266003156478753,
        7.152325774897069e-18,
        2.886593561261018e-17,
        0.08373945993416419
      ]
    ],
    "sigma": [
      0.11664496527777778,
      0.18854890046296297,
      0.1156322337962963,
      0.1171875,
      0.10767505787037036,
      0.12514467592592593,
      0.17075376157407407,
      0.058412905092592594
    ],
    "noiseless_sigma": [
      0.12476337395278583,
      0.10554526979510115,
      0.1163830769107776,
      0.16093924309616806,
      0.1881178580174337,
      0.1266896057664598,
      0.12080248739897853,
      0.05675908506229515
    ],
    "eigenvalues": [
      0.058412905092592594,
      0.10767505787037036,
      0.1156322337962963,
      0.11664496527777778,
      0.1171875,
      0.12514467592592593,
      0.17075376157407407,
      0.18854890046296297
    ],
    "noiseless_eigenvalues": [
      0.05675908506229515,
      0.10554526979510115,
      0.1163830769107776,
      0.12080248739897853,
      0.12476337395278583,
      0.1266896057664598,
      0.16093924309616806,
      0.1881178580174337
    ],
    "hamiltonian_eigenvalues": [
      -37723564.49692881,
      -27810078.074746877,
      3265127.17470479,
      9834653.1012443,
      10298691.056894511,
      11170699.07389763,
      18300377.878304183,
      79458490.41420612
    ],
    "noiseless_hamiltonian_eigenvalues": [
      -37494692.35783851,
      -21890517.451104015,
      2038170.1364881098,
      3570281.2257345915,
      6796487.083730429,
      10523460.981405616,
      20298178.871319532,
      82330601.44251314
    ]
  },