{
  "n": 3,
  "J": 1.0,
  "h": 0.5,
  "beta": 0.2,
  "calculated_result": {
    "n": 3,
    "J": 1.0,
    "h": 0.5,
    "beta": 0.2,
    "params": [
      2.6576491517829948,
      2.0783042349107115,
      4.707534699724155,
      4.691167491025356,
      3.1765375141287615,
      3.0601996340058326,
      1.6361101697529985,
      2.1071665451149237,
      3.338058505538648,
      4.256756439811721,
      4.186242744926511,
      2.771347579374943,
      2.4461305607649995,
      5.872217461866882,
      2.4241742943706273,
      4.509153933046405,
      2.8015413651061305,
      2.393590649484775,
      4.7801039367513525,
      2.207822474425614,
      4.250145829770615,
      1.8061339098501459,
      3.626505401618869,
      3.761943678969434
    ],
    "cost": -10.510325696848872,
    "energy": -0.453125,
    "entropy": 2.0114401393697743,
    "rho": [
      [
        0.138671875,
        -0.00439453125,
        0.01123046875,
        -0.00244140625,
        -0.00048828125,
        -0.00048828125,
        0.009765625,
        0.004150390625
      ],
      [
        -0.00439453125,
        0.146484375,
        -0.0224609375,
        0.0224609375,
        0.01416015625,
        0.00927734375,
        0.004150390625,
        0.0146484375
      ],
      [
        0.01123046875,
        -0.0224609375,
        0.14453125,
        0.00439453125,
        0.04296875,
        0.000244140625,
        -0.00341796875,
        0.005859375
      ],
      [
        -0.00244140625,
        0.0224609375,
        0.00439453125,
        0.099609375,
        0.001220703125,
        0.017578125,
        0.021484375,
        -0.00634765625
      ],
      [
        -0.00048828125,
        0.01416015625,
        0.04296875,
        0.001220703125,
        0.2001953125,
        -0.00830078125,
        -0.00244140625,
        0.001953125
      ],
      [
        -0.00048828125,
        0.00927734375,
        0.000244140625,
        0.017578125,
        -0.00830078125,
        0.1025390625,
        0.01123046875,
        0.0068359375
      ],
      [
        0.009765625,
        0.004150390625,
        -0.00341796875,
        0.021484375,
        -0.00244140625,
        0.01123046875,
        0.1005859375,
        0.00244140625
      ],
      [
        0.004150390625,
        0.0146484375,
        0.005859375,
        -0.00634765625,
        0.001953125,
        0.0068359375,
        0.00244140625,
        0.0673828125
      ]
    ],
    "noiseless_rho": [
      [
        0.13577248113245496,
        -4.999569535168985e-17,
        -2.4654878956028948e-17,
        0.011641646069302309,
        -1.192631745384679e-17,
        -0.0008660529543296877,
        -0.0028502185308420815,
        -8.763811430195026e-18
      ],
      [
        -4.999569535168985e-17,
        0.19962372886141763,
        0.031744329257076265,
        -3.416879262013301e-17,
        0.006978399842738658,
        7.36704393415919e-18,
        -2.2482120742563e-17,
        0.002000223034329122
      ],
      [
        -2.4654878956028948e-17,
        0.031744329257076265,
        0.15362174393626202,
        -7.257258386633356e-18,
        -0.015809422732367233,
        -1.2111735819631996e-18,
        1.6550432971094416e-17,
        0.007257047969494045
      ],
      [
        0.011641646069302309,
        -3.416879262013301e-17,
        -7.257258386633356e-18,
        0.0998327922521769,
        -2.01419337011931e-18,
        0.018026392432289776,
        0.012426205172789306,
        1.0178567966361645e-17
      ],
      [
        -1.192631745384679e-17,
        0.006978399842738658,
        -0.015809422732367233,
        -2.01419337011931e-18,
        0.12369375871788779,
        1.0782635009918835e-17,
        2.8518231119812087e-18,
        0.01066934569848392
      ],
      [
        -0.0008660529543296877,
        7.36704393415919e-18,
        -1.2111735819631996e-18,
        0.018026392432289776,
        1.0782635009918835e-17,
        0.10437010489166795,
        -0.000492435356350511,
        2.517433371243215e-17
      ],
      [
        -0.0028502185308420815,
        -2.2482120742563e-17,
        1.6550432971094416e-17,
        0.012426205172789306,
        2.8518231119812087e-18,
        -0.000492435356350511,
        0.11484497455965753,
        -6.544798099571219e-18
      ],
      [
        -8.763811430195026e-18,
        0.002000223034329122,
        0.007257047969494045,
        1.0178567966361645e-17,
        0.01066934569848392,
        2.517433371243215e-17,
        -6.544798099571219e-18,
        0.06824041564847472
      ]
    ],
    "sigma": [
      0.15201822916666666,
      0.1062282986111111,
      0.22005208333333334,
      0.13639322916666666,
      0.15426070601851852,
      0.1044921875,
      0.06767216435185185,
      0.05888310185185185
    ],
    "noiseless_sigma": [
      0.14251041405219447,
      0.15307185144279134,
      0.22318450060378256,
      0.06612588646984931,
      0.10792916473467862,
      0.11385389885619202,
      0.1323301534577215,
      0.060994130382789655
    ],
    "eigenvalues": [
      0.05888310185185185,
      0.06767216435185185,
      0.1044921875,
      0.1062282986111111,
      0.13639322916666666,
      0.15201822916666666,
      0.15426070601851852,
      0.22005208333333334
    ],
    "noiseless_eigenvalues": [
      0.060994130382789655,
      0.06612588646984931,
      0.10792916473467862,
      0.11385389885619202,
      0.1323301534577215,
      0.14251041405219447,
      0.15307185144279134,
      0.22318450060378256
    ],
    "hamiltonian_eigenvalues": [
      -2.9408706057258787,
      -1.1647696384588588,
      -1.0915515138555438,
      -0.5492598251217462,
      0.7004980051769394,
      0.7828891588388629,
      2.9550760297995904,
      3.6506799283576097
    ],
    "noiseless_hamiltonian_eigenvalues": [
      -3.011543233721393,
      -1.1260864440876919,
      -0.7686246924704143,
      -0.3980491141563558,
      0.353870510680645,
      0.6210750487960173,
      3.0706492177625115,
      3.4745625165088025
    ]
  },