{
  "n": 3,
  "J": 1.0,
  "h": 0.5,
  "beta": 0.8,
  "calculated_result": {
    "n": 3,
    "J": 1.0,
    "h": 0.5,
    "beta": 0.8,
    "params": [
      2.2898235533360154,
      2.548710612093521,
      4.62976273921973,
      1.8227920920330798,
      1.8864917934210352,
      2.9510257747192177,
      0.6529058537924496,
      2.346369539175974,
      3.9686137435028987,
      4.218451562268532,
      4.470852563248235,
      2.3997412289830917,
      2.4117898437393563,
      5.625432560855708,
      2.3169226496102246,
      3.6958281702048157,
      3.1422842151788166,
      3.1455111767716675,
      4.8161046762624915,
      2.0033312128732894,
      3.8939415555336403,
      1.6792743799225496,
      3.7106158342809508,
      2.9453669902443376
    ],
    "cost": -3.523431319174808,
    "energy": -1.73828125,
    "entropy": 1.428120055339846,
    "rho": [
      [
        0.2978515625,
        0.001953125,
        -0.0029296875,
        0.056884765625,
        -0.0009765625,
        0.09326171875,
        0.1435546875,
        -0.011474609375
      ],
      [
        0.001953125,
        0.125,
        0.073974609375,
        0.0029296875,
        0.12744140625,
        0.0048828125,
        0.006591796875,
        0.0634765625
      ],
      [
        -0.0029296875,
        0.073974609375,
        0.1171875,
        -0.00244140625,
        0.10986328125,
        0.005615234375,
        -0.00048828125,
        0.0283203125
      ],
      [
        0.056884765625,
        0.0029296875,
        -0.00244140625,
        0.0546875,
        0.004150390625,
        0.01904296875,
        0.0517578125,
        0.00048828125
      ],
      [
        -0.0009765625,
        0.12744140625,
        0.10986328125,
        0.004150390625,
        0.1826171875,
        -0.00390625,
        0.00634765625,
        0.071044921875
      ],
      [
        0.09326171875,
        0.0048828125,
        0.005615234375,
        0.01904296875,
        -0.00390625,
        0.060546875,
        0.045166015625,
        0.00146484375
      ],
      [
        0.1435546875,
        0.006591796875,
        -0.00048828125,
        0.0517578125,
        0.00634765625,
        0.045166015625,
        0.1064453125,
        0.00634765625
      ],
      [
        -0.011474609375,
        0.0634765625,
        0.0283203125,
        0.00048828125,
        0.071044921875,
        0.00146484375,
        0.00634765625,
        0.0556640625
      ]
    ],
    "noiseless_rho": [
      [
        0.2937228991976756,
        1.789034004506409e-17,
        2.482317987824591e-17,
        0.13957276991684217,
        -6.499855053510093e-17,
        0.09830362450156908,
        0.05848806173564457,
        -6.645173102263887e-17
      ],
      [
        1.789034004506409e-17,
        0.19174839562305765,
        0.10542525369346929,
        -4.883451118785773e-17,
        0.11320856220431694,
        -8.557275974311965e-19,
        6.588972133849791e-18,
        0.06884798237788166
      ],
      [
        2.482317987824591e-17,
        0.10542525369346929,
        0.11752902464339561,
        -2.1156935982020075e-17,
        0.06578698594128564,
        -1.3335781884678714e-17,
        1.1302659403608551e-18,
        0.024693210272993475
      ],
      [
        0.13957276991684217,
        -4.883451118785773e-17,
        -2.1156935982020075e-17,
        0.10826609010296691,
        -8.925009201596744e-17,
        0.050346919263501176,
        0.0569082848495973,
        -5.3942502332324004e-17
      ],
      [
        -6.499855053510093e-17,
        0.11320856220431694,
        0.06578698594128564,
        -8.925009201596744e-17,
        0.11300666559591221,
        -3.262399594406312e-17,
        -2.4805638649415276e-17,
        0.05949184460390667
      ],
      [
        0.09830362450156908,
        -8.557275974311965e-19,
        -1.3335781884678714e-17,
        0.050346919263501176,
        -3.262399594406312e-17,
        0.06964153006147328,
        0.008672617654974242,
        -2.8133555044556474e-17
      ],
      [
        0.05848806173564457,
        6.588972133849791e-18,
        1.1302659403608551e-18,
        0.0569082848495973,
        -2.4805638649415276e-17,
        0.008672617654974242,
        0.051857791530804484,
        1.9889193795518436e-18
      ],
      [
        -6.645173102263887e-17,
        0.06884798237788166,
        0.024693210272993475,
        -5.3942502332324004e-17,
        0.05949184460390667,
        -2.8133555044556474e-17,
        1.9889193795518436e-18,
        0.054227603244713894
      ]
    ],
    "sigma": [
      0.41869212962962965,
      0.03106915509259259,
      0.36823640046296297,
      0.03052662037037037,
      0.06257233796296297,
      0.06575520833333333,
      0.008969907407407407,
      0.014178240740740741
    ],
    "noiseless_sigma": [
      0.42115022202295826,
      0.06537794621864809,
      0.3677291852915048,
      0.008124871249733285,
      0.03026072334363659,
      0.0627633166755645,
      0.031449900944664246,
      0.013143834253289891
    ],
    "eigenvalues": [
      0.008969907407407407,
      0.014178240740740741,
      0.03052662037037037,
      0.03106915509259259,
      0.06257233796296297,
      0.06575520833333333,
      0.36823640046296297,
      0.41869212962962965
    ],
    "noiseless_eigenvalues": [
      0.008124871249733285,
      0.013143834253289891,
      0.03026072334363659,
      0.031449900944664246,
      0.0627633166755645,
      0.06537794621864809,
      0.3677291852915048,
      0.42115022202295826
    ],
    "hamiltonian_eigenvalues": [
      -2.4351570650592302,
      -2.274643626054075,
      -0.12116082309186016,
      -0.05914133903486096,
      0.8159933678496003,
      0.838013902084974,
      1.7966272205918425,
      2.368918587623692
    ],
    "noiseless_hamiltonian_eigenvalues": [
      -2.4424742103769477,
      -2.2729206675979303,
      -0.11396845521171306,
      -0.06295068723980535,
      0.8007679876425264,
      0.8489495141046159,
      1.891321816316287,
      2.492600427173393
    ]
  },