{
  "n": 3,
  "J": 1.0,
  "h": 0.5,
  "beta": 1.0,
  "calculated_result": {
    "n": 3,
    "J": 1.0,
    "h": 0.5,
    "beta": 1.0,
    "params": [
      2.509436100175135,
      2.3881966317292416,
      3.9414612509955727,
      1.457076077381387,
      2.1027343348832974,
      3.9167307042914565,
      0.4467251262216941,
      2.2262242266737293,
      3.8740903421370443,
      4.4436183856695015,
      3.915110801197321,
      2.504075686286833,
      2.27114712564442,
      5.646453424508849,
      2.391995195293535,
      3.630957346384475,
      3.1198764230190625,
      3.0654195513471785,
      4.788565630834053,
      2.2141640696859817,
      3.882996715600125,
      1.7900207162156905,
      3.6525403970174684,
      2.857073047460524
    ],
    "cost": -3.1057778290699236,
    "energy": -2.0703125,
    "entropy": 1.0354653290699234,
    "rho": [
      [
        0.3017578125,
        0.0048828125,
        -0.00537109375,
        0.089111328125,
        0.0029296875,
        0.16064453125,
        0.15576171875,
        0.005126953125
      ],
      [
        0.0048828125,
        0.1298828125,
        0.095458984375,
        0.0029296875,
        0.14501953125,
        0.0,
        0.003173828125,
        0.0537109375
      ],
      [
        -0.00537109375,
        0.095458984375,
        0.111328125,
        0.00634765625,
        0.11669921875,
        -0.004638671875,
        0.013671875,
        0.03759765625
      ],
      [
        0.089111328125,
        0.0029296875,
        0.00634765625,
        0.04296875,
        -0.001708984375,
        0.0517578125,
        0.05322265625,
        -0.0009765625
      ],
      [
        0.0029296875,
        0.14501953125,
        0.11669921875,
        -0.001708984375,
        0.2041015625,
        -0.0126953125,
        0.00439453125,
        0.065673828125
      ],
      [
        0.16064453125,
        0.0,
        -0.004638671875,
        0.0517578125,
        -0.0126953125,
        0.1005859375,
        0.093505859375,
        0.00390625
      ],
      [
        0.15576171875,
        0.003173828125,
        0.013671875,
        0.05322265625,
        0.00439453125,
        0.093505859375,
        0.08203125,
        -0.00439453125
      ],
      [
        0.005126953125,
        0.0537109375,
        0.03759765625,
        -0.0009765625,
        0.065673828125,
        0.00390625,
        -0.00439453125,
        0.02734375
      ]
    ],
    "noiseless_rho": [
      [
        0.30394636409458065,
        5.065653922952709e-17,
        -7.285495095068272e-17,
        0.15674580007279185,
        -1.3330363347297689e-18,
        0.16225307859818475,
        0.09410363219434795,
        -4.6775647498266133e-17
      ],
      [
        5.065653922952709e-17,
        0.20939756649836208,
        0.13058150079599662,
        -7.347729684486347e-17,
        0.1376407414999754,
        5.228040067482437e-19,
        -1.023639815542954e-16,
        0.0683057819789022
      ],
      [
        -7.285495095068272e-17,
        0.13058150079599662,
        0.10206487263227357,
        -1.0257017392745607e-16,
        0.0969950652565371,
        -6.613728899856034e-17,
        -1.0729177584227078e-16,
        0.03743205788866457
      ],
      [
        0.15674580007279185,
        -7.347729684486347e-17,
        -1.0257017392745607e-16,
        0.09599247517444903,
        -7.273954667288833e-17,
        0.08551581730210146,
        0.047464688945988556,
        -5.903379131747173e-17
      ],
      [
        -1.3330363347297689e-18,
        0.1376407414999754,
        0.0969950652565371,
        -7.273954667288833e-17,
        0.11728435460338338,
        -2.4944865759909187e-17,
        -8.805563427899576e-17,
        0.05319861362196851
      ],
      [
        0.16225307859818475,
        5.228040067482437e-19,
        -6.613728899856034e-17,
        0.08551581730210146,
        -2.4944865759909187e-17,
        0.09905268583761744,
        0.05264059141948515,
        -3.3111175313615635e-17
      ],
      [
        0.09410363219434795,
        -1.023639815542954e-16,
        -1.0729177584227078e-16,
        0.047464688945988556,
        -8.805563427899576e-17,
        0.05264059141948515,
        0.04250572389330913,
        -5.3802189022003925e-17
      ],
      [
        -4.6775647498266133e-17,
        0.0683057819789022,
        0.03743205788866457,
        -5.903379131747173e-17,
        0.05319861362196851,
        -3.3111175313615635e-17,
        -5.3802189022003925e-17,
        0.02975595726602448
      ]
    ],
    "sigma": [
      0.5092954282407407,
      0.018699363425925927,
      0.4164134837962963,
      0.00806568287037037,
      0.019097222222222224,
      0.011320891203703705,
      0.01710792824074074,
      0.0
    ],
    "noiseless_sigma": [
      0.5072987037919948,
      0.018970168230158815,
      0.42074727519736427,
      0.015194414256959885,
      0.01876904245960392,
      0.009614843687497569,
      0.009389287263503927,
      1.626511291652318e-05
    ],
    "eigenvalues": [
      0.0,
      0.00806568287037037,
      0.011320891203703705,
      0.01710792824074074,
      0.018699363425925927,
      0.019097222222222224,
      0.4164134837962963,
      0.5092954282407407
    ],
    "noiseless_eigenvalues": [
      1.626511291652318e-05,
      0.009389287263503927,
      0.009614843687497569,
      0.015194414256959885,
      0.01876904245960392,
      0.018970168230158815,
      0.42074727519736427,
      0.5072987037919948
    ],
    "hamiltonian_eigenvalues": [
      -2.431050807383453,
      -2.229701268139806,
      0.8524345588275972,
      0.8734879680254295,
      0.962435454041926,
      1.3753276519937057,
      1.7143590710737397,
      Infinity
    ],
    "noiseless_hamiltonian_eigenvalues": [
      -2.4271225395457825,
      -2.2400549070768037,
      0.8591097977832733,
      0.869768615020833,
      1.0810495726931864,
      1.5386693281541586,
      1.5624080633530788,
      7.920710226692293
    ]
  },