{
  "n": 3,
  "J": 1.0,
  "h": 0.5,
  "beta": 1.2,
  "calculated_result": {
    "n": 3,
    "J": 1.0,
    "h": 0.5,
    "beta": 1.2,
    "params": [
      2.4041940648572315,
      2.092174116899669,
      4.103083543658266,
      1.4614550603354817,
      2.1073842764922457,
      3.745359966868586,
      0.6340684634340858,
      1.9952783803122607,
      3.883343706432363,
      4.273592173224422,
      3.842179945909797,
      2.3815606433081773,
      2.256566188935562,
      5.388575371510155,
      2.8456644721941373,
      3.537651728987158,
      3.103465162498372,
      3.059094534353404,
      4.6861825529764,
      2.473003325215576,
      3.9314633498615157,
      1.749179378342732,
      3.5292077953201137,
      2.491766583122119
    ],
    "cost": -2.98506013455445,
    "energy": -2.2099609375,
    "entropy": 0.9301190364653398,
    "rho": [
      [
        0.2880859375,
        0.01708984375,
        -0.00146484375,
        0.097900390625,
        -0.001953125,
        0.1396484375,
        0.142578125,
        -0.0078125
      ],
      [
        0.01708984375,
        0.171875,
        0.140380859375,
        0.001953125,
        0.1767578125,
        -0.00732421875,
        0.005859375,
        0.083984375
      ],
      [
        -0.00146484375,
        0.140380859375,
        0.1123046875,
        0.009765625,
        0.138671875,
        0.005859375,
        -0.0068359375,
        0.06494140625
      ],
      [
        0.097900390625,
        0.001953125,
        0.009765625,
        0.046875,
        0.0068359375,
        0.041015625,
        0.06103515625,
        0.00146484375
      ],
      [
        -0.001953125,
        0.1767578125,
        0.138671875,
        0.0068359375,
        0.1904296875,
        -0.00927734375,
        -0.00244140625,
        0.086181640625
      ],
      [
        0.1396484375,
        -0.00732421875,
        0.005859375,
        0.041015625,
        -0.00927734375,
        0.0810546875,
        0.061279296875,
        0.005859375
      ],
      [
        0.142578125,
        0.005859375,
        -0.0068359375,
        0.06103515625,
        -0.00244140625,
        0.061279296875,
        0.0712890625,
        0.0078125
      ],
      [
        -0.0078125,
        0.083984375,
        0.06494140625,
        0.00146484375,
        0.086181640625,
        0.005859375,
        0.0078125,
        0.0380859375
      ]
    ],
    "noiseless_rho": [
      [
        0.2768572993985915,
        1.190217812724715e-16,
        5.693897338003122e-17,
        0.13312044186093114,
        7.494794476624177e-17,
        0.14956376252174416,
        0.10655090680863596,
        1.0449221305160093e-17
      ],
      [
        1.190217812724715e-16,
        0.17357029952234196,
        0.1367416542055462,
        3.444884510266967e-17,
        0.16874710985595875,
        4.349697678660747e-18,
        -4.763408872237789e-19,
        0.07881662386769567
      ],
      [
        5.693897338003122e-17,
        0.1367416542055462,
        0.12147624076691683,
        1.0838560602919074e-17,
        0.13392075487328534,
        -2.0512310990280384e-17,
        -1.030155765334306e-17,
        0.055403003301491956
      ],
      [
        0.13312044186093114,
        3.444884510266967e-17,
        1.0838560602919074e-17,
        0.07660054864904776,
        1.2166370624190697e-17,
        0.06783328970390122,
        0.05585140309434877,
        -6.376030952795772e-18
      ],
      [
        7.494794476624177e-17,
        0.16874710985595875,
        0.13392075487328534,
        1.2166370624190697e-17,
        0.1717316174744472,
        -1.6445113131218707e-17,
        -1.9167670280503678e-17,
        0.07990139177888296
      ],
      [
        0.14956376252174416,
        4.349697678660747e-18,
        -2.0512310990280384e-17,
        0.06783328970390122,
        -1.6445113131218707e-17,
        0.08426312513409588,
        0.05496024840113475,
        -1.8713775062705205e-17
      ],
      [
        0.10655090680863596,
        -4.763408872237789e-19,
        -1.030155765334306e-17,
        0.05585140309434877,
        -1.9167670280503678e-17,
        0.05496024840113475,
        0.054186877260792375,
        -2.1993705237983594e-17
      ],
      [
        1.0449221305160093e-17,
        0.07881662386769567,
        0.055403003301491956,
        -6.376030952795772e-18,
        0.07990139177888296,
        -1.8713775062705205e-17,
        -2.1993705237983594e-17,
        0.041313991793765846
      ]
    ],
    "sigma": [
      0.47468171296296297,
      0.004340277777777778,
      0.4758029513888889,
      0.0008680555555555555,
      0.017288773148148147,
      0.018952546296296297,
      0.007776331018518518,
      0.00028935185185185184
    ],
    "noiseless_sigma": [
      0.46559560713776976,
      0.01694006387646543,
      0.4873422252105194,
      0.008216790302066738,
      0.003566350057071467,
      0.016873349916586337,
      0.0012221030861046223,
      0.00024351041341556253
    ],
    "eigenvalues": [
      0.00028935185185185184,
      0.0008680555555555555,
      0.004340277777777778,
      0.007776331018518518,
      0.017288773148148147,
      0.018952546296296297,
      0.47468171296296297,
      0.4758029513888889
    ],
    "noiseless_eigenvalues": [
      0.00024351041341556253,
      0.0012221030861046223,
      0.003566350057071467,
      0.008216790302066738,
      0.016873349916586337,
      0.01694006387646543,
      0.46559560713776976,
      0.4873422252105194
    ],
    "hamiltonian_eigenvalues": [
      -2.3661005694466257,
      -2.364134486618792,
      0.31978735484783316,
      0.39635481470582246,
      1.0621654016756503,
      1.5481206394636642,
      2.8893188998254145,
      3.8048291403821723
    ],
    "noiseless_hamiltonian_eigenvalues": [
      -2.386069566620316,
      -2.348028620011969,
      0.41333471462694504,
      0.4166230568833793,
      1.0162528824206145,
      1.7117836980855285,
      2.604258251509127,
      3.948565574436432
    ]
  },