{
  "n": 3,
  "J": 1.0,
  "h": 0.5,
  "beta": 2.0,
  "calculated_result": {
    "n": 3,
    "J": 1.0,
    "h": 0.5,
    "beta": 2.0,
    "params": [
      2.167174887457321,
      2.3003908939961493,
      4.537418480541653,
      1.5650547553642178,
      1.9527724700325066,
      3.9267259649523574,
      0.8011128049588471,
      1.8134607164699525,
      4.002083126387781,
      4.634499895115215,
      3.82947586656029,
      2.196093183547306,
      2.268406204589771,
      5.359349261677556,
      2.919047995108038,
      3.4247374708415528,
      3.0804509657647423,
      3.104057735566168,
      4.626423850458691,
      2.5807005567853603,
      3.87699457875087,
      1.5437991165401224,
      3.8612074852927454,
      2.846030314610771
    ],
    "cost": -2.7598782234312114,
    "energy": -2.3935546875,
    "entropy": 0.7326470718624228,
    "rho": [
      [
        0.427734375,
        0.00146484375,
        0.00830078125,
        0.137451171875,
        0.00439453125,
        0.15185546875,
        0.23095703125,
        0.01318359375
      ],
      [
        0.00146484375,
        0.0615234375,
        0.099853515625,
        0.00048828125,
        0.1240234375,
        0.00048828125,
        0.00927734375,
        0.03173828125
      ],
      [
        0.00830078125,
        0.099853515625,
        0.1328125,
        0.0166015625,
        0.15625,
        0.00439453125,
        0.0029296875,
        0.04833984375
      ],
      [
        0.137451171875,
        0.00048828125,
        0.0166015625,
        0.0283203125,
        0.00732421875,
        0.03515625,
        0.0693359375,
        -0.00390625
      ],
      [
        0.00439453125,
        0.1240234375,
        0.15625,
        0.00732421875,
        0.1708984375,
        0.0009765625,
        0.0048828125,
        0.057861328125
      ],
      [
        0.15185546875,
        0.00048828125,
        0.00439453125,
        0.03515625,
        0.0009765625,
        0.033203125,
        0.070068359375,
        -0.0009765625
      ],
      [
        0.23095703125,
        0.00927734375,
        0.0029296875,
        0.0693359375,
        0.0048828125,
        0.070068359375,
        0.123046875,
        0.00244140625
      ],
      [
        0.01318359375,
        0.03173828125,
        0.04833984375,
        -0.00390625,
        0.057861328125,
        -0.0009765625,
        0.00244140625,
        0.0224609375
      ]
    ],
    "noiseless_rho": [
      [
        0.3963862357420292,
        9.076614761586807e-17,
        1.5141634769261347e-18,
        0.21486161772063037,
        -5.569244250255684e-17,
        0.13807818067885302,
        0.11417562005564048,
        -4.3756185063474193e-17
      ],
      [
        9.076614761586807e-17,
        0.18492954688326205,
        0.15071475656169245,
        1.8520382627600293e-17,
        0.11273840456776427,
        -2.1478153314508246e-17,
        -4.129321999395512e-17,
        0.06166875215934606
      ],
      [
        1.5141634769261347e-18,
        0.15071475656169245,
        0.12563915224843344,
        -2.3610780603831332e-17,
        0.09418932523941557,
        -4.479093947265597e-17,
        -5.759557125767854e-17,
        0.051039656726470414
      ],
      [
        0.21486161772063037,
        1.8520382627600293e-17,
        -2.3610780603831332e-17,
        0.11765417540031514,
        -4.674477823135383e-17,
        0.07581973470012068,
        0.06223581797971816,
        -3.383528418018392e-17
      ],
      [
        -5.569244250255684e-17,
        0.11273840456776427,
        0.09418932523941557,
        -4.674477823135383e-17,
        0.071482570684472,
        -5.310047786504782e-17,
        -5.832055221624878e-17,
        0.03793977732149393
      ],
      [
        0.13807818067885302,
        -2.1478153314508246e-17,
        -4.479093947265597e-17,
        0.07581973470012068,
        -5.310047786504782e-17,
        0.049279806362301504,
        0.03991032677150935,
        -3.305918794376266e-17
      ],
      [
        0.11417562005564048,
        -4.129321999395512e-17,
        -5.759557125767854e-17,
        0.06223581797971816,
        -5.832055221624878e-17,
        0.03991032677150935,
        0.03320180464827155,
        -3.486029228901987e-17
      ],
      [
        -4.3756185063474193e-17,
        0.06166875215934606,
        0.051039656726470414,
        -3.383528418018392e-17,
        0.03793977732149393,
        -3.305918794376266e-17,
        -3.486029228901987e-17,
        0.021426708030915568
      ]
    ],
    "sigma": [
      0.5898799189814815,
      0.0028211805555555555,
      0.40324797453703703,
      0.0018446180555555555,
      0.0001808449074074074,
      0.0005063657407407407,
      7.233796296296296e-05,
      0.0014467592592592592
    ],
    "noiseless_sigma": [
      0.5946062022879938,
      0.00022647028472152185,
      0.3998797250022765,
      1.4389118911697614e-05,
      0.0025009296208527484,
      0.0003529696297793613,
      0.0015484611162326256,
      0.0008708529392323392
    ],
    "eigenvalues": [
      7.233796296296296e-05,
      0.0001808449074074074,
      0.0005063657407407407,
      0.0014467592592592592,
      0.0018446180555555555,
      0.0028211805555555555,
      0.40324797453703703,
      0.5898799189814815
    ],
    "noiseless_eigenvalues": [
      1.4389118911697614e-05,
      0.00022647028472152185,
      0.0003529696297793613,
      0.0008708529392323392,
      0.0015484611162326256,
      0.0025009296208527484,
      0.3998797250022765,
      0.5946062022879938
    ],
    "hamiltonian_eigenvalues": [
      -2.495960078457779,
      -2.305776431013106,
      0.1754216990258839,
      0.38786329600851666,
      0.5093363853137114,
      1.0342474475630503,
      1.5490571561536295,
      2.0072025220907075
    ],
    "noiseless_hamiltonian_eigenvalues": [
      -2.4999502547078847,
      -2.301582491139205,
      0.2356681605114601,
      0.47536861130299224,
      0.763140494899659,
      1.2146860462445588,
      1.4365701840339091,
      2.8146409106425545
    ]
  },