{
  "n": 3,
  "J": 1.0,
  "h": 0.5,
  "beta": 5.0,
  "calculated_result": {
    "n": 3,
    "J": 1.0,
    "h": 0.5,
    "beta": 5.0,
    "params": [
      2.128701488748264,
      2.4133831193426367,
      4.650803432021493,
      1.5095911125482582,
      2.095172050166487,
      3.91503510465828,
      0.7896467075682789,
      1.6509603544875742,
      4.092132592165614,
      4.79978461138563,
      4.422856492491571,
      2.1186457612960337,
      2.2309825605365132,
      5.3652811026736575,
      2.83566338364754,
      3.3483456745807807,
      3.049481110362016,
      3.048643763169513,
      4.625912146783015,
      2.4371284449969672,
      3.8932560029752237,
      1.4439632742418147,
      3.80525096254674,
      2.839357684595037
    ],
    "cost": -2.50430898503152,
    "energy": -2.41015625,
    "entropy": 0.47076367515759865,
    "rho": [
      [
        0.6201171875,
        0.01171875,
        0.00341796875,
        0.16552734375,
        0.005859375,
        0.234375,
        0.275390625,
        0.005126953125
      ],
      [
        0.01171875,
        0.0400390625,
        0.03662109375,
        0.00341796875,
        0.04296875,
        0.00341796875,
        0.006103515625,
        0.01123046875
      ],
      [
        0.00341796875,
        0.03662109375,
        0.044921875,
        -0.00244140625,
        0.05615234375,
        0.007568359375,
        0.00244140625,
        0.01025390625
      ],
      [
        0.16552734375,
        0.00341796875,
        -0.00244140625,
        0.041015625,
        0.012451171875,
        0.064453125,
        0.06884765625,
        -0.0009765625
      ],
      [
        0.005859375,
        0.04296875,
        0.05615234375,
        0.012451171875,
        0.0654296875,
        0.00390625,
        0.001953125,
        0.0166015625
      ],
      [
        0.234375,
        0.00341796875,
        0.007568359375,
        0.064453125,
        0.00390625,
        0.072265625,
        0.09375,
        -0.005859375
      ],
      [
        0.275390625,
        0.006103515625,
        0.00244140625,
        0.06884765625,
        0.001953125,
        0.09375,
        0.1083984375,
        0.00732421875
      ],
      [
        0.005126953125,
        0.01123046875,
        0.01025390625,
        -0.0009765625,
        0.0166015625,
        -0.005859375,
        0.00732421875,
        0.0078125
      ]
    ],
    "noiseless_rho": [
      [
        0.6073757469455527,
        -3.6435478830902555e-17,
        -2.2692946952234144e-16,
        0.2673726791773948,
        -7.470395377666272e-17,
        0.22667152284848668,
        0.1590644685994937,
        -1.3027557059148064e-16
      ],
      [
        -3.6435478830902555e-17,
        0.06652486592398126,
        0.05235396818281051,
        -3.281514271620973e-17,
        0.04365286602191769,
        -3.7886845287873284e-17,
        -2.9922419814253045e-17,
        0.017077631659147264
      ],
      [
        -2.2692946952234144e-16,
        0.05235396818281051,
        0.04362576073696962,
        -1.1127474502326515e-16,
        0.03248667588243931,
        -1.041347383358077e-16,
        -7.48738173658532e-17,
        0.011727835605512653
      ],
      [
        0.2673726791773948,
        -3.281514271620973e-17,
        -1.1127474502326515e-16,
        0.11840980444130049,
        -4.520020759533861e-17,
        0.10022621803335416,
        0.0699233694692313,
        -6.307522610751248e-17
      ],
      [
        -7.470395377666272e-17,
        0.04365286602191769,
        0.03248667588243931,
        -4.520020759533861e-17,
        0.03100149052196496,
        -4.429060883007327e-17,
        -3.397164528423306e-17,
        0.012949882661766318
      ],
      [
        0.22667152284848668,
        -3.7886845287873284e-17,
        -1.041347383358077e-16,
        0.10022621803335416,
        -4.429060883007327e-17,
        0.08529495633686043,
        0.05962415553839557,
        -5.506705291252604e-17
      ],
      [
        0.1590644685994937,
        -2.9922419814253045e-17,
        -7.48738173658532e-17,
        0.0699233694692313,
        -3.397164528423306e-17,
        0.05962415553839557,
        0.04194085450714321,
        -4.038580376413027e-17
      ],
      [
        -1.3027557059148064e-16,
        0.017077631659147264,
        0.011727835605512653,
        -6.307522610751248e-17,
        0.012949882661766318,
        -5.506705291252604e-17,
        -4.038580376413027e-17,
        0.005826520586225905
      ]
    ],
    "sigma": [
      0.8487051504629629,
      0.0001808449074074074,
      0.1447120949074074,
      0.0005425347222222222,
      0.00535300925925926,
      0.0,
      0.0005063657407407407,
      0.0
    ],
    "noiseless_sigma": [
      0.8516505151318261,
      0.005595888199547303,
      0.14114818820276545,
      0.0005130737210337531,
      0.00020898165834050414,
      5.1247944092676895e-06,
      0.000852648583587805,
      2.5579708488471978e-05
    ],
    "eigenvalues": [
      0.0,
      0.0,
      0.0001808449074074074,
      0.0005063657407407407,
      0.0005425347222222222,
      0.00535300925925926,
      0.1447120949074074,
      0.8487051504629629
    ],
    "noiseless_eigenvalues": [
      5.1247944092676895e-06,
      2.5579708488471978e-05,
      0.00020898165834050414,
      0.0005130737210337531,
      0.000852648583587805,
      0.005595888199547303,
      0.14114818820276545,
      0.8516505151318261
    ],
    "hamiltonian_eigenvalues": [
      -2.471500296356467,
      -2.1177071724822105,
      -1.4582897054635866,
      -1.0004572909312055,
      -0.9866587166338152,
      -0.7807348331975834,
      Infinity,
      Infinity
    ],
    "noiseless_hamiltonian_eigenvalues": [
      -2.4721931790690324,
      -2.112719992964418,
      -1.4671643448284226,
      -1.090876370552516,
      -0.9892907815516467,
      -0.8096561712341468,
      -0.38956675344136826,
      -0.06802495522966323
    ]
  },