{
  "metrics": {
    "exact_purity": 0.3482450223805722,
    "calculated_fidelity": [
      0.9539023674467559,
      0.9568318922093755,
      0.952362717682515,
      0.950212700774313,
      0.9537710596585288,
      0.9457831914715502,
      0.9390670672379577,
      0.9505862823252558,
      0.943263568689815,
      0.947070899451119
    ],
    "calculated_trace_distance": [
      0.064903549128079,
      0.05947536265920702,
      0.061241142518660384,
      0.05264759203813534,
      0.04698711195149601,
      0.05905830114099989,
      0.07279918316226552,
      0.05625763384768617,
      0.0529764618371877,
      0.0710772365158169
    ],
    "calculated_relative_entropy": [
      0.046924447601911674,
      0.046141118963324415,
      0.04160634123473443,
      0.06624572420534591,
      0.049901958153165754,
      0.0883259083231413,
      0.08750378255661254,
      0.05790352743631762,
      0.05789606552108791,
      0.07162130583949858
    ],
    "calculated_purity": [
      0.38507512491196394,
      0.3646966298110783,
      0.4008003273047507,
      0.38383190520107746,
      0.39393002074211836,
      0.365029888227582,
      0.38353116577491164,
      0.3661315138451755,
      0.36765076080337167,
      0.3730552759952843
    ],
    "calculated_kullback_leibler_divergence": [
      0.015778083636820338,
      0.016311421050335582,
      Infinity,
      0.022213354887078478,
      Infinity,
      0.02215243141214907,
      0.027775481138029134,
      0.02209579301606515,
      Infinity,
      0.02627581051564667
    ],
    "noiseless_fidelity": [
      0.9534268243929099,
      0.9572893025542667,
      0.9428018826509271,
      0.95006183157512,
      0.946280767566908,
      0.9476581077162397,
      0.9426426668176171,
      0.9477478659946301,
      0.9379194939094557,
      0.9491753000251624
    ],
    "noiseless_trace_distance": [
      0.04764244674786271,
      0.02721992125418638,
      0.04217707922357567,
      0.034047286161531576,
      0.031775195507458984,
      0.04340005673790279,
      0.06571187518527977,
      0.035114943424703476,
      0.03690199259801104,
      0.05141789277132144
    ],
    "noiseless_relative_entropy": [
      0.16409778651331652,
      0.14871843907986892,
      0.24944832049576263,
      0.17583911588779025,
      0.24195609288300207,
      0.163999539611641,
      0.17958129607351286,
      0.16326523920726196,
      0.23049198570802198,
      0.17183190909935486
    ],
    "noiseless_purity": [
      0.3811479905593509,
      0.3623054831463467,
      0.3967899454214403,
      0.38043097989013386,
      0.3923773150099924,
      0.3629659909776992,
      0.37950093891946035,
      0.3652781945880246,
      0.36370912979025205,
      0.37225901249571913
    ],
    "noiseless_kullback_leibler_divergence": [
      0.01600863016893455,
      0.016109278961731203,
      0.05135306678582271,
      0.021733410499040193,
      0.0457584211834489,
      0.02204580943027063,
      0.02766862551462913,
      0.02180956333834848,
      0.03458579716466694,
      0.026348905659271567
    ]
  },
  "metadata": {
    "job_ids": [
      null
    ],
    "backends": [
      null
    ],
    "n": 5,
    "J": 1.0,
    "h": 0.5,
    "beta": 1.0,
    "ancilla_reps": 1,
    "system_reps": 4,
    "optimizer": "SPSA",
    "min_kwargs": {
      "maxiter": 500
    },
    "shots": 16384,
    "noise_model": null
  }
}
