{
  "metrics": {
    "exact_purity": 0.015625,
    "calculated_fidelity": [
      0.641241974557938,
      0.6282883827817408,
      0.6197713340644783,
      0.6226535501869336,
      0.6472664014754136,
      0.5339561878558938,
      0.43223976884396753,
      0.6313834062082017,
      0.6251015702348195,
      0.6152539931914134
    ],
    "calculated_trace_distance": [
      0.05816985656152072,
      0.06216877237517092,
      0.06106255428283555,
      0.06254956393597093,
      0.05920687684669575,
      0.1039062776546392,
      0.22186799315043293,
      0.060123616665384745,
      0.06427737102904409,
      0.06283619317337759
    ],
    "calculated_relative_entropy": [
      10.012038836097755,
      10.527562014876484,
      10.549992990535985,
      10.547989167827216,
      9.492715234400176,
      13.35030650431677,
      15.599261815247324,
      10.015295244299566,
      10.061573209361201,
      10.56908846712805
    ],
    "calculated_purity": [
      0.02940052085011323,
      0.030112453718580894,
      0.030569569939920292,
      0.03021558238888443,
      0.029126034057689106,
      0.03880704394068346,
      0.07768128114783318,
      0.02989160420393334,
      0.030229056982613002,
      0.030611755264965616
    ],
    "noiseless_fidelity": [
      0.9264196743468146,
      0.9719655484170399,
      0.9823443826737561,
      0.9756547182180326,
      0.9990088451452951,
      0.5502654227246795,
      0.3430237507249758,
      0.9990040973497022,
      0.9992885873266864,
      0.9937445601789056
    ],
    "noiseless_trace_distance": [
      0.014240725464956432,
      0.010873168745299493,
      0.00964997271415992,
      0.012718184009786046,
      0.0023850663037245814,
      0.14436644949430463,
      0.4169331756507024,
      0.00276310092025528,
      0.00239332417017446,
      0.005932039351624847
    ],
    "noiseless_relative_entropy": [
      0.175535220884245,
      0.05785486294181412,
      0.03553151372135092,
      0.05132301984117209,
      0.0019843935221748477,
      1.5192087887678367,
      2.435360137464448,
      0.0019978636506206935,
      0.0014197332234456572,
      0.012568912595193257
    ],
    "noiseless_purity": [
      0.019289571850927233,
      0.017326568757106864,
      0.0167644331009362,
      0.01704001378523638,
      0.015686957549640203,
      0.059343387402351705,
      0.2279548498124897,
      0.01568689799233533,
      0.015669863403253822,
      0.016018911075481996
    ]
  },
  "metadata": {
    "job_ids": [
      null
    ],
    "backends": [
      null
    ],
    "n": 6,
    "J": 1.0,
    "h": 0.5,
    "beta": 1e-10,
    "ancilla_reps": 1,
    "system_reps": 5,
    "optimizer": "SPSA",
    "min_kwargs": {
      "maxiter": 600
    },
    "shots": 1024,
    "noise_model": "ibmq_guadalupe"
  }
}
