{
  "metrics": {
    "exact_purity": 0.0640903898981818,
    "calculated_fidelity": [
      0.4885204652129651,
      0.46488795480582606,
      0.49087913783352494,
      0.4895352758365428,
      0.4912093762721469,
      0.5178894535297921,
      0.4877147590847357,
      0.4785206528934162,
      0.4951034585181776,
      0.47382035300235065
    ],
    "calculated_trace_distance": [
      0.15019229109729998,
      0.1626020003357891,
      0.1541819513288299,
      0.15063603340313494,
      0.15747506360858585,
      0.15312110417690566,
      0.15368056590502369,
      0.1627584813397001,
      0.15818025812407024,
      0.15249427686500253
    ],
    "calculated_relative_entropy": [
      10.292148678342702,
      11.375848418459968,
      9.374653522785916,
      10.222839073889652,
      10.03541668013396,
      9.220658451818176,
      10.6450733287774,
      10.84260158235303,
      9.762322370675857,
      10.683859210130139
    ],
    "calculated_purity": [
      0.02936956444324421,
      0.030536328310852835,
      0.02929823767907662,
      0.029631291164727055,
      0.03029298751038553,
      0.029848289383545702,
      0.02935015936687555,
      0.029973715107965346,
      0.030720886231988636,
      0.030267754142052242
    ],
    "noiseless_fidelity": [
      0.6591423458430565,
      0.5951237787174689,
      0.6711686857802691,
      0.6682177470133998,
      0.678270798819754,
      0.7175828615467266,
      0.6634945760057414,
      0.6597881063413761,
      0.5709925484587547,
      0.643330429703148
    ],
    "noiseless_trace_distance": [
      0.12901302026489,
      0.12791359751265663,
      0.13017075910201367,
      0.12549346128969768,
      0.12335086038722029,
      0.12124347333634156,
      0.13075733828802302,
      0.13103571883047568,
      0.12929720957977822,
      0.12893496553952868
    ],
    "noiseless_relative_entropy": [
      0.7952960717910973,
      1.0704794747001953,
      0.7594615156548544,
      0.7636774569926938,
      0.7443847290179255,
      0.6372609890383143,
      0.7885684152632169,
      0.7946367076588848,
      1.373081589413184,
      0.8441910819671259
    ],
    "noiseless_purity": [
      0.016209207607284448,
      0.022231233448618718,
      0.016586859440624116,
      0.016298249126059462,
      0.017317856270306763,
      0.018409614373480272,
      0.016901188655564614,
      0.016436907615308534,
      0.02468510543108813,
      0.01617489163213632
    ]
  },
  "metadata": {
    "job_ids": [
      null
    ],
    "backends": [
      null
    ],
    "n": 6,
    "J": 1.0,
    "h": 0.5,
    "beta": 0.5,
    "ancilla_reps": 1,
    "system_reps": 5,
    "optimizer": "SPSA",
    "min_kwargs": {
      "maxiter": 600
    },
    "shots": 1024,
    "noise_model": "ibmq_guadalupe"
  }
}
