{
  "metrics": {
    "exact_purity": 0.4993738867891832,
    "calculated_fidelity": [
      0.23895656640719823,
      0.04335277007787875,
      0.18688449266148727,
      0.05151921595621317,
      0.2823045069362808,
      0.19733341915372735,
      0.26899862809471264,
      0.06983586457729057,
      0.22885999954452813,
      0.03861277005271744
    ],
    "calculated_trace_distance": [
      0.37381886080326465,
      0.5359062626758481,
      0.4761531847723146,
      0.5347742783824575,
      0.4657164968926221,
      0.4928277827446535,
      0.47683804961598336,
      0.5410068836450889,
      0.4573958694703829,
      0.531840861286448
    ],
    "calculated_relative_entropy": [
      5.75365393216404,
      13.423071715392744,
      4.030277838562025,
      9.220356107205015,
      6.051031622035756,
      7.8095517020538825,
      3.634855122411497,
      7.025746964926321,
      4.305148859729464,
      14.473448055830184
    ],
    "calculated_purity": [
      0.11914550162982512,
      0.03166405584825019,
      0.05773354884702752,
      0.03243465147585714,
      0.09665288078778174,
      0.08307711646339018,
      0.07594826626410137,
      0.03578267201807864,
      0.07200844658559866,
      0.032700881006929805
    ],
    "noiseless_fidelity": [
      0.38018979193303,
      0.04878412446188087,
      0.3231085422576645,
      0.06741100248299922,
      0.5221733903299615,
      0.28870288511593417,
      0.45969426458982887,
      0.09273461034238838,
      0.44778608700837325,
      0.04290337443613141
    ],
    "noiseless_trace_distance": [
      0.3977600957832826,
      0.5062938480914262,
      0.3863425953259732,
      0.510314982444818,
      0.3893745776133682,
      0.45359527502164665,
      0.4294125123077016,
      0.5329466898269313,
      0.355795746381171,
      0.5153431198615561
    ],
    "noiseless_relative_entropy": [
      2.606057124576756,
      3.705020344604284,
      1.664630722375366,
      3.435380101945012,
      2.5009217243218713,
      2.9475783495241146,
      1.7690300243299935,
      2.9028516739368078,
      1.6992374087289828,
      4.887310474494074
    ],
    "noiseless_purity": [
      0.48020908389501965,
      0.026317098329129467,
      0.1292417785657057,
      0.035254689319789624,
      0.31537278517995015,
      0.18531234236528238,
      0.1979245155480515,
      0.04727880141696422,
      0.22821908705383667,
      0.04266594385267989
    ]
  },
  "metadata": {
    "job_ids": [
      null
    ],
    "backends": [
      null
    ],
    "n": 6,
    "J": 1.0,
    "h": 0.5,
    "beta": 3.0,
    "ancilla_reps": 1,
    "system_reps": 5,
    "optimizer": "SPSA",
    "min_kwargs": {
      "maxiter": 600
    },
    "shots": 1024,
    "noise_model": "ibmq_guadalupe"
  }
}
