{
  "metrics": {
    "exact_purity": 0.5001450799953153,
    "calculated_fidelity": [
      0.11650239874350805,
      0.4556518268131935,
      0.22491797600696223,
      0.12959869687485884,
      0.03762148980207929,
      0.13662537663157615,
      0.08358501217988372,
      0.11619387121081172,
      0.2811019066844221,
      0.11657128021330673
    ],
    "calculated_trace_distance": [
      0.5292247992966564,
      0.31952645009457464,
      0.4973887141811434,
      0.5195199435817921,
      0.5317084877635508,
      0.5126983126703454,
      0.4892083390117304,
      0.44828197164596745,
      0.3632606354314211,
      0.5252940427578492
    ],
    "calculated_relative_entropy": [
      6.652219793109796,
      1.9526901390190132,
      4.444114635133588,
      4.779847361430512,
      11.612285372165612,
      8.70954557066826,
      9.641901438403142,
      8.99701833230979,
      5.662239359447755,
      8.97875061098629
    ],
    "calculated_purity": [
      0.06438893076834261,
      0.13601526661205715,
      0.08715185184409363,
      0.064927473300016,
      0.03161984675374589,
      0.07351676001790813,
      0.048830806575543416,
      0.07033629408702907,
      0.13730201033246353,
      0.05494681260833307
    ],
    "noiseless_fidelity": [
      0.20461071088682004,
      0.7840149127672514,
      0.4347333421630778,
      0.2059189471229932,
      0.04362656956783649,
      0.23166554886922971,
      0.14590308380554767,
      0.17182658083463057,
      0.48721834911721135,
      0.21142533669229188
    ],
    "noiseless_trace_distance": [
      0.5132080362988178,
      0.19788132517564042,
      0.43090167274206626,
      0.5009015381108882,
      0.5059328456465679,
      0.4678923108873358,
      0.4404461433114285,
      0.4570966217422148,
      0.3816395725617051,
      0.48247457172401437
    ],
    "noiseless_relative_entropy": [
      3.098426816347983,
      0.5890688067555961,
      2.0522985054667053,
      2.53784373425467,
      3.4016317983826245,
      4.4194739628396205,
      3.091998394224057,
      3.6688356743233683,
      3.123997936022485,
      3.8712861676581434
    ],
    "noiseless_purity": [
      0.16376158081775544,
      0.37081829853651577,
      0.3176364566498453,
      0.19429974199946148,
      0.03107988446925376,
      0.24071902425016672,
      0.10006396222605735,
      0.18594592941621005,
      0.5732849134128077,
      0.14006230251695373
    ]
  },
  "metadata": {
    "job_ids": [
      null
    ],
    "backends": [
      null
    ],
    "n": 6,
    "J": 1.0,
    "h": 0.5,
    "beta": 5.0,
    "ancilla_reps": 1,
    "system_reps": 5,
    "optimizer": "SPSA",
    "min_kwargs": {
      "maxiter": 600
    },
    "shots": 1024,
    "noise_model": "ibmq_guadalupe"
  }
}
