{
  "metrics": {
    "exact_purity": 0.125,
    "calculated_fidelity": [
      0.5334073265435691,
      0.9098676673408121,
      0.9878851083401301,
      0.9891136072814641,
      0.9894163516320739,
      0.5364331580469768,
      0.9893326062373577,
      0.9412222195719107,
      0.9887170987400795,
      0.7454699608337185
    ],
    "calculated_trace_distance": [
      0.36036374957400674,
      0.09936145374577955,
      0.04254382066100374,
      0.04048021671502811,
      0.03986979306482291,
      0.25988224898369416,
      0.04038150044997792,
      0.09536282334170541,
      0.039397385394563354,
      0.22804829452893657
    ],
    "calculated_relative_entropy": [
      5.248997696119082,
      0.23771142285426788,
      0.024527674783557142,
      0.022332910591007546,
      0.021407087152851972,
      9.555018463058733,
      0.021435688633616994,
      0.11933784339583264,
      0.023107828551138562,
      0.9009672324591455
    ],
    "calculated_purity": [
      0.4880521076450443,
      0.1575784683227547,
      0.13107372801980915,
      0.13020294095263144,
      0.13029026690824602,
      0.36956774131051195,
      0.13043232906011956,
      0.15789179154384342,
      0.13041963695008146,
      0.25872643788655647
    ],
    "noiseless_fidelity": [
      0.412632728834931,
      0.8685889945962154,
      0.9999081106281851,
      0.9998067003460027,
      0.9987264565269286,
      0.472315935064082,
      0.9992454605079316,
      0.9321962046563232,
      0.9997197738867197,
      0.7278175235315189
    ],
    "noiseless_trace_distance": [
      0.3962043407034128,
      0.08488799109041564,
      0.0026828191587382174,
      0.004862128262486626,
      0.011555685733746887,
      0.27972376966761564,
      0.006735389928692724,
      0.09548512823676761,
      0.006096768632394229,
      0.23684162477644854
    ],
    "noiseless_relative_entropy": [
      3.0674818427572266,
      0.5015149545812525,
      0.00018372918428896483,
      0.0003850709684063425,
      0.0025412967234324114,
      1.9198368596316446,
      0.0015111306655063467,
      0.13289098096239332,
      0.0005583309504492359,
      0.8490202309545873
    ],
    "noiseless_purity": [
      0.600894951784838,
      0.16116266725848583,
      0.12504599161881055,
      0.12509787081888868,
      0.12564405637511955,
      0.43426846334616886,
      0.12537638017316205,
      0.1669273528247517,
      0.12514182925193273,
      0.2786759096062802
    ]
  },
  "metadata": {
    "job_ids": [
      "ceiq31e3ckj1elq57iig",
      "ceib3qju4l15410o8hn0"
    ],
    "backends": [
      "ibmq_qasm_simulator"
    ],
    "n": 3,
    "J": 1,
    "h": 0.5,
    "beta": 1e-10,
    "ancilla_reps": 1,
    "system_reps": 2,
    "optimizer": "SPSA",
    "min_kwargs": {
      "maxiter": 300
    },
    "shots": 1024,
    "noise_model": "ibmq_guadalupe"
  }
}
