{
  "metrics": {
    "exact_purity": 0.1490311604153375,
    "calculated_fidelity": [
      0.9707754131525511,
      0.9747723643457816,
      0.9701678852919836,
      0.9728196992976537,
      0.9844384301648211,
      0.97034910679547,
      0.8301047736214104,
      0.9622120697726559,
      0.9567202191676564,
      0.959733317569244
    ],
    "calculated_trace_distance": [
      0.06712794203973087,
      0.0703526264750423,
      0.07687883103926474,
      0.07239405049418396,
      0.05321409240226308,
      0.061188146444953274,
      0.11705044078499963,
      0.06960667647455049,
      0.0808830021198814,
      0.07884675595230631
    ],
    "calculated_relative_entropy": [
      0.060728099865682984,
      0.051016771709009576,
      0.06214677717132708,
      0.05648114695609556,
      0.031443088811137804,
      0.06026106158104294,
      3.545273274575636,
      0.07676093759559571,
      0.09107469390508058,
      0.08451898765754522
    ],
    "calculated_purity": [
      0.1391598854535899,
      0.1322102487823117,
      0.1375155390044796,
      0.13320423644266083,
      0.14119723991111555,
      0.13614050547281986,
      0.2533602030335194,
      0.13355837927924344,
      0.13386970096164366,
      0.13237325644787518
    ],
    "noiseless_fidelity": [
      0.980007830783578,
      0.9766754474854408,
      0.9786835927499546,
      0.9770635240099396,
      0.9936147803423062,
      0.9739436575815761,
      0.8211628056717791,
      0.9738557769266519,
      0.963846164957253,
      0.9664717147165365
    ],
    "noiseless_trace_distance": [
      0.048960896555482365,
      0.0632981091797673,
      0.048847057743187206,
      0.043892594959731246,
      0.0244936195914625,
      0.047781109770641345,
      0.10885812184328199,
      0.05069646563761977,
      0.06517106512856932,
      0.06049972821601924
    ],
    "noiseless_relative_entropy": [
      0.04179022739133394,
      0.04755628752494862,
      0.04313393881510358,
      0.0459388601225508,
      0.012739406956045779,
      0.05223233915294466,
      0.6043692816032413,
      0.05248300872068295,
      0.07530678390641643,
      0.06934241864527749
    ],
    "noiseless_purity": [
      0.13704328366821206,
      0.1291697607387898,
      0.13561175000050413,
      0.13161750100941585,
      0.13806205932900809,
      0.13109798333833608,
      0.2782913751439774,
      0.1319490337132628,
      0.12835634420752487,
      0.12748710569011806
    ]
  },
  "metadata": {
    "job_ids": [
      "ceib3qtiuboftdmrql7g",
      "ceib3qtiuboftdmrql90"
    ],
    "backends": [
      "ibmq_qasm_simulator"
    ],
    "n": 3,
    "J": 1,
    "h": 0.5,
    "beta": 0.2,
    "ancilla_reps": 1,
    "system_reps": 2,
    "optimizer": "SPSA",
    "min_kwargs": {
      "maxiter": 300
    },
    "shots": 1024,
    "noise_model": "ibmq_guadalupe"
  }
}
