{
  "metrics": {
    "exact_purity": 0.27695519291630366,
    "calculated_fidelity": [
      0.8901115419280944,
      0.9434779409991466,
      0.9835380477710165,
      0.9114709428095641,
      0.9492046056676217,
      0.9253698978395569,
      0.9632006359745642,
      0.9632106214531477,
      0.8752252044801768,
      0.9685376595096098
    ],
    "calculated_trace_distance": [
      0.14632162277491184,
      0.09393825907752928,
      0.04921968415988217,
      0.10989335824253943,
      0.08209753685474892,
      0.059739210379191124,
      0.07495592164786072,
      0.06239187684132564,
      0.10832280261318286,
      0.07128304380090744
    ],
    "calculated_relative_entropy": [
      1.949478197600814,
      0.11458510916736227,
      0.03660052238056922,
      0.17694802672743382,
      0.10203309336641692,
      1.8791573088247895,
      0.07061042383420964,
      0.07237855092000905,
      2.0485294123604896,
      0.06404137998517191
    ],
    "calculated_purity": [
      0.3909453782192809,
      0.19521297643214175,
      0.26263010943377557,
      0.17661678643874273,
      0.20399031227017717,
      0.30644795953015314,
      0.2059228802904678,
      0.21129278489101178,
      0.37439198254582867,
      0.23363171094729662
    ],
    "noiseless_fidelity": [
      0.8381355123226998,
      0.961139646771338,
      0.9855178687463044,
      0.9325296948155318,
      0.9694562371900521,
      0.9456064731808091,
      0.9817488614521044,
      0.9726022948581647,
      0.8312324940345992,
      0.9816098010712845
    ],
    "noiseless_trace_distance": [
      0.15504112985942586,
      0.05081736405276885,
      0.03488448693052953,
      0.07417875849335305,
      0.046878676277434306,
      0.0391197110907798,
      0.05599131755686133,
      0.043275698004444266,
      0.11810001202262027,
      0.032678769861701686
    ],
    "noiseless_relative_entropy": [
      0.6236685586146691,
      0.07524775609440414,
      0.03481621556858208,
      0.13262382512168303,
      0.058366153614828054,
      0.2085879961173372,
      0.03526490623518592,
      0.052180194503307686,
      0.647567119993105,
      0.03762501451444453
    ],
    "noiseless_purity": [
      0.4505820342572014,
      0.2019296784775864,
      0.28839872179490766,
      0.1816061352408486,
      0.20745715693960196,
      0.3280768699656663,
      0.2252564855816131,
      0.21889202898110305,
      0.4403208786192342,
      0.2552865533781172
    ]
  },
  "metadata": {
    "job_ids": [
      "ceib3r5iuboftdmrqlb0",
      "ceib3qru4l15410o8hs0"
    ],
    "backends": [
      "ibmq_qasm_simulator"
    ],
    "n": 3,
    "J": 1,
    "h": 0.5,
    "beta": 0.5,
    "ancilla_reps": 1,
    "system_reps": 2,
    "optimizer": "SPSA",
    "min_kwargs": {
      "maxiter": 300
    },
    "shots": 1024,
    "noise_model": "ibmq_guadalupe"
  }
}
