{
  "metrics": {
    "exact_purity": 0.40478756142181577,
    "calculated_fidelity": [
      0.9128414678805359,
      0.9456914974824477,
      0.9401880972452299,
      0.9540394778627711,
      0.9435509951274291,
      0.9119895577266539,
      0.9467709856892791,
      0.9288898218630806,
      0.9640516479506719,
      0.9608659958423151
    ],
    "calculated_trace_distance": [
      0.08574310709418848,
      0.05910603867104281,
      0.06760763565762992,
      0.05582253991446812,
      0.06457685188750263,
      0.10457698299956937,
      0.09045961212952808,
      0.08279446888467633,
      0.045583916440749835,
      0.05883440218320699
    ],
    "calculated_relative_entropy": [
      0.1724544965438597,
      0.7793423119534701,
      0.7955310503503187,
      0.6398458870429633,
      0.7258600963104138,
      1.5733231793439868,
      0.10950015092438868,
      1.175875327199802,
      0.10102875029750999,
      0.5871414898762526
    ],
    "calculated_purity": [
      0.27527128619912333,
      0.37560538030512935,
      0.3691528944932282,
      0.3820422931360371,
      0.35967101012118696,
      0.3575872264659823,
      0.31797469103777953,
      0.3637338679569472,
      0.37657479886655576,
      0.3683841772161247
    ],
    "noiseless_fidelity": [
      0.9345525538576718,
      0.9868467063073801,
      0.9794297022216135,
      0.9841083868604181,
      0.9689359690137173,
      0.969569225235553,
      0.9682876928791544,
      0.9549555635480795,
      0.9828350906096497,
      0.9684350210325082
    ],
    "noiseless_trace_distance": [
      0.061265321522001905,
      0.019493994839841183,
      0.05037197119713291,
      0.035716075121415766,
      0.03820535128844248,
      0.07010257876451986,
      0.053060388991486046,
      0.047069202718566294,
      0.022408385064345736,
      0.039661186441961455
    ],
    "noiseless_relative_entropy": [
      0.14464784238658276,
      0.03176732605125413,
      0.04565784482939056,
      0.037367429902611896,
      0.11082182769643203,
      0.09620569168048719,
      0.06333320327872834,
      0.14725477117782285,
      0.04272649764741687,
      0.18595065570745048
    ],
    "noiseless_purity": [
      0.29603208216135957,
      0.4242862104532017,
      0.40827356443468005,
      0.4355459591659542,
      0.4105867849468538,
      0.4021928944780471,
      0.34331166101525407,
      0.4002146498733028,
      0.4374986191230172,
      0.4219190261119597
    ]
  },
  "metadata": {
    "job_ids": [
      "ceib3r5iuboftdmrqleg",
      "ceib3r70c79ac4rdmp00"
    ],
    "backends": [
      "ibmq_qasm_simulator"
    ],
    "n": 3,
    "J": 1,
    "h": 0.5,
    "beta": 0.8,
    "ancilla_reps": 1,
    "system_reps": 2,
    "optimizer": "SPSA",
    "min_kwargs": {
      "maxiter": 300
    },
    "shots": 1024,
    "noise_model": "ibmq_guadalupe"
  }
}
