{
  "metrics": {
    "exact_purity": 0.45242507480844885,
    "calculated_fidelity": [
      0.9368072307054038,
      0.9542277052168974,
      0.9525882570419055,
      0.9619124428873665,
      0.9528252620631675,
      0.9565789959613408,
      0.9599854961584043,
      0.9608372335779616,
      0.9540725174534739,
      0.9469156193808026
    ],
    "calculated_trace_distance": [
      0.08226179680332155,
      0.06022583891657897,
      0.09411016457588932,
      0.061172483549290016,
      0.07548305525868103,
      0.054379279014188056,
      0.05117576389867485,
      0.0628811455680469,
      0.05949176640723995,
      0.0796594512164498
    ],
    "calculated_relative_entropy": [
      0.40255082158722555,
      0.3054618458021477,
      0.6275957910174338,
      0.33835905744887074,
      0.6023439593112538,
      0.3438985872631757,
      0.6229035003000808,
      0.5870730089133596,
      0.6907604055136845,
      0.30704666770285627
    ],
    "calculated_purity": [
      0.38075642825809175,
      0.39345066326133143,
      0.43363844121224093,
      0.4190314533793607,
      0.42413203698504365,
      0.3893308996894286,
      0.42481322729062565,
      0.4244314310970917,
      0.41857848081670257,
      0.385957367492169
    ],
    "noiseless_fidelity": [
      0.9655141775890151,
      0.9839130019331856,
      0.9718320737498964,
      0.976819606277737,
      0.9648531187742679,
      0.978342927282602,
      0.9754355761417633,
      0.9682629034141355,
      0.973381860860915,
      0.9750674964624236
    ],
    "noiseless_trace_distance": [
      0.05510636502163707,
      0.026477127503556536,
      0.05038671076311686,
      0.03824950960265904,
      0.05384945896555702,
      0.031723562146221844,
      0.02829476053981207,
      0.044860030761793415,
      0.055365545940590656,
      0.05169269042558209
    ],
    "noiseless_relative_entropy": [
      0.09297142994331334,
      0.10297453665715428,
      0.1205266932190703,
      0.08595196705410779,
      0.1961892884301356,
      0.0679822331311582,
      0.12908083867480186,
      0.19027504754378055,
      0.10643809105183297,
      0.05591132273319687
    ],
    "noiseless_purity": [
      0.4420142284236936,
      0.4462939193771583,
      0.49184520059499753,
      0.47862580514822295,
      0.5016692858030012,
      0.4634396775646248,
      0.4863957558542926,
      0.4886301447205971,
      0.4895915825178576,
      0.4188092669126821
    ]
  },
  "metadata": {
    "job_ids": [
      "ceib3s5iuboftdmrqlrg",
      "ceib3rrj9nhin7ais460"
    ],
    "backends": [
      "ibmq_qasm_simulator"
    ],
    "n": 3,
    "J": 1,
    "h": 0.5,
    "beta": 1,
    "ancilla_reps": 1,
    "system_reps": 2,
    "optimizer": "SPSA",
    "min_kwargs": {
      "maxiter": 300
    },
    "shots": 1024,
    "noise_model": "ibmq_guadalupe"
  }
}
