{
  "metrics": {
    "exact_purity": 0.4776975316760884,
    "calculated_fidelity": [
      0.95162706338836,
      0.9532366407671009,
      0.9622033770730107,
      0.9553259934373529,
      0.9566871716986656,
      0.9458661377230834,
      0.9375086080697838,
      0.9539907227561383,
      0.9509331388739326,
      0.9515339631882266
    ],
    "calculated_trace_distance": [
      0.08631827887055459,
      0.07275389422966813,
      0.06621805722228095,
      0.052146536435720474,
      0.050914079948082676,
      0.07361463437949675,
      0.11076226487320047,
      0.054848335527857436,
      0.06598855865831324,
      0.05880205096945252
    ],
    "calculated_relative_entropy": [
      0.2931321094814766,
      0.42164808228441836,
      0.3466956436673896,
      0.44247414065272445,
      0.3804733593242465,
      0.6832289561656069,
      0.45047987529155586,
      0.4227142278046847,
      0.4590764583162819,
      0.34902617603455494
    ],
    "calculated_purity": [
      0.4262726791908519,
      0.4343833255810079,
      0.44235175799907916,
      0.4289682699065072,
      0.43332624034062117,
      0.430958587156402,
      0.4394474042784753,
      0.42705848102181254,
      0.4395485290437696,
      0.4137641739749543
    ],
    "noiseless_fidelity": [
      0.9827351186889234,
      0.9857180994754111,
      0.9822312395422191,
      0.9862572465887064,
      0.9846512206958776,
      0.9796457363150726,
      0.9663258273868628,
      0.9843576159424755,
      0.9796719753745554,
      0.9842410191727164
    ],
    "noiseless_trace_distance": [
      0.05401020504427491,
      0.054369264196975825,
      0.035522784787619534,
      0.023564806303449225,
      0.029307047250438513,
      0.04270298222665818,
      0.07857538779260168,
      0.02538332456028768,
      0.046025365239382866,
      0.03804099966013237
    ],
    "noiseless_relative_entropy": [
      0.06738734310272379,
      0.07105940954069803,
      0.08502906951924631,
      0.07131111509027321,
      0.081836692432614,
      0.10614544736335216,
      0.20143970243358045,
      0.07622052615637648,
      0.09405318647707014,
      0.05540842716251271
    ],
    "noiseless_purity": [
      0.4881464747302064,
      0.47820648062289106,
      0.5025107779386869,
      0.4959055087657672,
      0.4960124720997491,
      0.49684825161830143,
      0.5018758977033277,
      0.4877930276517106,
      0.5122013705005541,
      0.4670143526236431
    ]
  },
  "metadata": {
    "job_ids": [
      "ceib3ru3ckj1elpvin10",
      "ceib3rn0c79ac4rdmp40"
    ],
    "backends": [
      "ibmq_qasm_simulator"
    ],
    "n": 3,
    "J": 1,
    "h": 0.5,
    "beta": 1.2,
    "ancilla_reps": 1,
    "system_reps": 2,
    "optimizer": "SPSA",
    "min_kwargs": {
      "maxiter": 300
    },
    "shots": 1024,
    "noise_model": "ibmq_guadalupe"
  }
}
