{
  "metrics": {
    "exact_purity": 0.5024484093498863,
    "calculated_fidelity": [
      0.9383761951667603,
      0.9349001274344542,
      0.5824065767898514,
      0.9307378226168082,
      0.9174583032159905,
      0.7744952684697552,
      0.9311263160758133,
      0.9388368901809077,
      0.8884874392960781,
      0.9128592710787979
    ],
    "calculated_trace_distance": [
      0.0535803166153903,
      0.05814247328048864,
      0.3679945394752902,
      0.07011455267354302,
      0.10149660284831846,
      0.29239289033289445,
      0.07528340378019913,
      0.051772940122369326,
      0.16235142841852648,
      0.1078721614923101
    ],
    "calculated_relative_entropy": [
      0.14344070785320867,
      0.17483094565419943,
      2.448662646952052,
      0.15014935925809242,
      0.25828223549938506,
      1.184176215354656,
      0.16676706115831444,
      0.14337211761080398,
      0.8003159255201614,
      0.34054448251527614
    ],
    "calculated_purity": [
      0.4435797444815559,
      0.4369984070788595,
      0.7887550805548305,
      0.42883510873262376,
      0.42706441371200476,
      0.5991702000498094,
      0.444387572368404,
      0.44153022518256857,
      0.4238702612368287,
      0.47024490521106593
    ],
    "noiseless_fidelity": [
      0.995391696889388,
      0.9974555319594676,
      0.4833151359543199,
      0.9903446442160517,
      0.9871428755520284,
      0.7876196884915702,
      0.9922365757006377,
      0.9983662299521987,
      0.9432963237132156,
      0.9766127952332291
    ],
    "noiseless_trace_distance": [
      0.03184052977171791,
      0.0222004077079622,
      0.3700035379767955,
      0.03646134928619956,
      0.06514696271862444,
      0.298507653815063,
      0.04118237064760184,
      0.01926565114854194,
      0.14237633743696607,
      0.09585869721212448
    ],
    "noiseless_relative_entropy": [
      0.047807414488517,
      0.017708685377041424,
      3.436085688676439,
      0.020905247656405848,
      0.05963424421483987,
      0.9097199766432088,
      0.04283882024570665,
      0.011892263577142098,
      0.3904945758119597,
      0.0821555364435893
    ],
    "noiseless_purity": [
      0.5075412897337415,
      0.5007719005441913,
      0.9943185104569583,
      0.48833206584184224,
      0.49369048358645157,
      0.7367435583633948,
      0.5092979994933934,
      0.5058433879941809,
      0.499863812618442,
      0.5549816753392455
    ]
  },
  "metadata": {
    "job_ids": [
      "ceib3s3u4l15410o8icg",
      "ceib3s3u4l15410o8ibg"
    ],
    "backends": [
      "ibmq_qasm_simulator"
    ],
    "n": 3,
    "J": 1,
    "h": 0.5,
    "beta": 2,
    "ancilla_reps": 1,
    "system_reps": 2,
    "optimizer": "SPSA",
    "min_kwargs": {
      "maxiter": 300
    },
    "shots": 1024,
    "noise_model": "ibmq_guadalupe"
  }
}
