{
  "metrics": {
    "exact_purity": 0.5082516505507471,
    "calculated_fidelity": [
      0.9208648800777512,
      0.9033271683103298,
      0.9187182230053624,
      0.9180822955878252,
      0.9174602424051338,
      0.9144359829485723,
      0.7899321967990892,
      0.5637036631325835,
      0.7451138170905158,
      0.9196672365153739
    ],
    "calculated_trace_distance": [
      0.07657629200558869,
      0.10044450970714408,
      0.10021403763532624,
      0.09664411722763666,
      0.09335561647446118,
      0.0914381986192017,
      0.19848299445523934,
      0.38683859718210784,
      0.24344103197195044,
      0.08447304702331629
    ],
    "calculated_relative_entropy": [
      0.26322650589669494,
      0.40327782622077435,
      0.19037020598453375,
      0.13839816846991806,
      0.1273595716565375,
      0.19210115101500094,
      1.0406229112388943,
      3.908340776763071,
      2.4824738444998475,
      0.14707630563048307
    ],
    "calculated_purity": [
      0.4545204657672211,
      0.44253370848815393,
      0.43513120621371965,
      0.43320825891011966,
      0.4288707884352507,
      0.4315144296065896,
      0.6387625576680742,
      0.7741462048323042,
      0.7134927278390597,
      0.43150973487243766
    ],
    "noiseless_fidelity": [
      0.9885427341805073,
      0.9838025608019544,
      0.990394325306385,
      0.985153314276571,
      0.9878503368295534,
      0.985011566901836,
      0.8407281204571848,
      0.4877946184752985,
      0.7734752517285861,
      0.9902205153962782
    ],
    "noiseless_trace_distance": [
      0.06161904128983583,
      0.0664516799470059,
      0.055164376485731366,
      0.061400618314337865,
      0.055991053885204485,
      0.0704297410360886,
      0.24517333182836823,
      0.38269407232002883,
      0.2768157835026979,
      0.0545406735024212
    ],
    "noiseless_relative_entropy": [
      0.06212524848591286,
      0.0825807707905453,
      0.031200264761096386,
      0.055337473711356486,
      0.03795792907797538,
      0.043938949212768905,
      0.5195999398388174,
      2.6045888264162262,
      0.7818046399175433,
      0.04254279356202312
    ],
    "noiseless_purity": [
      0.5230328736708676,
      0.5202497348983663,
      0.49724226286566475,
      0.49771513622591057,
      0.49348011483937204,
      0.4978904818262494,
      0.7903250882023298,
      0.9681239254709789,
      0.8834028311250058,
      0.4977392654997578
    ]
  },
  "metadata": {
    "job_ids": [
      "ceib3sdqhr8ghdigdrng",
      "ceib3se3ckj1elpvin70"
    ],
    "backends": [
      "ibmq_qasm_simulator"
    ],
    "n": 3,
    "J": 1,
    "h": 0.5,
    "beta": 3,
    "ancilla_reps": 1,
    "system_reps": 2,
    "optimizer": "SPSA",
    "min_kwargs": {
      "maxiter": 300
    },
    "shots": 1024,
    "noise_model": "ibmq_guadalupe"
  }
}
