{
  "metrics": {
    "exact_purity": 0.514603318756586,
    "calculated_fidelity": [
      0.823132334211293,
      0.9135609384196558,
      0.9011967377822085,
      0.8892253242531376,
      0.9011079460883593,
      0.917610810388364,
      0.8225997501442295,
      0.841796830503786,
      0.8592790010025297,
      0.9107548409527282
    ],
    "calculated_trace_distance": [
      0.18467325083094638,
      0.0883562197877454,
      0.10380888741196947,
      0.12829888325611508,
      0.10343262686311036,
      0.07566924157813006,
      0.25365187716573945,
      0.19624729867649138,
      0.14180686742765583,
      0.08650191501996016
    ],
    "calculated_relative_entropy": [
      0.6375309793953867,
      0.23626486745691694,
      0.32216489743076965,
      0.4506447152995146,
      0.6423877861917868,
      0.15039878894327977,
      0.5852473179949783,
      0.7354214541590135,
      0.764808122702363,
      0.3249920354635807
    ],
    "calculated_purity": [
      0.6152183591676039,
      0.4314889804105939,
      0.48799076798764746,
      0.558787333425391,
      0.4645237704516838,
      0.4335557508339419,
      0.496352903403103,
      0.41843186628756834,
      0.47489583285894044,
      0.44625378353785383
    ],
    "noiseless_fidelity": [
      0.9027143844385752,
      0.9907084729902633,
      0.9746186776220616,
      0.9463976060014125,
      0.9764125172611381,
      0.9952163008436147,
      0.8843280123772872,
      0.9130918422681732,
      0.9064258600062816,
      0.9843776100094246
    ],
    "noiseless_trace_distance": [
      0.1682494854501337,
      0.05328231795646126,
      0.08907897214463668,
      0.15142387062057372,
      0.07993930952995051,
      0.025595640115440594,
      0.22781010749350344,
      0.1672137153598814,
      0.15777803576192234,
      0.07299881522472136
    ],
    "noiseless_relative_entropy": [
      0.24765865013144045,
      0.0461961601069559,
      0.10127802914726505,
      0.13332046180968155,
      0.16280611537429468,
      0.015059710944966984,
      0.3445348964105317,
      0.5786452418258807,
      0.42081681150163736,
      0.1446004325776975
    ],
    "noiseless_purity": [
      0.7332756831368935,
      0.49973378776977173,
      0.5617078954661019,
      0.6527913213625315,
      0.5423382591768637,
      0.5036057704490169,
      0.6060554183150646,
      0.49824539628098574,
      0.5440312081301113,
      0.5146604496364565
    ]
  },
  "metadata": {
    "job_ids": [
      "ceib3sjj9nhin7ais4b0",
      "ceib3se3ckj1elpvinb0"
    ],
    "backends": [
      "ibmq_qasm_simulator"
    ],
    "n": 3,
    "J": 1,
    "h": 0.5,
    "beta": 4,
    "ancilla_reps": 1,
    "system_reps": 2,
    "optimizer": "SPSA",
    "min_kwargs": {
      "maxiter": 300
    },
    "shots": 1024,
    "noise_model": "ibmq_guadalupe"
  }
}
