{
  "metrics": {
    "exact_purity": 0.522570105217619,
    "calculated_fidelity": [
      0.9116453522661637,
      0.866938340420297,
      0.8827188392666815,
      0.8362133770707828,
      0.7032683962753931,
      0.9226744071848529,
      0.8540378887113649,
      0.7564512859939835,
      0.9120893848050332,
      0.9204268357417152
    ],
    "calculated_trace_distance": [
      0.07325119089047671,
      0.21512081418342618,
      0.13283944647259427,
      0.17928723669010418,
      0.257546415033507,
      0.0890752792740875,
      0.14660919345481602,
      0.18179601130688822,
      0.09544576465877243,
      0.086575555147075
    ],
    "calculated_relative_entropy": [
      0.1417554527929511,
      1.0234078870631889,
      0.33826918214584223,
      0.8204235668340518,
      4.764880480411328,
      0.13362925009209062,
      0.3811033439967005,
      1.4311113511758164,
      0.15452664884043477,
      0.12972870874334586
    ],
    "calculated_purity": [
      0.47868082964042064,
      0.4290254892560305,
      0.5587809657170373,
      0.6623904229209077,
      0.7982325061558444,
      0.5133622321632234,
      0.5105572243857829,
      0.674385535373499,
      0.43265984434064275,
      0.4414142540763806
    ],
    "noiseless_fidelity": [
      0.9898292930517931,
      0.9315145170034025,
      0.9577814775759684,
      0.8647763876785644,
      0.6734996149695529,
      0.9827083242038765,
      0.924863458738193,
      0.7869810219633809,
      0.9920091557748811,
      0.9917934141441281
    ],
    "noiseless_trace_distance": [
      0.058342645178100526,
      0.18675681691289917,
      0.12959276264057268,
      0.20632304373563307,
      0.29054340102365794,
      0.07315766628669593,
      0.1507438456807773,
      0.2250193466185692,
      0.05106452737807435,
      0.049570935548599725
    ],
    "noiseless_relative_entropy": [
      0.0226103774345284,
      0.46895722982944865,
      0.10155140299890757,
      0.5209368241647058,
      2.612290488094917,
      0.04411650644352966,
      0.21740099784812433,
      0.7913515327290793,
      0.04832029083703246,
      0.03791090933811797
    ],
    "noiseless_purity": [
      0.5647094811189276,
      0.5005830972287286,
      0.6431648838043508,
      0.7765627216214871,
      0.9734917090343586,
      0.5932377493115855,
      0.5776936140124911,
      0.8533930824728373,
      0.5069386477685844,
      0.5038148245542748
    ]
  },
  "metadata": {
    "job_ids": [
      "ceiq31lqhr8ghdilf190",
      "ceib3sju4l15410o8ik0"
    ],
    "backends": [
      "ibmq_qasm_simulator"
    ],
    "n": 3,
    "J": 1,
    "h": 0.5,
    "beta": 5,
    "ancilla_reps": 1,
    "system_reps": 2,
    "optimizer": "SPSA",
    "min_kwargs": {
      "maxiter": 300
    },
    "shots": 1024,
    "noise_model": "ibmq_guadalupe"
  }
}
