{
  "metadata": {
    "n": 2,
    "J": 1.0,
    "h": 0.5,
    "beta": 1e-10,
    "ancilla_reps": 1,
    "system_reps": null,
    "optimizer": "SPSA",
    "min_kwargs": {
      "maxiter": 200
    },
    "shots": 8192
  },
  "metrics": {
    "exact_purity": 0.25,
    "calculated_fidelity": [
      0.8625945922585133,
      0.9998722474836507,
      0.9995272190469818,
      0.9155573435646102,
      0.9994562592841447,
      0.9998856667353478,
      0.9995513508412254,
      0.9994203936405728,
      0.9995060919068206,
      0.9992912168291138
    ],
    "calculated_trace_distance": [
      0.14747713948651625,
      0.0066487123858888384,
      0.011365243688776432,
      0.15198725472047875,
      0.013751749149774258,
      0.005682621863138216,
      0.011603776214897235,
      0.014958014747777833,
      0.009754320775977498,
      0.015034342193027975
    ],
    "calculated_relative_entropy": [
      0.3211157669760461,
      0.0002547759630322872,
      0.0009495786459788264,
      0.1803297418165945,
      0.0010872333282943094,
      0.0002284410334615157,
      0.0008983796155703086,
      0.0011631475232180347,
      0.0009874927143037962,
      0.0014242961345713313
    ],
    "calculated_purity": [
      0.3736649304628372,
      0.2501288950443268,
      0.2504673898220062,
      0.33677028119564056,
      0.25054478645324707,
      0.25011470913887024,
      0.25044748187065125,
      0.25057457387447357,
      0.25049497187137604,
      0.25070013105869293
    ],
    "noiseless_fidelity": [
      0.8585055608610946,
      0.9999658933205351,
      0.9999481870973055,
      0.9159680249689329,
      0.9999658196317393,
      0.9999544012775606,
      0.9999630633738239,
      0.9999746784542037,
      0.9995786222775819,
      0.9998940163754917
    ],
    "noiseless_trace_distance": [
      0.1493792593478487,
      0.0027594803761367024,
      0.00347482889368298,
      0.14360515157417136,
      0.0027789890452036012,
      0.0035788290462203604,
      0.003294655946119488,
      0.0026713355272826164,
      0.006723463916033816,
      0.0035713820499702073
    ],
    "noiseless_relative_entropy": [
      0.3329640530900445,
      6.813348564035796e-05,
      0.00010373900018092455,
      0.18057302085110738,
      6.838417061149336e-05,
      9.105653005086773e-05,
      7.399596381981116e-05,
      5.0573176127947234e-05,
      0.0008424506462979733,
      0.00021185477640390821
    ],
    "noiseless_purity": [
      0.3764778485317697,
      0.25003423004803804,
      0.2500516501691241,
      0.33458830482761304,
      0.2500341486978067,
      0.25004581606465487,
      0.2500367567479549,
      0.25002542837340835,
      0.2504222192493166,
      0.2501061775559065
    ]
  }
}
