{
  "metadata": {
    "n": 2,
    "J": 1.0,
    "h": 0.5,
    "beta": 0.2,
    "ancilla_reps": 1,
    "system_reps": null,
    "optimizer": "SPSA",
    "min_kwargs": {
      "maxiter": 200
    },
    "shots": 8192
  },
  "metrics": {
    "exact_purity": 0.2644755136790756,
    "calculated_fidelity": [
      0.9918207386192438,
      0.9995681918523197,
      0.9988291300393742,
      0.9965894005634884,
      0.9974618615632835,
      0.9987211295150052,
      0.9977845042289399,
      0.9992992832676529,
      0.9991005516108694,
      0.9977216516936135
    ],
    "calculated_trace_distance": [
      0.03419102599159997,
      0.009939622492122364,
      0.015680148839026308,
      0.027799284258004205,
      0.029331515483642424,
      0.013873849142492076,
      0.02787633962585327,
      0.01523966832271085,
      0.01591471584040007,
      0.028541480848223777
    ],
    "calculated_relative_entropy": [
      0.01654973796820022,
      0.0008759655736117443,
      0.0023769324944473216,
      0.006922573111524943,
      0.005184310261088981,
      0.0025777979109689424,
      0.0045258799668989845,
      0.0014288082117835353,
      0.0018122691628867024,
      0.0046146116257317
    ],
    "calculated_purity": [
      0.2566792815923691,
      0.26382559537887573,
      0.26390646398067474,
      0.26260219514369965,
      0.262985959649086,
      0.26383401453495026,
      0.26468344032764435,
      0.26392924785614014,
      0.2626553177833557,
      0.26201508939266205
    ],
    "noiseless_fidelity": [
      0.9912663374900186,
      0.999636887732202,
      0.9991976086575503,
      0.9959730776486672,
      0.9974463738695056,
      0.9988005414967426,
      0.9980661648678978,
      0.9992601462565673,
      0.9993148039481169,
      0.9970075780102404
    ],
    "noiseless_trace_distance": [
      0.03207587779205635,
      0.008566162091014674,
      0.010773967235128915,
      0.024773502252955368,
      0.023945911059926564,
      0.011689017294640561,
      0.02125323980161118,
      0.012594628965749831,
      0.011260452077864379,
      0.01821487024236957
    ],
    "noiseless_relative_entropy": [
      0.01767838902602277,
      0.0007361304716911564,
      0.0016282094945107017,
      0.008174186854406629,
      0.005125472220150522,
      0.0024044459149296623,
      0.0039766608675665,
      0.0015126009087073275,
      0.0013874841504385536,
      0.006055658879844026
    ],
    "noiseless_purity": [
      0.256752048242236,
      0.263556194250571,
      0.26333619552296783,
      0.2617796283839786,
      0.26038449719883355,
      0.26458763536479024,
      0.2620855823122742,
      0.2631457757020269,
      0.26385794868561613,
      0.25920743837643667
    ]
  }
}
