{
  "metadata": {
    "n": 2,
    "J": 1.0,
    "h": 0.5,
    "beta": 0.5,
    "ancilla_reps": 1,
    "system_reps": null,
    "optimizer": "SPSA",
    "min_kwargs": {
      "maxiter": 200
    },
    "shots": 8192
  },
  "metrics": {
    "exact_purity": 0.32622154913908924,
    "calculated_fidelity": [
      0.9996018367885471,
      0.9974195228379757,
      0.998986440908477,
      0.9993837898260747,
      0.98955443524178,
      0.9984476484829445,
      0.9995661762002903,
      0.9991729631063075,
      0.9993123168993958,
      0.9866868270488839
    ],
    "calculated_trace_distance": [
      0.010930516171129005,
      0.022137485544901466,
      0.013302197500902413,
      0.011242475803243812,
      0.05705498504164029,
      0.021800265224805132,
      0.010240648087635775,
      0.013859115948452124,
      0.014866629174826987,
      0.061071036669644634
    ],
    "calculated_relative_entropy": [
      0.0008384024644255642,
      0.005279755278032906,
      0.0021787892458811913,
      0.0012794184104347973,
      0.02195282207399521,
      0.0032244492472332364,
      0.0009336424156486597,
      0.0017590594642606962,
      0.001459404411213086,
      0.027554960119055
    ],
    "calculated_purity": [
      0.3228404223918915,
      0.3250313550233841,
      0.3259463757276535,
      0.32438406348228455,
      0.3163250535726547,
      0.32541798055171967,
      0.326339989900589,
      0.3252446949481964,
      0.327654704451561,
      0.3242091089487076
    ],
    "noiseless_fidelity": [
      0.9998483283457968,
      0.9989706193656307,
      0.9997209573730026,
      0.9998860134720193,
      0.9890165304202133,
      0.9996867029617609,
      0.9992322192567815,
      0.9997831352222691,
      0.9999198640461875,
      0.9891786033898697
    ],
    "noiseless_trace_distance": [
      0.004763068807464375,
      0.01297614335987858,
      0.006061188188642798,
      0.00566170713649302,
      0.053384027015909906,
      0.005785622541296907,
      0.009946353297618171,
      0.007511758777371327,
      0.004318258556293676,
      0.053967473458728744
    ],
    "noiseless_relative_entropy": [
      0.00031007096850719715,
      0.0020796767324945693,
      0.0006067715228548765,
      0.0002505019403397967,
      0.022737844924104356,
      0.0006357048402001668,
      0.001660562967905229,
      0.00043610318510801504,
      0.00016070155877382112,
      0.022626382843428147
    ],
    "noiseless_purity": [
      0.32517918797179823,
      0.3276658297319474,
      0.32931946392114975,
      0.3271814646413789,
      0.3118658427394734,
      0.32364588212965,
      0.32507981713581435,
      0.32776530583303765,
      0.3239772219174919,
      0.3224489283614841
    ]
  }
}
