{
  "metadata": {
    "n": 2,
    "J": 1.0,
    "h": 0.5,
    "beta": 0.8,
    "ancilla_reps": 1,
    "system_reps": null,
    "optimizer": "SPSA",
    "min_kwargs": {
      "maxiter": 200
    },
    "shots": 8192
  },
  "metrics": {
    "exact_purity": 0.3999261709032876,
    "calculated_fidelity": [
      0.9998402043408002,
      0.9996718890084142,
      0.9995247741544615,
      0.9977105564719829,
      0.9973616593389967,
      0.9980276675381383,
      0.9997655390748038,
      0.9994680979020821,
      0.9996067883611707,
      0.9997070402873943
    ],
    "calculated_trace_distance": [
      0.004718090151948098,
      0.009321243663177338,
      0.009738629947240866,
      0.027935235129660403,
      0.021562519063699166,
      0.01767557800012874,
      0.008158609584155683,
      0.011162012688270846,
      0.011949662411917767,
      0.008238786565163414
    ],
    "calculated_relative_entropy": [
      0.00034508623274657276,
      0.0007144110586651525,
      0.0010794403809474165,
      0.005534050665899362,
      0.005722180637783487,
      0.0047344253485185755,
      0.0005287330121290141,
      0.0011420978587783543,
      0.0009020177435497476,
      0.0006702764290474053
    ],
    "calculated_purity": [
      0.40103723108768463,
      0.4054858982563019,
      0.40796399116516113,
      0.4048135131597519,
      0.4027402549982071,
      0.3940163254737854,
      0.3986117094755173,
      0.39652566611766815,
      0.40251870453357697,
      0.3993562012910843
    ],
    "noiseless_fidelity": [
      0.9999907235427419,
      0.9999114974485613,
      0.9998490120377197,
      0.9991323666868248,
      0.9998075192713438,
      0.997701329765773,
      0.9998406161413858,
      0.9998644009370122,
      0.9998121121209093,
      0.9999670346254123
    ],
    "noiseless_trace_distance": [
      0.001536005758485004,
      0.002831399289460121,
      0.0036290349559490037,
      0.011765277838538798,
      0.003901027160160886,
      0.019060593555026928,
      0.004811353076794728,
      0.00530814584479683,
      0.00567738560538808,
      0.0022647690277503296
    ],
    "noiseless_relative_entropy": [
      2.0250115642635744e-05,
      0.00019013476500347008,
      0.0003512283711215175,
      0.0020357120958778077,
      0.00039991691307075176,
      0.00520279792811499,
      0.00036667377034005876,
      0.0003068874845858563,
      0.0004200828694971518,
      7.66669584100297e-05
    ],
    "noiseless_purity": [
      0.4007001809136631,
      0.4042531666591719,
      0.40435101312956834,
      0.3964626771745222,
      0.4039372523640266,
      0.3974218681036781,
      0.3969155424940416,
      0.40408917489110574,
      0.4012593107300957,
      0.40202198983164356
    ]
  }
}
