{
  "metadata": {
    "n": 2,
    "J": 1.0,
    "h": 0.5,
    "beta": 1.0,
    "ancilla_reps": 1,
    "system_reps": null,
    "optimizer": "SPSA",
    "min_kwargs": {
      "maxiter": 200
    },
    "shots": 8192
  },
  "metrics": {
    "exact_purity": 0.4423502848609148,
    "calculated_fidelity": [
      0.9995217922890789,
      0.9995900793446162,
      0.9989708050965059,
      0.9981058863701179,
      0.9987357023770137,
      0.9986666534856713,
      0.9973045711635596,
      0.9982929543054737,
      0.9996818498651067,
      0.9458557173558922
    ],
    "calculated_trace_distance": [
      0.011180751228155589,
      0.011905583026065043,
      0.014068533633802283,
      0.018187215337978603,
      0.012481465438188165,
      0.019993427290557378,
      0.017769977860048157,
      0.01902769282981379,
      0.00617785154521779,
      0.11446702803005072
    ],
    "calculated_relative_entropy": [
      0.0011109542904977846,
      0.0009146682034934838,
      0.002205253327451458,
      0.0046662186614862215,
      0.0028320725020050484,
      0.003124170923890654,
      0.006517860188941675,
      0.0036108614552237996,
      0.0006907418529768878,
      0.1187400902789972
    ],
    "calculated_purity": [
      0.446336105465889,
      0.44418372213840485,
      0.4432343691587448,
      0.44319015741348267,
      0.44439414143562317,
      0.43209028244018555,
      0.4488540589809418,
      0.45612967014312744,
      0.4487486183643341,
      0.46098534762859344
    ],
    "noiseless_fidelity": [
      0.9998649767294862,
      0.9999356403136419,
      0.9987587553103978,
      0.9997400244430785,
      0.999870482529436,
      0.9998503720623592,
      0.9998085665546774,
      0.9981706954195497,
      0.9999671512641909,
      0.9449720168370266
    ],
    "noiseless_trace_distance": [
      0.003981760774838035,
      0.002761431096643119,
      0.009102629217412991,
      0.008617115556643656,
      0.0064837081139649255,
      0.004134460101640133,
      0.005086044124511899,
      0.011294155142395956,
      0.0029858411159853354,
      0.11031527309253086
    ],
    "noiseless_relative_entropy": [
      0.0003108069445057057,
      0.00016882671309123186,
      0.0025375915629264603,
      0.0007775627413428663,
      0.00027053481156103214,
      0.00031225008262867433,
      0.000474038683226187,
      0.00377288994274148,
      8.90921147025962e-05,
      0.11845061520419736
    ],
    "noiseless_purity": [
      0.44270094094131984,
      0.4419225034768859,
      0.44502807152456847,
      0.44293770998616844,
      0.4483124130046284,
      0.4449971156841859,
      0.4443058942299741,
      0.452069728314065,
      0.44171186540747553,
      0.45574082803948146
    ]
  }
}
