{
  "metadata": {
    "n": 2,
    "J": 1.0,
    "h": 0.5,
    "beta": 1.2,
    "ancilla_reps": 1,
    "system_reps": null,
    "optimizer": "SPSA",
    "min_kwargs": {
      "maxiter": 200
    },
    "shots": 8192
  },
  "metrics": {
    "exact_purity": 0.47715088918704646,
    "calculated_fidelity": [
      0.9916507693231178,
      0.9990558623262348,
      0.998349269304704,
      0.9981694246735395,
      0.9992889426150044,
      0.9989726005802775,
      0.9994912518169676,
      0.9995186760254179,
      0.9996979077643582,
      0.9995395782060658
    ],
    "calculated_trace_distance": [
      0.03262989218709053,
      0.012537953407566495,
      0.024249715057782756,
      0.01941866454198369,
      0.010839871773676799,
      0.01576130317327671,
      0.008816053310604767,
      0.006607417354732268,
      0.011031119190678992,
      0.009118417272693654
    ],
    "calculated_relative_entropy": [
      0.020990229330531084,
      0.0021450706998175323,
      0.004356431557267632,
      0.004144142753529128,
      0.0017590788705916282,
      0.0028352384826396447,
      0.0011466475365167327,
      0.0010825154598182738,
      0.0007770409183051339,
      0.0010067817335237903
    ],
    "calculated_purity": [
      0.46773287653923035,
      0.4766497164964676,
      0.477257564663887,
      0.4741697907447815,
      0.4854179322719574,
      0.47368183732032776,
      0.48069383203983307,
      0.4818616211414337,
      0.47611720860004425,
      0.47283291816711426
    ],
    "noiseless_fidelity": [
      0.9832903571035737,
      0.9998116562976144,
      0.9997346612156279,
      0.9995763544632522,
      0.99968652496021,
      0.9998815144036872,
      0.9997798784813245,
      0.9996331941924922,
      0.9998822544012077,
      0.9998954676800351
    ],
    "noiseless_trace_distance": [
      0.02423182250620122,
      0.005567149631595783,
      0.008895150446278074,
      0.006390073772865462,
      0.005781027307202258,
      0.00585966594489401,
      0.0033387564291105787,
      0.005328592912051608,
      0.003676313654212865,
      0.00165800310579238
    ],
    "noiseless_relative_entropy": [
      0.05198614308744172,
      0.0004899861693252947,
      0.0006140267781218666,
      0.0010996583281449607,
      0.0007376664984516308,
      0.0003392138423157186,
      0.0004808943093399607,
      0.0008310290954925545,
      0.00027903678196953587,
      0.00021214139409432803
    ],
    "noiseless_purity": [
      0.462161904799372,
      0.47567514071201217,
      0.483605348125824,
      0.479670589287271,
      0.48558075165603815,
      0.47442739789068333,
      0.4807509834506607,
      0.47906873540131295,
      0.4823934325110599,
      0.47938648545274604
    ]
  }
}
