{
  "metadata": {
    "n": 2,
    "J": 1.0,
    "h": 0.5,
    "beta": 2.0,
    "ancilla_reps": 1,
    "system_reps": null,
    "optimizer": "SPSA",
    "min_kwargs": {
      "maxiter": 200
    },
    "shots": 8192
  },
  "metrics": {
    "exact_purity": 0.5677667882613814,
    "calculated_fidelity": [
      0.9972419797131139,
      0.9942461808588716,
      0.9974746170828337,
      0.9946312798792363,
      0.9971323694441121,
      1.0018264838096498,
      0.9912250920818461,
      0.9970365674075743,
      0.9893382778178983,
      0.9964549893810873
    ],
    "calculated_trace_distance": [
      0.015650353373663082,
      0.023782864631705064,
      0.023664510166210607,
      0.008794790788176066,
      0.02757047681925366,
      0.012530042129092218,
      0.019933524308112006,
      0.008104273243089677,
      0.050761682038937765,
      0.011894596636399267
    ],
    "calculated_relative_entropy": [
      -0.0022380336152059387,
      0.012912897259216564,
      -0.006124990358694172,
      0.009115540411174327,
      -0.00016417673170214878,
      -0.016319374545878923,
      0.018256537510075402,
      -0.0025577306574672987,
      0.029340199621390284,
      -0.0009083883734727939
    ],
    "calculated_purity": [
      0.5828713029623032,
      0.5520931482315063,
      0.5920468270778656,
      0.5690829008817673,
      0.5951583087444305,
      0.5824266523122787,
      0.5766075700521469,
      0.5721793919801712,
      0.6132620573043823,
      0.5698363184928894
    ],
    "noiseless_fidelity": [
      0.9973940274617111,
      0.9988552953533867,
      0.9967701846642415,
      0.9997149726027705,
      0.9985125806665532,
      0.9931528250466294,
      0.9996158680691072,
      0.9969320893051388,
      0.9904768024273379,
      0.9973349926561362
    ],
    "noiseless_trace_distance": [
      0.006936694097085694,
      0.008877525869528113,
      0.010842903580150297,
      0.00280675531311346,
      0.01844257262408959,
      0.005466701305047436,
      0.009299771021303957,
      0.003213646007669782,
      0.044722771164712564,
      0.008002170090734603
    ],
    "noiseless_relative_entropy": [
      0.007678364719308743,
      0.00261578153599196,
      0.010399747673888737,
      0.0006486147362654475,
      0.004079728921522953,
      0.05085304550337239,
      0.0009136324465926545,
      0.009034849471024443,
      0.027784259528418086,
      0.007780282834207734
    ],
    "noiseless_purity": [
      0.5799196747559059,
      0.5550462060577258,
      0.5849903269624368,
      0.5725831513059305,
      0.5924589063395553,
      0.570818721629284,
      0.5807612380972513,
      0.5746389155823067,
      0.6094435016849515,
      0.5728344483048436
    ]
  }
}
