{
  "metadata": {
    "n": 2,
    "J": 1.0,
    "h": 0.5,
    "beta": 3.0,
    "ancilla_reps": 1,
    "system_reps": null,
    "optimizer": "SPSA",
    "min_kwargs": {
      "maxiter": 200
    },
    "shots": 8192
  },
  "metrics": {
    "exact_purity": 0.6514456428594425,
    "calculated_fidelity": [
      1.0036788703158743,
      1.003022608801364,
      0.9469228330356781,
      0.9991910968472526,
      1.0011475597360469,
      1.001499081625731,
      1.001010771897911,
      1.0023922410466413,
      1.0037146288407357,
      1.0052922986089505
    ],
    "calculated_trace_distance": [
      0.019343381641086663,
      0.023761803309540572,
      0.09608034069179669,
      0.00725467589718686,
      0.031471594199725436,
      0.006526176399586631,
      0.027415450265011618,
      0.011466024291601155,
      0.010008236604707963,
      0.016930459342537077
    ],
    "calculated_relative_entropy": [
      -0.0038302150962359243,
      -0.0031609821845088332,
      0.22356642855522052,
      0.00040834947571586136,
      0.0015984640587607193,
      -0.0024619832920729397,
      0.0033128067592342082,
      -0.003334816883615855,
      -0.00448788134402313,
      -0.005228208768884104
    ],
    "calculated_purity": [
      0.6667448282241821,
      0.6305838078260422,
      0.8530518561601639,
      0.6446300595998764,
      0.6325049549341202,
      0.6494100242853165,
      0.6355138272047043,
      0.662731796503067,
      0.6585263013839722,
      0.6671362668275833
    ],
    "noiseless_fidelity": [
      0.9993572132613452,
      0.9984653801784923,
      0.9414660835511404,
      0.9994309946837365,
      0.9988595893877781,
      0.9992922612449837,
      0.9986567581552903,
      0.9994018457250727,
      0.9997161206342594,
      0.9994873801515942
    ],
    "noiseless_trace_distance": [
      0.0030907686666410694,
      0.013318982264616502,
      0.09044225145586451,
      0.0037487766205081194,
      0.01456845703334251,
      0.0034969358172714238,
      0.018899557816451487,
      0.006009964169083934,
      0.004698153946448423,
      0.005135071786996237
    ],
    "noiseless_relative_entropy": [
      0.003068497310165355,
      0.0026498644019516257,
      0.2841480644234813,
      0.0025737595612205424,
      0.004596214657931336,
      0.004521018035004371,
      0.0075464689344085165,
      0.0032662761107057244,
      0.0010953755598010588,
      0.0022063976395060685
    ],
    "noiseless_purity": [
      0.6572720934658856,
      0.6270931863939608,
      0.8417527434030622,
      0.6508719426624522,
      0.6315553619268274,
      0.6472091174093586,
      0.6456654966116844,
      0.6582354700112386,
      0.6497596275435487,
      0.6566363617623143
    ]
  }
}
