{
  "metadata": {
    "n": 2,
    "J": 1.0,
    "h": 0.5,
    "beta": 4.0,
    "ancilla_reps": 1,
    "system_reps": null,
    "optimizer": "SPSA",
    "min_kwargs": {
      "maxiter": 200
    },
    "shots": 8192
  },
  "metrics": {
    "exact_purity": 0.7308553090569767,
    "calculated_fidelity": [
      0.9690401626634966,
      1.0019326859479143,
      0.9354700862834455,
      0.992515815176805,
      0.9954592910173724,
      0.9952410151801138,
      1.0054928107716423,
      0.9969979390811481,
      1.0030330016021087,
      0.9974247596231536
    ],
    "calculated_trace_distance": [
      0.06976418606998824,
      0.009544737670884314,
      0.08165415154764868,
      0.047023907079578174,
      0.04689650237577292,
      0.025138501314494827,
      0.0064239788431745375,
      0.02695700135277823,
      0.01762011429766237,
      0.012610671791779354
    ],
    "calculated_relative_entropy": [
      0.09767380318457668,
      -0.0009555323698765099,
      0.20269260189028734,
      0.014524430567039118,
      0.028161573907847223,
      0.009791845190348689,
      -0.004965893830094608,
      0.005435938131669177,
      -0.0015240810212131667,
      0.0038495734356823307
    ],
    "calculated_purity": [
      0.8973681181669235,
      0.750630721449852,
      0.9477887600660324,
      0.6567678600549698,
      0.8147663027048111,
      0.7573403120040894,
      0.7309927344322205,
      0.6825153231620789,
      0.7132589519023895,
      0.7207402735948563
    ],
    "noiseless_fidelity": [
      0.9617211924164581,
      0.9997243713504801,
      0.9275383434246305,
      0.9943930369420538,
      0.9911579437481334,
      0.9975859593716946,
      0.9998816906628247,
      0.9964996680716988,
      0.9997937513676189,
      0.9998404293177695
    ],
    "noiseless_trace_distance": [
      0.06283305358679207,
      0.006721824582235664,
      0.08077508357071675,
      0.03489404050029271,
      0.034962535275206603,
      0.016259424313045612,
      0.003423021185600207,
      0.02084120049516805,
      0.005860124540142252,
      0.00307314464483259
    ],
    "noiseless_relative_entropy": [
      0.24985679603865069,
      0.0013278773310789332,
      0.3453330659096859,
      0.011023353882093787,
      0.05540859968105992,
      0.00513774845814929,
      0.0008053628345978964,
      0.005723976350242464,
      0.0011067030594337363,
      0.000400158366107713
    ],
    "noiseless_purity": [
      0.8917524168871933,
      0.7426697035549471,
      0.9486963139647004,
      0.6589452169500937,
      0.8059418719250487,
      0.7691300638486489,
      0.7259866805894789,
      0.6859037284512945,
      0.7202826583836701,
      0.7266754736567788
    ]
  }
}
