{
  "metadata": {
    "n": 2,
    "J": 1.0,
    "h": 0.5,
    "beta": 5.0,
    "ancilla_reps": 1,
    "system_reps": null,
    "optimizer": "SPSA",
    "min_kwargs": {
      "maxiter": 200
    },
    "shots": 8192
  },
  "metrics": {
    "exact_purity": 0.8011706484791081,
    "calculated_fidelity": [
      0.16442550019665525,
      1.0044646072245573,
      1.0004022710879052,
      0.9849039758711492,
      1.0043641606784637,
      1.0024994370421696,
      0.9980569861470193,
      1.000752270185033,
      1.0003290451232738,
      0.89133727147341
    ],
    "calculated_trace_distance": [
      0.5337514567624223,
      0.010311804314083333,
      0.027261734448804857,
      0.05179849748574067,
      0.0178491924106711,
      0.01676866422095427,
      0.029670112754609117,
      0.02792980380991373,
      0.015265256935767794,
      0.07930081521132328
    ],
    "calculated_relative_entropy": [
      4.3610884112964365,
      -0.003319024884669083,
      0.0028351523970221067,
      0.025968494890549282,
      -0.0026145952582939044,
      -0.0007065834646446168,
      0.005703633511700987,
      0.004242235885491379,
      0.0037046749460496985,
      0.24371489307269814
    ],
    "calculated_purity": [
      0.9813709557056427,
      0.8050519078969955,
      0.7711867690086365,
      0.6938854157924652,
      0.7856214046478271,
      0.7979768514633179,
      0.7471144795417786,
      0.7504054009914398,
      0.8375245779752731,
      1.0070666521787643
    ],
    "noiseless_fidelity": [
      0.1663218926046094,
      0.999898686008849,
      0.9982328012268961,
      0.9865626690578234,
      0.9996941666348,
      0.9996271282903069,
      0.9962289472699929,
      0.9954995055639055,
      0.998256885449665,
      0.8894139264416445
    ],
    "noiseless_trace_distance": [
      0.5325398114951492,
      0.0023356458883941472,
      0.014490270845321063,
      0.046933503469455295,
      0.006685114613064869,
      0.009275148136182132,
      0.022443754392136833,
      0.026560490584941254,
      0.013509663412183608,
      0.06753760632641409
    ],
    "noiseless_relative_entropy": [
      6.708154516927893,
      0.0002182118563316196,
      0.003945608045736633,
      0.02540254661319622,
      0.0006755243532162707,
      0.0019742046780413455,
      0.006806457612785749,
      0.012643856273039683,
      0.005859328973440582,
      1.2081884491834298
    ],
    "noiseless_purity": [
      0.9801054409522674,
      0.7998492562406523,
      0.7652282686731677,
      0.6925688576969349,
      0.7842331668432612,
      0.7849384658375534,
      0.7461426717358719,
      0.7373237554269554,
      0.8341789997912289,
      0.9999633645996548
    ]
  }
}
