{
  "metrics": {
    "exact_purity": 0.3482450223805722,
    "calculated_fidelity": [
      1.0203002854920171,
      1.0048359064598966,
      1.0038111288161478,
      0.9781930057895497,
      1.0003904872492813,
      0.9915265332656491,
      0.9995189429231096,
      1.0084604329690676,
      0.9894042812792381,
      0.9863607943576463
    ],
    "calculated_trace_distance": [
      0.19374369322110482,
      0.12960184980238237,
      0.1369748412450472,
      0.11144375354503509,
      0.11300175423103331,
      0.1786527911637893,
      0.10824051011574462,
      0.2200860950292537,
      0.17832107911534933,
      0.16179165225880393
    ],
    "calculated_relative_entropy": [
      -0.127478723483219,
      -0.08545065299524485,
      -0.08671392308896139,
      -0.08586803695014206,
      -0.08886348870241828,
      -0.06710035102174022,
      -0.1261800193490349,
      -0.1176163613847511,
      -0.0661560716492478,
      -0.0728844032366106
    ],
    "calculated_purity": [
      0.43734002113342285,
      0.41778433322906494,
      0.4001340866088867,
      0.41559314727783203,
      0.42104899883270264,
      0.39269769191741943,
      0.4170650243759155,
      0.43840813636779785,
      0.3765103816986084,
      0.3815382719039917
    ],
    "calculated_kullback_leibler_divergence": [
      Infinity,
      Infinity,
      0.022015583265074704,
      Infinity,
      Infinity,
      0.01618227043472093,
      0.03122626689219219,
      0.029066071602048806,
      0.025445786791182524,
      Infinity
    ],
    "noiseless_fidelity": [
      0.9445779477940348,
      0.9474478357195869,
      0.9525475612323019,
      0.9398030413210269,
      0.9438699927542362,
      0.9538712608587328,
      0.9504713007832282,
      0.9453349401470702,
      0.9475632703300828,
      0.9467731612398331
    ],
    "noiseless_trace_distance": [
      0.04370781778322859,
      0.050453078347478926,
      0.03838626103885836,
      0.052735493996885145,
      0.04161782014204469,
      0.03612953491016393,
      0.037234519600109546,
      0.058490044906307465,
      0.04479991186281226,
      0.051467378332325175
    ],
    "noiseless_relative_entropy": [
      0.21894407308073507,
      0.2607273095231495,
      0.18926583187418045,
      0.22186924779873113,
      0.2548244569297674,
      0.1472356249852732,
      0.1651306227420645,
      0.19669887644013026,
      0.1639941749510154,
      0.20704777208467473
    ],
    "noiseless_purity": [
      0.39415123433946897,
      0.3940975268038112,
      0.3771794074056155,
      0.40492080821354265,
      0.3993642494956776,
      0.36382727910949386,
      0.38204903733619106,
      0.39163230452608694,
      0.36333766575647847,
      0.36438142112065897
    ],
    "noiseless_kullback_leibler_divergence": [
      0.04209767872900567,
      0.04798881481359791,
      0.024105402338260286,
      0.045118482205895566,
      0.044390093712691314,
      0.016618963291150514,
      0.031090071884093132,
      0.031789524277437954,
      0.024164601423706043,
      0.029358748924805937
    ]
  },
  "metadata": {
    "job_ids": [
      null
    ],
    "backends": [
      null
    ],
    "n": 5,
    "J": 1.0,
    "h": 0.5,
    "beta": 1.0,
    "ancilla_reps": 1,
    "system_reps": 4,
    "optimizer": "SPSA",
    "min_kwargs": {
      "maxiter": 800
    },
    "shots": 1024,
    "noise_model": null
  }
}
