{
  "metrics": {
    "exact_purity": 0.3482450223805722,
    "calculated_fidelity": [
      0.6992891986641565,
      0.5992711704958456,
      0.6738211573855802,
      0.7074541410822024,
      0.6964633144870137,
      0.7122692045184498,
      0.7283067704525696,
      0.6937673873184099,
      0.5517148880188112,
      0.6988737854821366
    ],
    "calculated_trace_distance": [
      0.25184905592168294,
      0.33807033738792186,
      0.30291778759316934,
      0.3035735644806797,
      0.2539765574553836,
      0.267286043025179,
      0.33095976641318886,
      0.2835525584199388,
      0.3279167813867143,
      0.3134686059897692
    ],
    "calculated_relative_entropy": [
      0.5179765943392446,
      0.948975378794882,
      0.6179263349189956,
      0.5724722645459076,
      0.5784854806945685,
      0.5313370840634051,
      0.4686647367068984,
      0.5766661868022526,
      1.0818018453462885,
      0.5990879256643575
    ],
    "calculated_purity": [
      0.2015618085861206,
      0.1848365068435669,
      0.19078588485717773,
      0.21162128448486328,
      0.18184125423431396,
      0.19611966609954834,
      0.23003649711608887,
      0.18488359451293945,
      0.13708937168121338,
      0.19196176528930664
    ],
    "calculated_kullback_leibler_divergence": [
      0.21852773801099468,
      0.356098951960757,
      Infinity,
      0.1882190926281004,
      0.2592250053053877,
      0.29638044428771854,
      0.2724399664030973,
      Infinity,
      0.4583954215186744,
      0.2553559209916313
    ],
    "noiseless_fidelity": [
      0.7059219468507544,
      0.6127715877098184,
      0.6764164756315643,
      0.7069432692201348,
      0.7129486688250875,
      0.7072785942806943,
      0.7140004584171497,
      0.707678159575572,
      0.5883437504678217,
      0.7036047189969996
    ],
    "noiseless_trace_distance": [
      0.19003950208615059,
      0.27046810653759806,
      0.21308171057684874,
      0.19869816294477363,
      0.2089832039181515,
      0.20003689773004305,
      0.210532528872182,
      0.21383458942396755,
      0.27452868447986184,
      0.2099631161748833
    ],
    "noiseless_relative_entropy": [
      0.5906773027472312,
      0.9531907181479604,
      0.6943333730214035,
      0.635768918372543,
      0.590644063455084,
      0.5991778387432177,
      0.5819092466447339,
      0.5902890512818908,
      0.9774739283672651,
      0.6277643584017898
    ],
    "noiseless_purity": [
      0.1717376562807594,
      0.1561178641272385,
      0.15183392690370306,
      0.1832830560374375,
      0.16642496997430362,
      0.1638921153900139,
      0.1880123816790218,
      0.16186118787803339,
      0.12437405331905615,
      0.15902803496494394
    ],
    "noiseless_kullback_leibler_divergence": [
      0.22345094689791106,
      0.35917714222636077,
      0.33648886908878234,
      0.18539653541489676,
      0.26035092955508343,
      0.2992445680062392,
      0.27367792242297945,
      0.36778378517217303,
      0.4507925073565416,
      0.2543383652833059
    ]
  },
  "metadata": {
    "job_ids": [
      null
    ],
    "backends": [
      null
    ],
    "n": 5,
    "J": 1.0,
    "h": 0.5,
    "beta": 1.0,
    "ancilla_reps": 1,
    "system_reps": 1,
    "optimizer": "SPSA",
    "min_kwargs": {
      "maxiter": 500
    },
    "shots": 1024,
    "noise_model": null
  }
}
