{
  "metrics": {
    "exact_purity": 0.3482450223805722,
    "calculated_fidelity": [
      0.9794437040554044,
      1.000897670394732,
      1.0084614097035687,
      1.0302067420174101,
      1.0177393430916664,
      0.7000699716530178,
      0.6795049862706742,
      1.0168447656515511,
      0.9992797108511434,
      0.976217193202561
    ],
    "calculated_trace_distance": [
      0.17421383589699882,
      0.12766204289797664,
      0.13991877432875358,
      0.16320166710392828,
      0.14398221894836824,
      0.297256690112516,
      0.29701177975714843,
      0.12678163983162938,
      0.16577014469791768,
      0.15264740223543025
    ],
    "calculated_relative_entropy": [
      -0.048071670241240226,
      -0.09128917005262506,
      -0.13914051342123462,
      -0.15151267699311663,
      -0.13375583924039047,
      0.5429029257375475,
      0.612131163142851,
      -0.14102388134808302,
      -0.12129757244710462,
      -0.0418230247875038
    ],
    "calculated_purity": [
      0.3888571262359619,
      0.4117339849472046,
      0.44374513626098633,
      0.4383370876312256,
      0.44448184967041016,
      0.20814013481140137,
      0.18081414699554443,
      0.44850850105285645,
      0.43967318534851074,
      0.36914217472076416
    ],
    "calculated_kullback_leibler_divergence": [
      0.020270613011816964,
      Infinity,
      0.07692942130461822,
      Infinity,
      Infinity,
      0.3047889002580897,
      0.3222735838258941,
      Infinity,
      0.05517275515387316,
      Infinity
    ],
    "noiseless_fidelity": [
      0.9519908009880877,
      0.9428991835921887,
      0.9344148577220741,
      0.9512384842401111,
      0.9326738828974565,
      0.6987163942724024,
      0.7140030141005356,
      0.9370240712504724,
      0.9337290590191095,
      0.9395488569765441
    ],
    "noiseless_trace_distance": [
      0.04774639906684117,
      0.05063600927017345,
      0.06283250812245494,
      0.045805540508546225,
      0.05585505438651534,
      0.25904666120496456,
      0.21131413357727086,
      0.05055344674299547,
      0.0417477384587807,
      0.057776844897705994
    ],
    "noiseless_relative_entropy": [
      0.14840967405225097,
      0.2441863729886959,
      0.2918658144796884,
      0.1849513843283591,
      0.2893731177258526,
      0.6261678398562934,
      0.5821697721030163,
      0.24932454955952227,
      0.28545978801322264,
      0.17943426460024223
    ],
    "noiseless_purity": [
      0.36962348699146935,
      0.3969298726800887,
      0.4253791930902139,
      0.4039293040124795,
      0.4207444793736885,
      0.18629264964629833,
      0.15255302204835278,
      0.41702722994817265,
      0.410235756575057,
      0.3271598660695779
    ],
    "noiseless_kullback_leibler_divergence": [
      0.020520537666512295,
      0.05937181235137818,
      0.07992284264769303,
      0.06022735202404819,
      0.06314204953761177,
      0.30507319328722754,
      0.3207073652810193,
      0.061045079205613056,
      0.057522397591156606,
      0.029104399331319926
    ]
  },
  "metadata": {
    "job_ids": [
      null
    ],
    "backends": [
      null
    ],
    "n": 5,
    "J": 1.0,
    "h": 0.5,
    "beta": 1.0,
    "ancilla_reps": 1,
    "system_reps": 2,
    "optimizer": "SPSA",
    "min_kwargs": {
      "maxiter": 500
    },
    "shots": 1024,
    "noise_model": null
  }
}
