{
  "metadata": {
    "n": 4,
    "J": 1.0,
    "h": 0.5,
    "beta": 1e-10,
    "ancilla_reps": 1,
    "system_reps": null,
    "optimizer": "SPSA",
    "min_kwargs": {
      "maxiter": 400
    },
    "shots": 8192
  },
  "metrics": {
    "exact_purity": 0.0625,
    "calculated_fidelity": [
      0.6353907895773205,
      0.4396359575368462,
      0.9944757872398041,
      0.6471878147571507,
      0.36950241978001475,
      0.9930307292804379,
      0.9893422612711802,
      0.997746340099298,
      0.9965631206602709,
      0.9831442488499142
    ],
    "calculated_trace_distance": [
      0.23729934489422508,
      0.40777896128846186,
      0.02385517948963221,
      0.14959640212516928,
      0.4784537606918347,
      0.026638146323425666,
      0.032873799703211797,
      0.016443154757509206,
      0.017356357078018934,
      0.04109082783192566
    ],
    "calculated_relative_entropy": [
      1.1016040661934678,
      1.2831983430581568,
      0.010988677606852688,
      0.9771423314348863,
      1.6545330216679797,
      0.014160949928916363,
      0.02149681780297995,
      0.00456623596268131,
      0.00690347071314483,
      0.03417040830986996
    ],
    "calculated_purity": [
      0.18656005337834358,
      0.37881045415997505,
      0.06393017992377281,
      0.147682823240757,
      0.4397815987467766,
      0.06419650465250015,
      0.06517025455832481,
      0.06304646283388138,
      0.0633569248020649,
      0.06673209369182587
    ],
    "noiseless_fidelity": [
      0.6554697833596881,
      0.42329235993126985,
      0.9999238677804828,
      0.6556943150948598,
      0.3721366207683024,
      0.9999399548376323,
      0.9999818933720149,
      0.9999863508693854,
      0.9999861812609504,
      0.9999851590375339
    ],
    "noiseless_trace_distance": [
      0.23084951063323422,
      0.4023274393145596,
      0.002306112811030511,
      0.14411729814271992,
      0.4663356360120977,
      0.001538866911163629,
      0.0009472511657252507,
      0.0007841217420146856,
      0.0009258017441236738,
      0.0006856009880616771
    ],
    "noiseless_relative_entropy": [
      1.1616929969231466,
      2.173505367513839,
      0.00015239461477174364,
      1.1851904053446074,
      2.423774586069375,
      0.00012012195301849664,
      3.624884802357905e-05,
      2.7296577937431206e-05,
      2.766516682460227e-05,
      2.9672647319455047e-05
    ],
    "noiseless_purity": [
      0.18504987873202866,
      0.3815756539231924,
      0.0625189889581838,
      0.1472113009699416,
      0.4378640363985053,
      0.06251500199461574,
      0.06250451362775672,
      0.06250341305252352,
      0.06250344447120952,
      0.06250371390632428
    ]
  }
}
