{
  "metadata": {
    "n": 4,
    "J": 1.0,
    "h": 0.5,
    "beta": 0.2,
    "ancilla_reps": 1,
    "system_reps": null,
    "optimizer": "SPSA",
    "min_kwargs": {
      "maxiter": 400
    },
    "shots": 8192
  },
  "metrics": {
    "exact_purity": 0.07653248008408806,
    "calculated_fidelity": [
      0.9720482398321153,
      0.8798035059017318,
      0.9606586827109764,
      0.9624744244228761,
      0.9789587094037954,
      0.9617699150918648,
      0.9701772214358565,
      0.9578853790866946,
      0.9561045545597165,
      0.9548677723781245
    ],
    "calculated_trace_distance": [
      0.040417173671431536,
      0.07871070026047032,
      0.05368189607332707,
      0.05055689574709531,
      0.04222848102060471,
      0.05160842103724264,
      0.04689437660604464,
      0.05644358058165645,
      0.05414571890565203,
      0.052974701611856946
    ],
    "calculated_relative_entropy": [
      0.05807156654825636,
      0.23718307876024072,
      0.08156844863162357,
      0.07738405218049482,
      0.04327576351782246,
      0.0788505738094198,
      0.061450030109892376,
      0.08543693442047466,
      0.09118823480430241,
      0.09269998121324771
    ],
    "calculated_purity": [
      0.0713617280125618,
      0.09674263000488281,
      0.06818487495183945,
      0.06931126862764359,
      0.072325699031353,
      0.07035206630825996,
      0.07176105305552483,
      0.06945803016424179,
      0.06476834043860435,
      0.06552448868751526
    ],
    "noiseless_fidelity": [
      0.9807665615053685,
      0.8822832727398058,
      0.9709983948642532,
      0.9706218823076557,
      0.9861885383295096,
      0.9702852179892725,
      0.9778801035850417,
      0.9704261208485769,
      0.9592084213288247,
      0.9605243404031925
    ],
    "noiseless_trace_distance": [
      0.02973698173501584,
      0.06902038712234766,
      0.03465936840416423,
      0.0434918389612047,
      0.02435805776998318,
      0.03964149030879114,
      0.0326989336769272,
      0.039899969452343254,
      0.044517839496747535,
      0.043668005402318036
    ],
    "noiseless_relative_entropy": [
      0.039010834580339826,
      0.3769026175728012,
      0.05869701653544561,
      0.05973572087227828,
      0.028039981831632407,
      0.059926790242926624,
      0.045070788638191646,
      0.05977287145446861,
      0.08335273512898767,
      0.08080467331341626
    ],
    "noiseless_purity": [
      0.0701031620939785,
      0.09629620074368236,
      0.0671922942725953,
      0.06694223509501751,
      0.07024365224234676,
      0.06809278071366458,
      0.06938838042406414,
      0.0668729769188603,
      0.06420461943008034,
      0.06448126181269906
    ]
  }
}
