{
  "metadata": {
    "n": 4,
    "J": 1.0,
    "h": 0.5,
    "beta": 0.5,
    "ancilla_reps": 1,
    "system_reps": null,
    "optimizer": "SPSA",
    "min_kwargs": {
      "maxiter": 400
    },
    "shots": 8192
  },
  "metrics": {
    "exact_purity": 0.1745477399454516,
    "calculated_fidelity": [
      0.9747242355172409,
      0.9025729784523663,
      0.9389723577225766,
      0.9406992190375657,
      0.9138383130849371,
      0.9551649501471302,
      0.9140307078968437,
      0.8753287245608106,
      0.9600573686191167,
      0.908033724215364
    ],
    "calculated_trace_distance": [
      0.04732477692686682,
      0.11649199308914848,
      0.045071310106155324,
      0.07068908099702714,
      0.0817793814709686,
      0.046943855952110355,
      0.04622924915463934,
      0.055433406458824476,
      0.04371951855406749,
      0.14095434342263832
    ],
    "calculated_relative_entropy": [
      0.051623611171741364,
      0.21412964116237382,
      0.14751335406910152,
      0.12486627166487493,
      0.23229178535439343,
      0.11872716832721242,
      0.20350619356489574,
      0.27338752771605945,
      0.0870927790683669,
      0.19256166301753763
    ],
    "calculated_purity": [
      0.16054179146885872,
      0.1359660103917122,
      0.17341599240899086,
      0.14216633886098862,
      0.16229794174432755,
      0.1587238311767578,
      0.17487026378512383,
      0.17670898139476776,
      0.15509236231446266,
      0.11568501591682434
    ],
    "noiseless_fidelity": [
      0.9786349271333374,
      0.9101907326311773,
      0.9563857633358754,
      0.9519582039315151,
      0.9393733716434495,
      0.9712110797820042,
      0.930233270970307,
      0.9038922073880059,
      0.9650881692765557,
      0.9145361428527796
    ],
    "noiseless_trace_distance": [
      0.03522834279902433,
      0.10605891126900101,
      0.03339836988832203,
      0.05285111760068146,
      0.0625375988205381,
      0.037308930474951645,
      0.034665587669621356,
      0.03993367342011572,
      0.03119700296478084,
      0.12597325619772298
    ],
    "noiseless_relative_entropy": [
      0.042913186875888853,
      0.19173572029614394,
      0.10195006213319055,
      0.09995746582112912,
      0.1312274902942931,
      0.06062649077590543,
      0.21947616294499403,
      0.2417537956010315,
      0.07434464775992561,
      0.17194643474437668
    ],
    "noiseless_purity": [
      0.16136700412828597,
      0.13605035859972,
      0.17257425766232404,
      0.14363784678673885,
      0.15606233497059538,
      0.15557823318747,
      0.17132113702892257,
      0.17513988030180974,
      0.1570088059843981,
      0.11513692880925386
    ]
  }
}
