{
  "metadata": {
    "n": 4,
    "J": 1.0,
    "h": 0.5,
    "beta": 0.8,
    "ancilla_reps": 1,
    "system_reps": null,
    "optimizer": "SPSA",
    "min_kwargs": {
      "maxiter": 400
    },
    "shots": 8192
  },
  "metrics": {
    "exact_purity": 0.32748109567538675,
    "calculated_fidelity": [
      0.9350925551547794,
      0.9638491368577301,
      0.95649712706825,
      0.9334238538375319,
      0.9638234365003947,
      0.9454199576713379,
      0.9629256458992881,
      0.9529673143228662,
      0.9661222357305709,
      0.9459491087216301
    ],
    "calculated_trace_distance": [
      0.04608625484141995,
      0.045231647587200795,
      0.04518099415247344,
      0.04664007638297799,
      0.03454493411296225,
      0.04519345602615533,
      0.037152458890865686,
      0.04255656378002911,
      0.043224918599043316,
      0.05781513781477601
    ],
    "calculated_relative_entropy": [
      0.0902582041957406,
      0.05200658948757758,
      0.05734315499278862,
      0.09937431307634823,
      0.0842291643957748,
      0.11199289931546783,
      0.0590064593897212,
      0.10945611240529558,
      0.0417957256050917,
      0.08224873585024872
    ],
    "calculated_purity": [
      0.35293032974004745,
      0.3234221674501896,
      0.3319820389151573,
      0.39961031824350357,
      0.3436052277684212,
      0.36060822010040283,
      0.3287310339510441,
      0.3306894414126873,
      0.3353700041770935,
      0.33537955582141876
    ],
    "noiseless_fidelity": [
      0.9422467833524669,
      0.9767203999888107,
      0.9621174196525694,
      0.9036209529183729,
      0.9706907396124919,
      0.9553588493410302,
      0.9772379582457088,
      0.969594900779599,
      0.9743322617886409,
      0.9498108146717448
    ],
    "noiseless_trace_distance": [
      0.03154083679077051,
      0.01970378634284414,
      0.025222817785312355,
      0.03680102886049019,
      0.021962728002480485,
      0.03683353428784082,
      0.023188469617408492,
      0.02885437022854361,
      0.02558648946228293,
      0.030799341608119934
    ],
    "noiseless_relative_entropy": [
      0.1882013720638977,
      0.09921474669144616,
      0.10816341247676928,
      0.6903475343944845,
      0.09324074802892408,
      0.13133063505950707,
      0.0549419957199801,
      0.07062467982893708,
      0.09126853949501132,
      0.1558075425895386
    ],
    "noiseless_purity": [
      0.35279687028334167,
      0.3275218460619496,
      0.33238131247752056,
      0.3961345081738453,
      0.3414344635747444,
      0.36044063080621574,
      0.3267119921556386,
      0.327556343269988,
      0.3376443895508654,
      0.33622991279203235
    ]
  }
}
