{
  "metadata": {
    "n": 4,
    "J": 1.0,
    "h": 0.5,
    "beta": 1.0,
    "ancilla_reps": 1,
    "system_reps": null,
    "optimizer": "SPSA",
    "min_kwargs": {
      "maxiter": 400
    },
    "shots": 8192
  },
  "metrics": {
    "exact_purity": 0.40326401172339443,
    "calculated_fidelity": [
      0.9697965211065277,
      0.971999568942564,
      0.9643504481553545,
      0.9760245433154046,
      0.9684711192112634,
      0.9766468479818396,
      0.9647001979957271,
      0.9694339317845376,
      0.9644160742790838,
      0.810990823551474
    ],
    "calculated_trace_distance": [
      0.05468573214785924,
      0.04719412490241108,
      0.05429322672174684,
      0.07543151536984677,
      0.035565818170949774,
      0.041008721585069324,
      0.037316342531650414,
      0.04089431886418346,
      0.04553445234698503,
      0.27084391446281525
    ],
    "calculated_relative_entropy": [
      0.013573204854238512,
      0.02656133719660278,
      0.038627466006845274,
      0.008195043745154722,
      0.03367072804873361,
      0.02370510830909455,
      0.03685957036624957,
      0.038845353886592486,
      0.028024483196444253,
      0.3751024917992758
    ],
    "calculated_purity": [
      0.4245433136820793,
      0.4109058678150177,
      0.4304243177175522,
      0.4143405482172966,
      0.41975991055369377,
      0.39913129433989525,
      0.4182905927300453,
      0.3946019746363163,
      0.4394071698188782,
      0.4245225749909878
    ],
    "noiseless_fidelity": [
      0.9725881066725471,
      0.9760783233906969,
      0.9616730785352726,
      0.9766910290462637,
      0.9843528927475119,
      0.9810380973660517,
      0.9786568041618406,
      0.975234400054135,
      0.9529857948503591,
      0.8225017257993562
    ],
    "noiseless_trace_distance": [
      0.033045085004806574,
      0.022178877511604342,
      0.03965838174792966,
      0.025191680943310767,
      0.01768899162697323,
      0.02196038941019797,
      0.019807777057355102,
      0.022846673470757042,
      0.03320498095533896,
      0.2571437251220338
    ],
    "noiseless_relative_entropy": [
      0.08153371040099187,
      0.0835466239928061,
      0.15580395052803636,
      0.1735875663536616,
      0.05002278382387405,
      0.047030439671090774,
      0.08656775887126157,
      0.08662482222206934,
      0.2595697394232189,
      0.3851674353517446
    ],
    "noiseless_purity": [
      0.41742834499417814,
      0.40541162563177324,
      0.4335022998699041,
      0.41886339118088334,
      0.4188165065839026,
      0.395910119123692,
      0.4181589870632443,
      0.40130981879860256,
      0.44281774741005764,
      0.4218878432175928
    ]
  }
}
