{
  "metadata": {
    "n": 4,
    "J": 1.0,
    "h": 0.5,
    "beta": 1.2,
    "ancilla_reps": 1,
    "system_reps": null,
    "optimizer": "SPSA",
    "min_kwargs": {
      "maxiter": 400
    },
    "shots": 8192
  },
  "metrics": {
    "exact_purity": 0.4490637418313904,
    "calculated_fidelity": [
      0.9887172112566746,
      0.9951329201937092,
      0.6534200706323953,
      0.9787866329143616,
      0.9312671463504021,
      0.9822480996501949,
      0.9890466165408909,
      0.9870833682054648,
      0.9991787208695838,
      0.9864723477525014
    ],
    "calculated_trace_distance": [
      0.04094533230295539,
      0.038598196987878565,
      0.33929025768099097,
      0.03690988962057038,
      0.14680787309724583,
      0.05897989695248939,
      0.03880446913737139,
      0.03650988914635922,
      0.05892575209654059,
      0.053034999190435604
    ],
    "calculated_relative_entropy": [
      -0.0028114351133383085,
      -0.022136149432084105,
      1.3799894416108094,
      0.02034745536166902,
      0.11260804331144314,
      0.001322058180280923,
      -0.014186639879970021,
      0.010155483730787588,
      -0.025224372866661463,
      0.005577395869651683
    ],
    "calculated_purity": [
      0.46194974333047867,
      0.4691951349377632,
      0.8031936511397362,
      0.4628962203860283,
      0.40304160863161087,
      0.47271867096424103,
      0.4896402135491371,
      0.4350440800189972,
      0.46064024046063423,
      0.4697125740349293
    ],
    "noiseless_fidelity": [
      0.98491783375507,
      0.9823870254228131,
      0.6443920548731721,
      0.9829723696032309,
      0.9386339862016977,
      0.9753474405417375,
      0.9660926817306417,
      0.985062323517249,
      0.9819591962509654,
      0.966269351307504
    ],
    "noiseless_trace_distance": [
      0.021941329154826317,
      0.028642306466013713,
      0.3277035456993126,
      0.02663418703796469,
      0.13156210562999604,
      0.04458693859283423,
      0.02808995656541316,
      0.02160609424876223,
      0.02303223099961762,
      0.044121601168336126
    ],
    "noiseless_relative_entropy": [
      0.05408240633022243,
      0.07231383280820329,
      2.415798172006368,
      0.06882696331045904,
      0.127778675906051,
      0.10470291567265935,
      0.18055740618439814,
      0.040354482446854606,
      0.06435878335193312,
      0.15090791123914712
    ],
    "noiseless_purity": [
      0.46187574783448804,
      0.470326476015753,
      0.7990562048851063,
      0.4564828269554107,
      0.41012817023231707,
      0.473469992171495,
      0.48931643590325685,
      0.43611780274228656,
      0.45909090640709205,
      0.4743168727644741
    ]
  }
}
