{
  "metadata": {
    "n": 4,
    "J": 1.0,
    "h": 0.5,
    "beta": 2.0,
    "ancilla_reps": 1,
    "system_reps": null,
    "optimizer": "SPSA",
    "min_kwargs": {
      "maxiter": 400
    },
    "shots": 8192
  },
  "metrics": {
    "exact_purity": 0.49706710502102047,
    "calculated_fidelity": [
      0.5275379130861528,
      1.0035390377689508,
      0.5221131594377983,
      1.0025698468532378,
      1.006849906693049,
      0.544520064935159,
      0.5417358440584478,
      0.9997180600312979,
      0.9415036708539637,
      0.999735127472045
    ],
    "calculated_trace_distance": [
      0.4179273813185942,
      0.04988344838522506,
      0.4216660908627864,
      0.04994201082056835,
      0.04371548610124027,
      0.4038026332281988,
      0.4111233133785927,
      0.04485019228289872,
      0.16864078950027797,
      0.034294839323083644
    ],
    "calculated_relative_entropy": [
      1.6998527787697282,
      -0.0025122414171310954,
      1.6144608696771034,
      0.008244493914913283,
      -0.006369163095314941,
      1.3436821048096568,
      1.7550233752753543,
      0.005485123170802221,
      0.1622252622696859,
      0.00048204247911738315
    ],
    "calculated_purity": [
      0.9963793829083443,
      0.5018741264939308,
      1.0108848959207535,
      0.5023696310818195,
      0.5037594586610794,
      0.9937031492590904,
      0.9543987885117531,
      0.4962491989135742,
      0.5704514272511005,
      0.49271678179502487
    ],
    "noiseless_fidelity": [
      0.4993894389741095,
      0.9944658842866833,
      0.5170026003953443,
      0.9938129709199229,
      0.9973143657247738,
      0.5415060651527054,
      0.5400987328390593,
      0.9968810694094067,
      0.9332896266564527,
      0.9967751610620619
    ],
    "noiseless_trace_distance": [
      0.40498198311864864,
      0.014454636233335025,
      0.40472400795352065,
      0.03893238389846823,
      0.011519923788293713,
      0.38263173532042016,
      0.4010603799161653,
      0.01987210901018735,
      0.16118034725892222,
      0.01572732510313958
    ],
    "noiseless_relative_entropy": [
      4.710932079036023,
      0.02468344748214912,
      4.321114327016405,
      0.04286902736901131,
      0.025951987896566633,
      3.290441649142499,
      3.0200334871021672,
      0.022189042949584098,
      0.23553878342917883,
      0.033435770804649295
    ],
    "noiseless_purity": [
      0.9898634502916608,
      0.49461053975132263,
      0.9877751183290864,
      0.49958697910189404,
      0.5005704435097996,
      0.9897080817108524,
      0.9568192108428946,
      0.49833428773285693,
      0.5667383120275227,
      0.4992962063181303
    ]
  }
}
