{
  "metadata": {
    "n": 4,
    "J": 1.0,
    "h": 0.5,
    "beta": 3.0,
    "ancilla_reps": 1,
    "system_reps": null,
    "optimizer": "SPSA",
    "min_kwargs": {
      "maxiter": 400
    },
    "shots": 8192
  },
  "metrics": {
    "exact_purity": 0.5012707840796924,
    "calculated_fidelity": [
      0.7722737475086171,
      0.5904121806625444,
      0.6034432843333403,
      0.6688770276388218,
      1.001545178534761,
      0.9944370938097963,
      0.9825917801254771,
      0.5344151767423237,
      0.9957790510240702,
      0.9460033930828623
    ],
    "calculated_trace_distance": [
      0.36802602085811603,
      0.4151869761396977,
      0.3882212768363453,
      0.3829835176769927,
      0.06783576501184177,
      0.04957600124420899,
      0.09834400580690988,
      0.38077291714673484,
      0.0663021013364238,
      0.1690682570357279
    ],
    "calculated_relative_entropy": [
      0.6214796403982255,
      1.5248075781168438,
      1.4990383182796503,
      1.1074351731445553,
      0.009281697421057496,
      0.014751408998185882,
      0.04613513433904524,
      1.808876825356528,
      0.011805486804024191,
      0.1343826311976099
    ],
    "calculated_purity": [
      0.8028711453080177,
      0.9628667496144772,
      0.9691871628165245,
      0.9369543977081776,
      0.5210176669061184,
      0.5062180459499359,
      0.5155605748295784,
      1.0029532946646214,
      0.5011041350662708,
      0.584245577454567
    ],
    "noiseless_fidelity": [
      0.7805896449928945,
      0.5931007857017216,
      0.5855515044898705,
      0.6797188008525323,
      0.9924510480480117,
      0.9950301541503398,
      0.9839653625445578,
      0.5293505690457393,
      0.9961110005598076,
      0.9484464733888402
    ],
    "noiseless_trace_distance": [
      0.34562720151353155,
      0.4056063561870307,
      0.3701699062780527,
      0.3602934949365726,
      0.06028377160185156,
      0.034127826298647454,
      0.07644818812468546,
      0.36481032685517556,
      0.049401745381986856,
      0.16254059871063023
    ],
    "noiseless_relative_entropy": [
      0.7271121118318455,
      2.1895320764716466,
      2.432835183162833,
      1.496386630785188,
      0.026337638532745636,
      0.01526631738824122,
      0.05112234014318181,
      5.827656189434956,
      0.011938060645079455,
      0.21518847342530412
    ],
    "noiseless_purity": [
      0.8020254105409501,
      0.964321183583905,
      0.9625358251828973,
      0.9334385730897643,
      0.5130407346093415,
      0.507273017260967,
      0.5145188234734186,
      0.997370739931362,
      0.5012276119101999,
      0.5936545320593943
    ]
  }
}
