{
  "metadata": {
    "n": 4,
    "J": 1.0,
    "h": 0.5,
    "beta": 4.0,
    "ancilla_reps": 1,
    "system_reps": null,
    "optimizer": "SPSA",
    "min_kwargs": {
      "maxiter": 400
    },
    "shots": 8192
  },
  "metrics": {
    "exact_purity": 0.5025042466084132,
    "calculated_fidelity": [
      0.6334049323999463,
      0.5750161630323268,
      0.9190958422731929,
      0.9953274736306735,
      0.9996411591265106,
      0.5550140442317992,
      0.5079474073894341,
      0.9970049713345921,
      0.665525532433548,
      0.5549460524643686
    ],
    "calculated_trace_distance": [
      0.3735081998103206,
      0.3583296540429767,
      0.23327687517149845,
      0.034208801255769535,
      0.03137489951970602,
      0.3735333043252901,
      0.3240053352168989,
      0.04735282779495274,
      0.400595941561482,
      0.4441858577388195
    ],
    "calculated_relative_entropy": [
      1.369416024408463,
      1.5101332118355626,
      0.2018695919430142,
      0.010364824054973057,
      0.00411699210247886,
      1.6545083488400876,
      1.7384368075944856,
      0.009712564680363824,
      1.1392261441417473,
      1.6040480241624298
    ],
    "calculated_purity": [
      0.9688007570803165,
      0.988757748156786,
      0.6081612147390842,
      0.503500908613205,
      0.5052460171282291,
      1.0030434429645538,
      0.9766935110092163,
      0.5107824504375458,
      0.9164694026112556,
      0.8105903305113316
    ],
    "noiseless_fidelity": [
      0.6266212619044355,
      0.5892092966743506,
      0.9176612847621046,
      0.9962845551430143,
      0.9978516085891219,
      0.5389909026449962,
      0.5389071322900287,
      0.9963403137664478,
      0.6644592400742021,
      0.5521870273064725
    ],
    "noiseless_trace_distance": [
      0.3661937440436508,
      0.35037148138995344,
      0.22880894640505794,
      0.028092920825688684,
      0.01590429991984565,
      0.3606246379368657,
      0.31155070289854025,
      0.028943060776844085,
      0.3882676735910275,
      0.42801177256891554
    ],
    "noiseless_relative_entropy": [
      3.030270145066321,
      2.8983940296198822,
      0.25257796058864423,
      0.012039956198641451,
      0.010463747741814106,
      7.945697119208122,
      5.024082523841731,
      0.01354202972550864,
      1.4477081622921493,
      2.0006683737654245
    ],
    "noiseless_purity": [
      0.9688230719546628,
      0.9893405281031844,
      0.603933854885031,
      0.5028460776110976,
      0.5019573386606861,
      0.9987694496053873,
      0.9657725485131344,
      0.5064533200656496,
      0.9100989454731709,
      0.8031980737800855
    ]
  }
}
