{
  "metadata": {
    "n": 4,
    "J": 1.0,
    "h": 0.5,
    "beta": 5.0,
    "ancilla_reps": 1,
    "system_reps": null,
    "optimizer": "SPSA",
    "min_kwargs": {
      "maxiter": 400
    },
    "shots": 8192
  },
  "metrics": {
    "exact_purity": 0.5039152858087399,
    "calculated_fidelity": [
      0.8244126396103358,
      0.48204324814710586,
      0.5468619628423852,
      0.9572944908683092,
      0.5091696814509272,
      0.45708287816477744,
      0.6215689216785731,
      0.6059517507769193,
      0.8420043905473367,
      0.48580004304755303
    ],
    "calculated_trace_distance": [
      0.32267295021641534,
      0.4368810662606344,
      0.3971155270445071,
      0.0755664519693416,
      0.4389864779186281,
      0.4413058759786702,
      0.3849548678267691,
      0.3766628344331938,
      0.31137590922734265,
      0.44030165511553704
    ],
    "calculated_relative_entropy": [
      0.4379311301276523,
      2.0597591010103913,
      1.5122647679375445,
      0.1066232476794328,
      1.712357852001606,
      1.8693978556665416,
      1.429351852570298,
      1.5033091011460984,
      0.3994747740274932,
      1.7210502779018553
    ],
    "calculated_purity": [
      0.7495429627597332,
      0.9948001652956009,
      1.0122756026685238,
      0.4782758615911007,
      1.006641998887062,
      1.008426059037447,
      0.997589822858572,
      0.9935363046824932,
      0.7277477271854877,
      0.9956104084849358
    ],
    "noiseless_fidelity": [
      0.8159428488064768,
      0.4687762391999039,
      0.5521964545608355,
      0.9568637454044076,
      0.45711793701836556,
      0.4754544821319683,
      0.5969724171947544,
      0.6002452874940589,
      0.8405802623797495,
      0.4734477736343945
    ],
    "noiseless_trace_distance": [
      0.31753604881824704,
      0.427784615806158,
      0.3635762117449079,
      0.06874517194417136,
      0.42798105559770755,
      0.4275492805035,
      0.36198067934794537,
      0.3704099066218131,
      0.2906288495724763,
      0.4275985326856542
    ],
    "noiseless_relative_entropy": [
      0.49007014832238316,
      4.914373644779825,
      4.17440449961979,
      0.16458323786636692,
      11.726975797491011,
      3.754074727248403,
      2.49561280178997,
      2.339748279094193,
      0.4188552182567561,
      4.5951143352285095
    ],
    "noiseless_purity": [
      0.749904268092013,
      0.9969680441969677,
      0.9979520148980561,
      0.4769050967667886,
      0.9993188536778896,
      0.9967875553095648,
      0.9912505288227087,
      0.9911089475939845,
      0.7106538949739558,
      0.998275963467303
    ]
  }
}
