{
  "metrics": {
    "exact_purity": 0.25,
    "calculated_fidelity": [
      0.9921518501288594
    ],
    "calculated_trace_distance": [
      0.04706355962345192
    ],
    "calculated_relative_entropy": [
      0.015824415935037875
    ],
    "calculated_purity": [
      0.2578315734863291
    ],
    "calculated_kullback_leibler_divergence": [
      0.053777892387939605
    ],
    "noiseless_fidelity": [
      0.9983661222531307
    ],
    "noiseless_trace_distance": [
      0.021681959125621063
    ],
    "noiseless_relative_entropy": [
      0.0032299602473602525
    ],
    "noiseless_purity": [
      0.25169882444296565
    ],
    "noiseless_kullback_leibler_divergence": [
      0.003229960235439859
    ]
  },
  "metadata": {
    "job_ids": [
      "cfd31ao574nj1c55u8ag"
    ],
    "backends": [
      "ibm_nairobi"
    ],
    "n": 2,
    "J": 1,
    "h": 0.5,
    "beta": 1e-10,
    "ancilla_reps": 1,
    "system_reps": 1,
    "optimizer": "SPSA",
    "min_kwargs": {
      "maxiter": 200
    },
    "shots": 1024,
    "noise_model": null
  }
}
