{
  "metrics": {
    "exact_purity": 0.2644755136790756,
    "calculated_fidelity": [
      0.9901865600885285
    ],
    "calculated_trace_distance": [
      0.049430522807030114
    ],
    "calculated_relative_entropy": [
      0.02043127077700664
    ],
    "calculated_purity": [
      0.275422626071507
    ],
    "calculated_kullback_leibler_divergence": [
      0.008696004377242526
    ],
    "noiseless_fidelity": [
      0.9929234301570256
    ],
    "noiseless_trace_distance": [
      0.021387990517001715
    ],
    "noiseless_relative_entropy": [
      0.014352182512547013
    ],
    "noiseless_purity": [
      0.27068731397535994
    ],
    "noiseless_kullback_leibler_divergence": [
      0.011775238488092043
    ]
  },
  "metadata": {
    "job_ids": [
      "cfd31b0ohn1j98u1eia0"
    ],
    "backends": [
      "ibm_nairobi"
    ],
    "n": 2,
    "J": 1,
    "h": 0.5,
    "beta": 0.2,
    "ancilla_reps": 1,
    "system_reps": 1,
    "optimizer": "SPSA",
    "min_kwargs": {
      "maxiter": 200
    },
    "shots": 1024,
    "noise_model": null
  }
}
