{
  "metrics": {
    "exact_purity": 0.3999261709032876,
    "calculated_fidelity": [
      0.9726496012801318
    ],
    "calculated_trace_distance": [
      0.0882823854549566
    ],
    "calculated_relative_entropy": [
      0.07057288854648969
    ],
    "calculated_purity": [
      0.41120168897840814
    ],
    "calculated_kullback_leibler_divergence": [
      0.010693215624014499
    ],
    "noiseless_fidelity": [
      0.9462144601783593
    ],
    "noiseless_trace_distance": [
      0.04165503247998878
    ],
    "noiseless_relative_entropy": [
      0.3732740225881844
    ],
    "noiseless_purity": [
      0.4330201339349474
    ],
    "noiseless_kullback_leibler_divergence": [
      0.3703609965974702
    ]
  },
  "metadata": {
    "job_ids": [
      "cfd31bjetif5p08cetbg"
    ],
    "backends": [
      "ibm_nairobi"
    ],
    "n": 2,
    "J": 1,
    "h": 0.5,
    "beta": 0.8,
    "ancilla_reps": 1,
    "system_reps": 1,
    "optimizer": "SPSA",
    "min_kwargs": {
      "maxiter": 200
    },
    "shots": 1024,
    "noise_model": null
  }
}
