{
  "metrics": {
    "exact_purity": 0.47715088918704646,
    "calculated_fidelity": [
      0.9882778144920898
    ],
    "calculated_trace_distance": [
      0.07023484433601704
    ],
    "calculated_relative_entropy": [
      0.027430959468541165
    ],
    "calculated_purity": [
      0.4620882670084645
    ],
    "calculated_kullback_leibler_divergence": [
      0.029148721233356226
    ],
    "noiseless_fidelity": [
      0.9706327970744468
    ],
    "noiseless_trace_distance": [
      0.021353280896557254
    ],
    "noiseless_relative_entropy": [
      0.14164126997074628
    ],
    "noiseless_purity": [
      0.5119257847950365
    ],
    "noiseless_kullback_leibler_divergence": [
      0.08175368060297489
    ]
  },
  "metadata": {
    "job_ids": [
      "cfd31c7va0ku8f0ifhog"
    ],
    "backends": [
      "ibm_nairobi"
    ],
    "n": 2,
    "J": 1,
    "h": 0.5,
    "beta": 1.2,
    "ancilla_reps": 1,
    "system_reps": 1,
    "optimizer": "SPSA",
    "min_kwargs": {
      "maxiter": 200
    },
    "shots": 1024,
    "noise_model": null
  }
}
