{
  "metrics": {
    "exact_purity": 0.5677667882613814,
    "calculated_fidelity": [
      0.9205020503803898
    ],
    "calculated_trace_distance": [
      0.1557657406408161
    ],
    "calculated_relative_entropy": [
      0.1578013348153345
    ],
    "calculated_purity": [
      0.4386461046006954
    ],
    "calculated_kullback_leibler_divergence": [
      0.08463223980187008
    ],
    "noiseless_fidelity": [
      0.9728405227614837
    ],
    "noiseless_trace_distance": [
      0.07476017163546288
    ],
    "noiseless_relative_entropy": [
      0.053519304019404974
    ],
    "noiseless_purity": [
      0.48348373251678406
    ],
    "noiseless_kullback_leibler_divergence": [
      0.03718945428529877
    ]
  },
  "metadata": {
    "job_ids": [
      "cfd31c0574nj1c55u9p0"
    ],
    "backends": [
      "ibm_nairobi"
    ],
    "n": 2,
    "J": 1,
    "h": 0.5,
    "beta": 2,
    "ancilla_reps": 1,
    "system_reps": 1,
    "optimizer": "SPSA",
    "min_kwargs": {
      "maxiter": 200
    },
    "shots": 1024,
    "noise_model": null
  }
}
