{
  "metrics": {
    "exact_purity": 0.7308553090569767,
    "calculated_fidelity": [
      0.899696725768844
    ],
    "calculated_trace_distance": [
      0.1466902509889466
    ],
    "calculated_relative_entropy": [
      0.1648163665578013
    ],
    "calculated_purity": [
      0.5177451239691848
    ],
    "calculated_kullback_leibler_divergence": [
      0.14766054206066387
    ],
    "noiseless_fidelity": [
      0.9854794226381024
    ],
    "noiseless_trace_distance": [
      0.05109190524224452
    ],
    "noiseless_relative_entropy": [
      0.027282405152612002
    ],
    "noiseless_purity": [
      0.6291081407153933
    ],
    "noiseless_kullback_leibler_divergence": [
      0.02350131602220333
    ]
  },
  "metadata": {
    "job_ids": [
      "cfd31cnva0ku8f0ifie0"
    ],
    "backends": [
      "ibm_nairobi"
    ],
    "n": 2,
    "J": 1,
    "h": 0.5,
    "beta": 4,
    "ancilla_reps": 1,
    "system_reps": 1,
    "optimizer": "SPSA",
    "min_kwargs": {
      "maxiter": 200
    },
    "shots": 1024,
    "noise_model": null
  }
}
