{
  "metrics": {
    "exact_purity": 0.8011706484791081,
    "calculated_fidelity": [
      0.9073711235883937
    ],
    "calculated_trace_distance": [
      0.12450063593899885
    ],
    "calculated_relative_entropy": [
      0.17981466385495765
    ],
    "calculated_purity": [
      0.6687717437744141
    ],
    "calculated_kullback_leibler_divergence": [
      0.06381181352439684
    ],
    "noiseless_fidelity": [
      0.9773618987238136
    ],
    "noiseless_trace_distance": [
      0.06294971521856586
    ],
    "noiseless_relative_entropy": [
      0.06830658281862892
    ],
    "noiseless_purity": [
      0.6648287079470385
    ],
    "noiseless_kullback_leibler_divergence": [
      0.035328146484225526
    ]
  },
  "metadata": {
    "job_ids": [
      "cfd31cjetif5p08ceup0"
    ],
    "backends": [
      "ibm_nairobi"
    ],
    "n": 2,
    "J": 1,
    "h": 0.5,
    "beta": 5,
    "ancilla_reps": 1,
    "system_reps": 1,
    "optimizer": "SPSA",
    "min_kwargs": {
      "maxiter": 200
    },
    "shots": 1024,
    "noise_model": null
  }
}
