{
  "metrics": {
    "exact_purity": 0.3482450223805722,
    "calculated_fidelity": [
      0.9832127773397719,
      0.8157464166646281,
      0.9998137081881506,
      0.9582036460919415,
      0.9457250789128568,
      0.9596698575218774,
      0.9651463408142096,
      0.9525731216271958,
      0.7666576242281992,
      0.8694533189804541
    ],
    "calculated_trace_distance": [
      0.1488602985023314,
      0.28364550589813936,
      0.13980002628450014,
      0.12422450356302633,
      0.16681044814148652,
      0.1428881300871832,
      0.1919324406558773,
      0.13621529423099402,
      0.39719592405065723,
      0.29234121275262687
    ],
    "calculated_relative_entropy": [
      -0.07287548101268107,
      0.34064703261899654,
      -0.08546807662740956,
      -0.04046397032756375,
      0.015467381257109114,
      -0.009563241976170698,
      -0.021331194006259158,
      0.008399182663293717,
      0.4481700975293176,
      0.19691673289969486
    ],
    "calculated_purity": [
      0.39212024211883545,
      0.35814857482910156,
      0.40811359882354736,
      0.36065995693206787,
      0.38717591762542725,
      0.3462998867034912,
      0.3540914058685303,
      0.35645174980163574,
      0.40912699699401855,
      0.35257792472839355
    ],
    "calculated_kullback_leibler_divergence": [
      Infinity,
      Infinity,
      Infinity,
      Infinity,
      Infinity,
      0.03160722185300089,
      Infinity,
      Infinity,
      0.3292201059956586,
      Infinity
    ],
    "noiseless_fidelity": [
      0.9459190830003441,
      0.8045604631357086,
      0.9295953709870602,
      0.9300279787676573,
      0.8952130082315887,
      0.9342720328269256,
      0.93971824695385,
      0.9168604993850256,
      0.7673464411423672,
      0.8732604561558868
    ],
    "noiseless_trace_distance": [
      0.04592954943509353,
      0.2448537434358949,
      0.05461637190704207,
      0.08598012174641913,
      0.09199270542314932,
      0.05512763110405517,
      0.05276875581184766,
      0.08384703560977866,
      0.27637283550574543,
      0.1439632766937625
    ],
    "noiseless_relative_entropy": [
      0.17431636089167207,
      0.4721663791501028,
      0.29139474518283637,
      0.20651699585708005,
      0.43980103108126756,
      0.17408287662323957,
      0.1923614080374042,
      0.2638107676223632,
      0.5600046092102365,
      0.3118665239491564
    ],
    "noiseless_purity": [
      0.3530109820553613,
      0.32958274665656,
      0.36986381086697495,
      0.34266855356606085,
      0.3729654495697457,
      0.32123370468733725,
      0.3355259235291572,
      0.34080216030864185,
      0.38096608861139913,
      0.3055149286279512
    ],
    "noiseless_kullback_leibler_divergence": [
      0.02314630062085414,
      0.21295892449483905,
      0.03308490079280356,
      0.021382127767315295,
      0.039218026615109994,
      0.03221397042100639,
      0.016761120683325068,
      0.0494357252026997,
      0.3325951794222266,
      0.07645192182268634
    ]
  },
  "metadata": {
    "job_ids": [
      null
    ],
    "backends": [
      null
    ],
    "n": 5,
    "J": 1.0,
    "h": 0.5,
    "beta": 1.0,
    "ancilla_reps": 1,
    "system_reps": 4,
    "optimizer": "SPSA",
    "min_kwargs": {
      "maxiter": 300
    },
    "shots": 1024,
    "noise_model": null
  }
}
