{
  "metrics": {
    "exact_purity": 0.25,
    "calculated_fidelity": [
      0.9960777639048063,
      0.9959406527773169,
      0.994270531322533,
      0.9954267311425218,
      0.9982914527368782,
      0.9830978314045712,
      0.993451750310167,
      0.9966279189035722,
      0.9973820206097266,
      0.9952381947214469
    ],
    "calculated_trace_distance": [
      0.038218180599352496,
      0.029440654575715645,
      0.04601128668599638,
      0.038885141592165495,
      0.020779475911556204,
      0.06919453650027327,
      0.04006376975852885,
      0.03078098509728972,
      0.025029764632859487,
      0.03729602534951534
    ],
    "calculated_relative_entropy": [
      0.007801425047385515,
      0.008150243481933366,
      0.011459964973495409,
      0.009208314728657591,
      0.003428555883135056,
      0.03477846191816176,
      0.013174718489024576,
      0.006770399560100917,
      0.005254905400912026,
      0.009505108447097187
    ],
    "calculated_purity": [
      0.25402620103624235,
      0.25405014885796545,
      0.255811267428929,
      0.2545418209499793,
      0.2516996595594627,
      0.26623513963487505,
      0.2565417819552961,
      0.25336159600152,
      0.25260565016004866,
      0.25484720865885524
    ],
    "noiseless_fidelity": [
      0.9996572601639887,
      0.9999678865763687,
      0.9998682513855216,
      0.9999633340815826,
      0.9999660815924523,
      0.9888732828690812,
      0.9997833200067964,
      0.9997092613504176,
      0.9999798489037452,
      0.999692665788492
    ],
    "noiseless_trace_distance": [
      0.008796565714996056,
      0.00239526913343355,
      0.00424793241133972,
      0.0029912773601733114,
      0.002715718209974519,
      0.045635020372452054,
      0.006784651663811032,
      0.008528311081149523,
      0.0019246521801029013,
      0.009560972793622155
    ],
    "noiseless_relative_entropy": [
      0.0006843155903610027,
      6.431294655804111e-05,
      0.00026370154224780685,
      7.329226113715268e-05,
      6.781328906357506e-05,
      0.02275552983209258,
      0.00043479490508732677,
      0.0005789331030930161,
      4.0312582639985117e-05,
      0.0006190289988702484
    ],
    "noiseless_purity": [
      0.25034476949235474,
      0.2500319874371938,
      0.250131494457454,
      0.2500367287751435,
      0.25003395639138176,
      0.26069523716723664,
      0.25021467291037497,
      0.2502948167636355,
      0.2500201367319318,
      0.2503011151221035
    ]
  },
  "metadata": {
    "job_ids": [
      "cei3iirj9nhin7ahc6v0"
    ],
    "backends": [
      "ibmq_qasm_simulator"
    ],
    "n": 2,
    "J": 1,
    "h": 0.5,
    "beta": 1e-10,
    "ancilla_reps": 1,
    "system_reps": 1,
    "optimizer": "SPSA",
    "min_kwargs": {
      "maxiter": 200
    },
    "shots": 1024,
    "noise_model": "ibmq_guadalupe"
  }
}
