{
  "metrics": {
    "exact_purity": 0.2644755136790756,
    "calculated_fidelity": [
      0.9970118041790932,
      0.9968214706119952,
      0.993066734950543,
      0.9939018102757325,
      0.995865224128199,
      0.996680772477381,
      0.9961311887889298,
      0.9899601848298607,
      0.9967682477253758,
      0.9920676179636794
    ],
    "calculated_trace_distance": [
      0.02948009231352701,
      0.02926223614979369,
      0.04696019090634398,
      0.0424888115809115,
      0.03741073400091686,
      0.03372332451245057,
      0.03816336121105135,
      0.06227654734789247,
      0.029010533087125673,
      0.05156142664302217
    ],
    "calculated_relative_entropy": [
      0.006045511261884115,
      0.0064401097388796695,
      0.014303166127034136,
      0.012254767372960558,
      0.00838891879902861,
      0.0066986568514422196,
      0.007782368899687593,
      0.02046320192621666,
      0.006501488556787316,
      0.016230437041623455
    ],
    "calculated_purity": [
      0.2713739607069237,
      0.26222949557834296,
      0.26364135742187605,
      0.2614835103352874,
      0.2707155015733516,
      0.2685330708821625,
      0.2631643083360469,
      0.2566290961371538,
      0.26527362399631166,
      0.26734097798665457
    ],
    "noiseless_fidelity": [
      0.9990736225305852,
      0.9996459751810638,
      0.9959522333831125,
      0.9955822459191214,
      0.9980187586388479,
      0.9972903068513119,
      0.9996646305158396,
      0.9893788752088482,
      0.9997604757969019,
      0.9971243211199572
    ],
    "noiseless_trace_distance": [
      0.011881548312145747,
      0.006899272865558358,
      0.028105371623477673,
      0.030333220217979184,
      0.021757266717720193,
      0.026258684847367632,
      0.005861458046854197,
      0.048061324125725516,
      0.006728971927524236,
      0.026849630037319286
    ],
    "noiseless_relative_entropy": [
      0.0018860202045094185,
      0.0007133048902610573,
      0.008171443954949315,
      0.009056314963829235,
      0.004014478921283222,
      0.00547618159251927,
      0.0006769362316788778,
      0.021251812201728247,
      0.00048615908732551564,
      0.005863441894321763
    ],
    "noiseless_purity": [
      0.26390770779361344,
      0.26161530774903025,
      0.2608609605705786,
      0.26240395576606745,
      0.2656619340352102,
      0.26473523425577394,
      0.262489552844366,
      0.25533613832308466,
      0.2639877867625457,
      0.2617265532516224
    ]
  },
  "metadata": {
    "job_ids": [
      "cei3iirj9nhin7ahc700"
    ],
    "backends": [
      "ibmq_qasm_simulator"
    ],
    "n": 2,
    "J": 1,
    "h": 0.5,
    "beta": 0.2,
    "ancilla_reps": 1,
    "system_reps": 1,
    "optimizer": "SPSA",
    "min_kwargs": {
      "maxiter": 200
    },
    "shots": 1024,
    "noise_model": "ibmq_guadalupe"
  }
}
