{
  "metrics": {
    "exact_purity": 0.32622154913908924,
    "calculated_fidelity": [
      0.9958936494127084,
      0.9947573012875522,
      0.9963874835539079,
      0.9957436671180858,
      0.9933366273246876,
      0.9964931705594353,
      0.8744548990014335,
      0.9128396976637588,
      0.9949123750313411,
      0.9949776585421022
    ],
    "calculated_trace_distance": [
      0.037585271704338084,
      0.03579325447521785,
      0.028691023607929182,
      0.02842815018527505,
      0.038100077136840625,
      0.0347290850997666,
      0.13943809783556457,
      0.13456288698746888,
      0.037243792475074665,
      0.034548007614587845
    ],
    "calculated_relative_entropy": [
      0.008739902347390596,
      0.010764513456154515,
      0.007817730119702208,
      0.008883040127349936,
      0.013330927708788826,
      0.007568223241121899,
      0.5334034390071816,
      0.2369335583241075,
      0.010712047134264994,
      0.010677586135633022
    ],
    "calculated_purity": [
      0.3291937510172537,
      0.30424075656467114,
      0.3197104136149098,
      0.31454828050401573,
      0.3117667304144975,
      0.3333757188585078,
      0.42934205796983593,
      0.4272937774658213,
      0.33134778340657656,
      0.3314605289035384
    ],
    "noiseless_fidelity": [
      0.997301552584915,
      0.9996547538031337,
      0.9992301175912193,
      0.9977385553614523,
      0.9997510858794746,
      0.9982248573806405,
      0.8199898955495692,
      0.8111320695688526,
      0.9978131087236108,
      0.9989510024971014
    ],
    "noiseless_trace_distance": [
      0.017188184568025684,
      0.008127820528155378,
      0.012932114019236201,
      0.018739361866427794,
      0.008211191612508452,
      0.017375089790161606,
      0.1359837526099114,
      0.13670355761787145,
      0.021161622145499576,
      0.012774683248041974
    ],
    "noiseless_relative_entropy": [
      0.005806261546453778,
      0.0006884645540387088,
      0.0017050519301733246,
      0.004784028617799904,
      0.000507453584514485,
      0.0037418685680505673,
      1.1218418421004912,
      1.7245295377207235,
      0.004410058833160148,
      0.00217271343296329
    ],
    "noiseless_purity": [
      0.337879340594779,
      0.3192412719506781,
      0.3217986648573887,
      0.3149545084364076,
      0.3204314186995725,
      0.3371302531862519,
      0.4632285092044709,
      0.4712654310735451,
      0.33333902082713773,
      0.3394258737302579
    ]
  },
  "metadata": {
    "job_ids": [
      "cei3iitiuboftdmpnf6g"
    ],
    "backends": [
      "ibmq_qasm_simulator"
    ],
    "n": 2,
    "J": 1,
    "h": 0.5,
    "beta": 0.5,
    "ancilla_reps": 1,
    "system_reps": 1,
    "optimizer": "SPSA",
    "min_kwargs": {
      "maxiter": 200
    },
    "shots": 1024,
    "noise_model": "ibmq_guadalupe"
  }
}
