{
  "metrics": {
    "exact_purity": 0.3999261709032876,
    "calculated_fidelity": [
      0.9972056498108963,
      0.9967488836068359,
      0.9887048680889402,
      0.933607363767906,
      0.9939113238754249,
      0.993670032017529,
      0.988536722083329,
      0.9926080425792999,
      0.9960736831342876,
      0.9881333364717094
    ],
    "calculated_trace_distance": [
      0.021249960143080823,
      0.04009327587522427,
      0.052447258512029325,
      0.12821001052044187,
      0.04042211259121253,
      0.05244746008955079,
      0.04711395793256479,
      0.04892624604775272,
      0.02847901755097486,
      0.03841435481004518
    ],
    "calculated_relative_entropy": [
      0.006161331377745251,
      0.006812214280687571,
      0.02212984047076807,
      0.19669279952048052,
      0.013620544733755326,
      0.016298002501130067,
      0.02298593129000968,
      0.016520566530127158,
      0.00883290436854205,
      0.02423933245163727
    ],
    "calculated_purity": [
      0.3844269646538637,
      0.3820682101779524,
      0.377163357204862,
      0.4552218119303394,
      0.41340933905707544,
      0.40974065992567377,
      0.3740825653076181,
      0.3873038821750226,
      0.40944226582845133,
      0.3775408003065331
    ],
    "noiseless_fidelity": [
      0.9995226978162963,
      0.9984755936536825,
      0.999373959380881,
      0.8220217669911518,
      0.9933032902599236,
      0.9969008112349684,
      0.9992491205345041,
      0.9980066651729836,
      0.995154854519671,
      0.9954068314716434
    ],
    "noiseless_trace_distance": [
      0.009370810466429354,
      0.020180310816555753,
      0.008005267566627224,
      0.13866902337141834,
      0.03256264999472608,
      0.02665203584689942,
      0.010684453857208934,
      0.024450664738591484,
      0.019138236524175525,
      0.016055150977363365
    ],
    "noiseless_relative_entropy": [
      0.001190926669971986,
      0.0033248341592930115,
      0.0013590907855975491,
      1.2101291610458036,
      0.014622356793678187,
      0.008054407416505857,
      0.0017636128256152024,
      0.0042198334811736245,
      0.010656243917480854,
      0.009910697355654361
    ],
    "noiseless_purity": [
      0.40176256993744996,
      0.40604080087959066,
      0.40312404226913323,
      0.5086397206416753,
      0.4455151297209591,
      0.41815306157528387,
      0.3955508351587398,
      0.40751290965166115,
      0.4296843281114708,
      0.41080136882599644
    ]
  },
  "metadata": {
    "job_ids": [
      "cei3ij63ckj71e8h4080"
    ],
    "backends": [
      "ibmq_qasm_simulator"
    ],
    "n": 2,
    "J": 1,
    "h": 0.5,
    "beta": 0.8,
    "ancilla_reps": 1,
    "system_reps": 1,
    "optimizer": "SPSA",
    "min_kwargs": {
      "maxiter": 200
    },
    "shots": 1024,
    "noise_model": "ibmq_guadalupe"
  }
}
