{
  "metrics": {
    "exact_purity": 0.47715088918704646,
    "calculated_fidelity": [
      0.9883518548625702,
      0.992762925101184,
      0.9906366656311146,
      0.9928317616775667,
      0.99476997929628,
      0.9889670158026035,
      0.9951335555210273,
      0.9937346055738836,
      0.9854769925963692,
      0.996334441616961
    ],
    "calculated_trace_distance": [
      0.04535288558135671,
      0.05035300825043154,
      0.026914793947093972,
      0.040143628239427784,
      0.04196971144060107,
      0.03121157608298813,
      0.027704200267061767,
      0.039139538656364825,
      0.06647453174131236,
      0.0355524693793204
    ],
    "calculated_relative_entropy": [
      0.02852747088490251,
      0.01514483378002458,
      0.02299959632071922,
      0.017064804770461704,
      0.013311858351166585,
      0.028024918239893136,
      0.011040069646809376,
      0.015507592614260789,
      0.04276208528864437,
      0.010481413207921626
    ],
    "calculated_purity": [
      0.44610256618923716,
      0.43865882025824765,
      0.46882926093207566,
      0.46781582302517455,
      0.4752231174045147,
      0.46816020541721004,
      0.4556886884901267,
      0.45864168802897237,
      0.4807995690239811,
      0.4708701239691848
    ],
    "noiseless_fidelity": [
      0.9984583240178189,
      0.9925633238827476,
      0.9883117739749622,
      0.9897796316436113,
      0.9942725380555981,
      0.9815270774332432,
      0.9953193834778479,
      0.9877243556030295,
      0.9661794791900591,
      0.9935836710224671
    ],
    "noiseless_trace_distance": [
      0.01931805677338419,
      0.030573512830984778,
      0.021587284295996736,
      0.026626867814462028,
      0.02350040321272579,
      0.02052552690416055,
      0.01160327639021737,
      0.034692414367064196,
      0.029524479179814052,
      0.017277638611524388
    ],
    "noiseless_relative_entropy": [
      0.004591781910979045,
      0.016636295219058538,
      0.03363671220703802,
      0.026053192711479826,
      0.01654915392779692,
      0.07918648986344427,
      0.010782062934102396,
      0.033058119091454174,
      0.16901457436546458,
      0.01662261390555156
    ],
    "noiseless_purity": [
      0.46557280453901007,
      0.481657015652595,
      0.4991247671532214,
      0.5200344035391281,
      0.4919436176448788,
      0.5030931478123105,
      0.49742265991510837,
      0.4912083267617439,
      0.5279009703192593,
      0.4996020123601593
    ]
  },
  "metadata": {
    "job_ids": [
      "cei3ij5qhr8ghdiej2ng"
    ],
    "backends": [
      "ibmq_qasm_simulator"
    ],
    "n": 2,
    "J": 1,
    "h": 0.5,
    "beta": 1.2,
    "ancilla_reps": 1,
    "system_reps": 1,
    "optimizer": "SPSA",
    "min_kwargs": {
      "maxiter": 200
    },
    "shots": 1024,
    "noise_model": "ibmq_guadalupe"
  }
}
