{
  "metrics": {
    "exact_purity": 0.5677667882613814,
    "calculated_fidelity": [
      0.9699241628844633,
      0.9725084770869977,
      0.9841296541515501,
      0.9767368510444795,
      0.9747617474232514,
      0.978976103077968,
      0.9699165567080252,
      0.9799946834881026,
      0.9805287903000469,
      0.9889769931547473
    ],
    "calculated_trace_distance": [
      0.05469419725218553,
      0.04326398170604929,
      0.046413912530088926,
      0.06510488658077145,
      0.05600172371046051,
      0.05332710137649404,
      0.06631002314068263,
      0.04236050981221088,
      0.050519219485270495,
      0.036624085265813816
    ],
    "calculated_relative_entropy": [
      0.0570009629726555,
      0.04340708404240442,
      0.03172889129153365,
      0.04139066697660999,
      0.04294482113613972,
      0.03294210635799296,
      0.05099334970231477,
      0.03837082353728087,
      0.03863268036506984,
      0.0208561371397268
    ],
    "calculated_purity": [
      0.5040225982666025,
      0.5046723683675141,
      0.5226300557454434,
      0.5029025607638898,
      0.5018003251817499,
      0.510184605916342,
      0.48899247911241417,
      0.5143894619411903,
      0.5189630720350484,
      0.5862965053982208
    ],
    "noiseless_fidelity": [
      0.9869646944505017,
      0.9942897118426979,
      0.9975624925841716,
      0.9948470177678145,
      0.9974736876591662,
      0.9947709745346712,
      0.9955971276327754,
      0.9938596694391868,
      0.9949243276384917,
      0.9950263173411499
    ],
    "noiseless_trace_distance": [
      0.047794017211234746,
      0.027521223676567057,
      0.015376601143570201,
      0.02164565826474805,
      0.02793291030448333,
      0.02612026997162598,
      0.02359077092570074,
      0.025287677423546994,
      0.018930021499370682,
      0.01821172696013523
    ],
    "noiseless_relative_entropy": [
      0.08175953463411939,
      0.027519471528843126,
      0.006119803445363146,
      0.018292198416496576,
      0.009676417394890974,
      0.021737905824340334,
      0.011328059277616416,
      0.027959865286326643,
      0.017086497964181935,
      0.015200447996134472
    ],
    "noiseless_purity": [
      0.5474477187608833,
      0.5538046230635336,
      0.555914108312067,
      0.5521414415514927,
      0.5448909052054862,
      0.5487123632312016,
      0.5469995787420467,
      0.576423123183541,
      0.5580622767527262,
      0.5967253554506761
    ]
  },
  "metadata": {
    "job_ids": [
      "cei3ij63ckj71e8h40a0"
    ],
    "backends": [
      "ibmq_qasm_simulator"
    ],
    "n": 2,
    "J": 1,
    "h": 0.5,
    "beta": 2,
    "ancilla_reps": 1,
    "system_reps": 1,
    "optimizer": "SPSA",
    "min_kwargs": {
      "maxiter": 200
    },
    "shots": 1024,
    "noise_model": "ibmq_guadalupe"
  }
}
