{
  "metrics": {
    "exact_purity": 0.7308553090569767,
    "calculated_fidelity": [
      0.9316656271946079,
      0.9450608872825651,
      0.9401758093799584,
      0.9486595450160431,
      0.9753958250057417,
      0.31094680963886695,
      0.9411703443626023,
      0.9477370783605176,
      0.9441274316719358,
      0.9587963684481983
    ],
    "calculated_trace_distance": [
      0.07102003890011563,
      0.10643267883728172,
      0.07703419502792164,
      0.08705374630436274,
      0.030251920319233058,
      0.5016184019573005,
      0.04974860448924338,
      0.06162289482198058,
      0.054501695507241724,
      0.04503434946874555
    ],
    "calculated_relative_entropy": [
      0.152014692464537,
      0.13564360608754883,
      0.07115005314171388,
      0.07966418790634353,
      0.04844427351632982,
      2.5498940316712533,
      0.07477580516873528,
      0.0689558451124176,
      0.09300378254591507,
      0.05660983650337646
    ],
    "calculated_purity": [
      0.8226159413655605,
      0.5594228514726567,
      0.5982515547010642,
      0.6060083007010479,
      0.7014017812034762,
      0.8297805786132811,
      0.6587910122341583,
      0.6193563673231341,
      0.7250414954291451,
      0.6496247185601134
    ],
    "noiseless_fidelity": [
      0.9603996746790157,
      0.9829164486920445,
      0.9965301155325028,
      0.9958451022943356,
      0.9976090921173162,
      0.16950279377860955,
      0.9957783870917817,
      0.9977705580524099,
      0.9917324075478229,
      0.9989805472831952
    ],
    "noiseless_trace_distance": [
      0.06947467079866294,
      0.06151666912086212,
      0.0185056245448824,
      0.028719464594074463,
      0.02027346226384301,
      0.5067739415222342,
      0.04225840778635258,
      0.018682475872115783,
      0.03281641020410644,
      0.008319877981679918
    ],
    "noiseless_relative_entropy": [
      0.09947234120668155,
      0.03870694696564966,
      0.006198410618341383,
      0.00922202747824391,
      0.005298512050489861,
      6.929656213529803,
      0.03509499827978141,
      0.0069585028197385185,
      0.03024132916966407,
      0.0020435816833525872
    ],
    "noiseless_purity": [
      0.914326161784015,
      0.6139147211382511,
      0.6903837583008403,
      0.6707552850695823,
      0.7788221941371852,
      0.9991098043813779,
      0.7360964006016846,
      0.694688737915672,
      0.8013431404019158,
      0.7132210553548309
    ]
  },
  "metadata": {
    "job_ids": [
      "cei3ije3ckj71e8h40bg"
    ],
    "backends": [
      "ibmq_qasm_simulator"
    ],
    "n": 2,
    "J": 1,
    "h": 0.5,
    "beta": 4,
    "ancilla_reps": 1,
    "system_reps": 1,
    "optimizer": "SPSA",
    "min_kwargs": {
      "maxiter": 200
    },
    "shots": 1024,
    "noise_model": "ibmq_guadalupe"
  }
}
