{
  "metrics": {
    "exact_purity": 0.8011706484791081,
    "calculated_fidelity": [
      0.9075593863712481,
      0.9165004180995148,
      0.9650494268359892,
      0.9548011170256807,
      0.9359548221470565,
      0.6702587150836983,
      0.9362659766735945,
      0.6518055122954883,
      0.2790282799785628,
      0.969436241839718
    ],
    "calculated_trace_distance": [
      0.07332691667633778,
      0.06483641359092777,
      0.0761801756286367,
      0.04243878881099711,
      0.06987210367821241,
      0.32798104047258525,
      0.09074186387096533,
      0.3440355911976159,
      0.5177642763935205,
      0.0528521007283841
    ],
    "calculated_relative_entropy": [
      2.3587733550682906,
      0.7494790150493973,
      0.053892707007285295,
      0.059589560666158156,
      0.1545236531207616,
      0.7697529593468272,
      0.08168161924455347,
      0.990672421372218,
      2.3416628046568615,
      0.05062671663658663
    ],
    "calculated_purity": [
      0.8507260345149592,
      0.8518911568758998,
      0.6669298807779955,
      0.74521107143826,
      0.8534225887722449,
      0.45937305026584296,
      0.615208095974393,
      0.45375103420681523,
      0.7813985612657339,
      0.724034962524941
    ],
    "noiseless_fidelity": [
      0.923884261382621,
      0.8968746525742658,
      0.9945722585456623,
      0.9926873801412771,
      0.9345109547460839,
      0.6781288138300755,
      0.9852625509005511,
      0.6770862656116928,
      0.21549635458603356,
      0.9989557515278195
    ],
    "noiseless_trace_distance": [
      0.06444571277532786,
      0.06740536656966367,
      0.029842565966510786,
      0.02664723595828071,
      0.05901167151660717,
      0.3213235452076638,
      0.050942886593461786,
      0.32198410075523787,
      0.5241313365309325,
      0.008747473566982553
    ],
    "noiseless_relative_entropy": [
      0.28017139876278235,
      0.6198231476075311,
      0.011479624489884942,
      0.027933731396622148,
      0.3432709261043273,
      1.086306608031751,
      0.030797039284902294,
      1.3965791881700347,
      3.8000951717297937,
      0.004317440302104895
    ],
    "noiseless_purity": [
      0.9902792978218753,
      0.999509953369844,
      0.729335974884661,
      0.8720733814200085,
      0.9730981684293852,
      0.5067869844175504,
      0.6850384763827322,
      0.5106987603337889,
      0.9426358707341048,
      0.7863166174625008
    ]
  },
  "metadata": {
    "job_ids": [
      "cei3ijdqhr8ghdiej2pg"
    ],
    "backends": [
      "ibmq_qasm_simulator"
    ],
    "n": 2,
    "J": 1,
    "h": 0.5,
    "beta": 5,
    "ancilla_reps": 1,
    "system_reps": 1,
    "optimizer": "SPSA",
    "min_kwargs": {
      "maxiter": 200
    },
    "shots": 1024,
    "noise_model": "ibmq_guadalupe"
  }
}
