{
  "metrics": {
    "exact_purity": 0.125,
    "calculated_fidelity": [
      0.9533956803696348
    ],
    "calculated_trace_distance": [
      0.07854929202552868
    ],
    "calculated_relative_entropy": [
      0.09688019929303712
    ],
    "calculated_purity": [
      0.14871958744378813
    ],
    "calculated_kullback_leibler_divergence": [
      0.014552920415626135
    ],
    "noiseless_fidelity": [
      0.9664095370905851
    ],
    "noiseless_trace_distance": [
      0.04468932954873339
    ],
    "noiseless_relative_entropy": [
      0.07088865793133325
    ],
    "noiseless_purity": [
      0.14071917006448975
    ],
    "noiseless_kullback_leibler_divergence": [
      0.07088865786046425
    ]
  },
  "metadata": {
    "job_ids": [
      "cff2dhj5aiqu3vr79mug"
    ],
    "backends": [
      "ibm_nairobi"
    ],
    "n": 3,
    "J": 1,
    "h": 0.5,
    "beta": 1e-10,
    "ancilla_reps": 1,
    "system_reps": 2,
    "optimizer": "SPSA",
    "min_kwargs": {
      "maxiter": 300
    },
    "shots": 1024,
    "noise_model": null
  }
}
