{
  "metrics": {
    "exact_purity": 0.40478756142181577,
    "calculated_fidelity": [
      0.8574418167435096
    ],
    "calculated_trace_distance": [
      0.167901553485157
    ],
    "calculated_relative_entropy": [
      0.26602969727510195
    ],
    "calculated_purity": [
      0.22422374913722004
    ],
    "calculated_kullback_leibler_divergence": [
      0.16856626460081467
    ],
    "noiseless_fidelity": [
      0.8965829505617204
    ],
    "noiseless_trace_distance": [
      0.09087554143008328
    ],
    "noiseless_relative_entropy": [
      0.640783228888054
    ],
    "noiseless_purity": [
      0.48736233458743433
    ],
    "noiseless_kullback_leibler_divergence": [
      0.30477162810176106
    ]
  },
  "metadata": {
    "job_ids": [
      "cff2di8aqp2ana0vlsug"
    ],
    "backends": [
      "ibm_nairobi"
    ],
    "n": 3,
    "J": 1,
    "h": 0.5,
    "beta": 0.8,
    "ancilla_reps": 1,
    "system_reps": 2,
    "optimizer": "SPSA",
    "min_kwargs": {
      "maxiter": 300
    },
    "shots": 1024,
    "noise_model": null
  }
}
