{
  "metrics": {
    "exact_purity": 0.4776975316760884,
    "calculated_fidelity": [
      0.6792812975472967
    ],
    "calculated_trace_distance": [
      0.21569634644554603
    ],
    "calculated_relative_entropy": [
      0.6468703759277089
    ],
    "calculated_purity": [
      0.2603709138469942
    ],
    "calculated_kullback_leibler_divergence": [
      0.355706222158528
    ],
    "noiseless_fidelity": [
      0.9230977055514491
    ],
    "noiseless_trace_distance": [
      0.16929203291642614
    ],
    "noiseless_relative_entropy": [
      0.25185967478903415
    ],
    "noiseless_purity": [
      0.5617151837821315
    ],
    "noiseless_kullback_leibler_divergence": [
      0.08906932299595625
    ]
  },
  "metadata": {
    "job_ids": [
      "cff2dioaqp2ana0vlt60"
    ],
    "backends": [
      "ibm_nairobi"
    ],
    "n": 3,
    "J": 1,
    "h": 0.5,
    "beta": 1.2,
    "ancilla_reps": 1,
    "system_reps": 2,
    "optimizer": "SPSA",
    "min_kwargs": {
      "maxiter": 300
    },
    "shots": 1024,
    "noise_model": null
  }
}
