{
  "metrics": {
    "exact_purity": 0.5024484093498863,
    "calculated_fidelity": [
      0.5440635757659151
    ],
    "calculated_trace_distance": [
      0.30169257400278093
    ],
    "calculated_relative_entropy": [
      0.8008635144775131
    ],
    "calculated_purity": [
      0.23253637478675449
    ],
    "calculated_kullback_leibler_divergence": [
      0.5081386033702383
    ],
    "noiseless_fidelity": [
      0.9371100085074053
    ],
    "noiseless_trace_distance": [
      0.1557767957909842
    ],
    "noiseless_relative_entropy": [
      0.16160866030486976
    ],
    "noiseless_purity": [
      0.49724254287304204
    ],
    "noiseless_kullback_leibler_divergence": [
      0.036059846740100494
    ]
  },
  "metadata": {
    "job_ids": [
      "cff2djfa7vmukq1t21c0"
    ],
    "backends": [
      "ibm_nairobi"
    ],
    "n": 3,
    "J": 1,
    "h": 0.5,
    "beta": 2,
    "ancilla_reps": 1,
    "system_reps": 2,
    "optimizer": "SPSA",
    "min_kwargs": {
      "maxiter": 300
    },
    "shots": 1024,
    "noise_model": null
  }
}
