{
  "metrics": {
    "exact_purity": 0.5082516505507471,
    "calculated_fidelity": [
      0.5761579388847663
    ],
    "calculated_trace_distance": [
      0.1793659879663664
    ],
    "calculated_relative_entropy": [
      0.622397015508362
    ],
    "calculated_purity": [
      0.22796489574291184
    ],
    "calculated_kullback_leibler_divergence": [
      0.22029574208484448
    ],
    "noiseless_fidelity": [
      0.9871797913795264
    ],
    "noiseless_trace_distance": [
      0.06028849165395905
    ],
    "noiseless_relative_entropy": [
      0.05226253916455455
    ],
    "noiseless_purity": [
      0.5185940914046836
    ],
    "noiseless_kullback_leibler_divergence": [
      0.009212188653114699
    ]
  },
  "metadata": {
    "job_ids": [
      "cff2djdrc8d9f823v3b0"
    ],
    "backends": [
      "ibm_nairobi"
    ],
    "n": 3,
    "J": 1,
    "h": 0.5,
    "beta": 3,
    "ancilla_reps": 1,
    "system_reps": 2,
    "optimizer": "SPSA",
    "min_kwargs": {
      "maxiter": 300
    },
    "shots": 1024,
    "noise_model": null
  }
}
