{
  "metrics": {
    "exact_purity": 0.522570105217619,
    "calculated_fidelity": [
      0.6089568856765435
    ],
    "calculated_trace_distance": [
      0.20772557569913463
    ],
    "calculated_relative_entropy": [
      0.6578935139604514
    ],
    "calculated_purity": [
      0.37137650854793647
    ],
    "calculated_kullback_leibler_divergence": [
      0.29013297017977063
    ],
    "noiseless_fidelity": [
      0.6436782363840459
    ],
    "noiseless_trace_distance": [
      0.26346127833694905
    ],
    "noiseless_relative_entropy": [
      1.9096667510919734
    ],
    "noiseless_purity": [
      0.9771713077229944
    ],
    "noiseless_kullback_leibler_divergence": [
      1.401738095201703
    ]
  },
  "metadata": {
    "job_ids": [
      "cfh1qvoupmfi9d194pt0"
    ],
    "backends": [
      "ibm_nairobi"
    ],
    "n": 3,
    "J": 1,
    "h": 0.5,
    "beta": 5,
    "ancilla_reps": 1,
    "system_reps": 2,
    "optimizer": "SPSA",
    "min_kwargs": {
      "maxiter": 300
    },
    "shots": 1024,
    "noise_model": null
  }
}
