{
  "metrics": {
    "exact_purity": 0.3482450223805722,
    "calculated_fidelity": [
      0.9973997728941288,
      0.7959203898343936,
      0.9602707238854048,
      0.9742620752683774,
      0.9762063468948814,
      1.0209729183893326,
      1.0305973585327697,
      1.0030973446362024,
      0.991889947775717,
      0.9809850532288347
    ],
    "calculated_trace_distance": [
      0.13378074783755103,
      0.25183802823371837,
      0.15207109450485493,
      0.0916442960200549,
      0.1720858617787105,
      0.17633155658508895,
      0.20970414616815194,
      0.14136681085222919,
      0.17739413978200572,
      0.2020735493174582
    ],
    "calculated_relative_entropy": [
      -0.13571936918036098,
      0.41185664156383966,
      -0.002488269514740564,
      -0.05864588775798959,
      -0.037459387669191276,
      -0.13408192155547094,
      -0.14181118574630855,
      -0.12349054097421736,
      -0.052886019899395405,
      -0.07935823151756857
    ],
    "calculated_purity": [
      0.43551671504974365,
      0.3637901544570923,
      0.32689201831817627,
      0.3849684000015259,
      0.36617326736450195,
      0.4381483793258667,
      0.45103585720062256,
      0.4313194751739502,
      0.4169958829879761,
      0.4628509283065796
    ],
    "calculated_kullback_leibler_divergence": [
      Infinity,
      Infinity,
      0.016768493930967448,
      Infinity,
      Infinity,
      0.02711533531840351,
      Infinity,
      Infinity,
      Infinity,
      0.07194882496874935
    ],
    "noiseless_fidelity": [
      0.9383560266956309,
      0.7901897160964584,
      0.9517002299809483,
      0.9405554015788042,
      0.9389049054042686,
      0.9491454796051063,
      0.9436377138090458,
      0.92102010136895,
      0.9276631987495558,
      0.9227384442925017
    ],
    "noiseless_trace_distance": [
      0.05049013674219596,
      0.2181565880630648,
      0.0492484243565722,
      0.03504504414980346,
      0.031123170171829667,
      0.04209677869844095,
      0.04108756266526209,
      0.06049984959710502,
      0.10926212343591706,
      0.1245761700638399
    ],
    "noiseless_relative_entropy": [
      0.25118529002768225,
      0.5299219084429756,
      0.12877636147876248,
      0.22830251404585072,
      0.20277930649611045,
      0.16783320652426226,
      0.266737460683859,
      0.3366755407975,
      0.2597370042589031,
      0.2417539880230626
    ],
    "noiseless_purity": [
      0.3953748019014965,
      0.34891162910949647,
      0.31994333064760705,
      0.3609606198455403,
      0.3408915084082222,
      0.3891909053634477,
      0.3947042867111896,
      0.4134538276025834,
      0.38707867246150585,
      0.41841981107837095
    ],
    "noiseless_kullback_leibler_divergence": [
      0.0360407996975189,
      0.3338511759754127,
      0.017424229047034348,
      0.03378753028791846,
      0.036540710707647577,
      0.030418857679696445,
      0.04081548250767642,
      0.11167950201745952,
      0.04991507273635391,
      0.0689659677422711
    ]
  },
  "metadata": {
    "job_ids": [
      null
    ],
    "backends": [
      null
    ],
    "n": 5,
    "J": 1.0,
    "h": 0.5,
    "beta": 1.0,
    "ancilla_reps": 1,
    "system_reps": 4,
    "optimizer": "SPSA",
    "min_kwargs": {
      "maxiter": 500
    },
    "shots": 1024,
    "noise_model": null
  }
}
