{
  "metadata": {
    "n": 3,
    "J": 1.0,
    "h": 0.5,
    "beta": 1e-10,
    "ancilla_reps": 1,
    "system_reps": null,
    "optimizer": "QNSPSA",
    "min_kwargs": {},
    "shots": 1024
  },
  "metrics": {
    "exact_purity": 0.125,
    "calculated_fidelity": [
      0.8686230605188526,
      0.9221564937241525,
      0.9637188214345761,
      0.703962959165819,
      0.8966160414232437,
      0.7879578470489477,
      0.7846467169781111,
      0.9539156235562473,
      0.8941192688800194,
      0.7194659598655421
    ],
    "calculated_trace_distance": [
      0.16210989716387272,
      0.08803429191817942,
      0.08710922710445018,
      0.3135339436464479,
      0.11177032398340356,
      0.18438126017953843,
      0.26145381540573714,
      0.07179204407831245,
      0.10163948381120899,
      0.1941281269313048
    ],
    "calculated_relative_entropy": [
      0.31976228149853514,
      0.18190390940382378,
      0.0764696678344733,
      -0.006205251577083515,
      0.2542221939194468,
      0.3133414473867432,
      0.5781283808998763,
      0.10023166733658471,
      0.24602415202547895,
      0.3541561231202067
    ],
    "calculated_purity": [
      0.18437862396240234,
      0.1569232940673828,
      0.14247751235961914,
      0.391080379486084,
      0.1649012565612793,
      0.22164154052734375,
      0.2408442497253418,
      0.14568233489990234,
      0.17093896865844727,
      0.23809432983398438
    ],
    "noiseless_fidelity": [
      0.9155797945581983,
      0.9449664240626248,
      0.999225526525362,
      0.8813508920460347,
      0.953140420879554,
      0.889597210721513,
      0.9221022945233253,
      0.9872467768229461,
      0.9478082072367423,
      0.9282581719862548
    ],
    "noiseless_trace_distance": [
      0.08942300953645066,
      0.06907701819658504,
      0.010102418731772854,
      0.06994966306951757,
      0.06356168448966058,
      0.07873151959426274,
      0.11676155947192643,
      0.03657959373937773,
      0.0682963344915794,
      0.07154624714662339
    ],
    "noiseless_relative_entropy": [
      0.18694508734057577,
      0.12458585342063519,
      0.0015522931585043092,
      0.30601709544816685,
      0.10043154187263968,
      0.2963534609677544,
      0.16086462124383452,
      0.025655356033014255,
      0.11683472401319372,
      0.1577653574546919
    ],
    "noiseless_purity": [
      0.1653267395801264,
      0.1477883798394407,
      0.1253861059134192,
      0.16801431767029174,
      0.14658439887122876,
      0.16132417322994227,
      0.1705284841767799,
      0.13146468926501617,
      0.14691196620884944,
      0.15805460464809462
    ]
  }
}
