{
  "metadata": {
    "n": 3,
    "J": 1.0,
    "h": 0.5,
    "beta": 0.2,
    "ancilla_reps": 1,
    "system_reps": null,
    "optimizer": "QNSPSA",
    "min_kwargs": {},
    "shots": 1024
  },
  "metrics": {
    "exact_purity": 0.1490311604153375,
    "calculated_fidelity": [
      0.8786211592045224,
      0.9414199380811994,
      0.9141443423039841,
      0.8018466699136643,
      0.9650293583099294,
      0.9472344365376891,
      0.708496087654931,
      0.9441304132587488,
      0.9192358259342868,
      0.9588626484112796
    ],
    "calculated_trace_distance": [
      0.1763567864555962,
      0.08087597040615545,
      0.10343900385350538,
      0.16141052186048835,
      0.0795946898188132,
      0.0937357862164017,
      0.25263212121893336,
      0.10439175139376901,
      0.10653627622290116,
      0.08461951355086439
    ],
    "calculated_relative_entropy": [
      0.26646572966308935,
      0.12632532244717276,
      0.1915531621073786,
      0.2862403370989244,
      0.07227604717137803,
      0.11982761684001177,
      0.45329801620469123,
      0.12163595791648418,
      0.1867821877603062,
      0.08925744113180281
    ],
    "calculated_purity": [
      0.17601299285888672,
      0.136688232421875,
      0.15715980529785156,
      0.22511005401611328,
      0.13635921478271484,
      0.1455097198486328,
      0.26903486251831055,
      0.14263391494750977,
      0.14141130447387695,
      0.14088010787963867
    ],
    "noiseless_fidelity": [
      0.9309167443116821,
      0.9629229055065092,
      0.9469316977890886,
      0.9284374328006961,
      0.9746319983304994,
      0.9675270555186983,
      0.8946690727579426,
      0.9662902794794113,
      0.9339602469159476,
      0.972279086597877
    ],
    "noiseless_trace_distance": [
      0.077960107269423,
      0.05817978880871999,
      0.07990361394583315,
      0.07741900197529114,
      0.055823896273521995,
      0.05894806025645677,
      0.08571184703091982,
      0.05466044454731823,
      0.08512223387066292,
      0.052114675735512005
    ],
    "noiseless_relative_entropy": [
      0.14620653804209255,
      0.07689599256244255,
      0.11570163443424807,
      0.15015567350587544,
      0.052669908855082846,
      0.06954107882707347,
      0.23914067657036944,
      0.07033857427649036,
      0.14205552144861983,
      0.05706564937653509
    ],
    "noiseless_purity": [
      0.14725155370345422,
      0.12599820423090152,
      0.14313637266445617,
      0.1686062540789965,
      0.1295269805430997,
      0.1353374792921781,
      0.18010128676875062,
      0.1357045744846894,
      0.13938383169497814,
      0.13052115747487342
    ]
  }
}
