{
  "metadata": {
    "n": 3,
    "J": 1.0,
    "h": 0.5,
    "beta": 0.5,
    "ancilla_reps": 1,
    "system_reps": null,
    "optimizer": "QNSPSA",
    "min_kwargs": {},
    "shots": 1024
  },
  "metrics": {
    "exact_purity": 0.27695519291630366,
    "calculated_fidelity": [
      0.8051920582163191,
      0.7242432001913081,
      0.7264573509711918,
      0.8778392221215882,
      0.8908704729841366,
      0.8526431055390412,
      0.847144360365302,
      0.787545534524631,
      0.7831586654257506,
      0.9204889883799054
    ],
    "calculated_trace_distance": [
      0.17561563841033206,
      0.2967455438186007,
      0.391287006143097,
      0.1264396213446099,
      0.2269431406656314,
      0.19661159426918556,
      0.10936712559857598,
      0.2866449651960513,
      0.4246829196118312,
      0.18300922338393374
    ],
    "calculated_relative_entropy": [
      0.5414142416095824,
      0.6710994640189543,
      0.5925112810595808,
      0.11969000031423055,
      -0.018988633502550402,
      0.29761922720234735,
      0.34402969125010957,
      0.2994899021850207,
      0.3232625509628194,
      0.05236276171137633
    ],
    "calculated_purity": [
      0.21581697463989258,
      0.37433767318725586,
      0.3776426315307617,
      0.3254375457763672,
      0.47486114501953125,
      0.2682061195373535,
      0.33620500564575195,
      0.3352384567260742,
      0.4209156036376953,
      0.37166929244995117
    ],
    "noiseless_fidelity": [
      0.8290010338193319,
      0.8490865554796759,
      0.8497854532229425,
      0.9231018934265575,
      0.8611899143823867,
      0.941498288338644,
      0.9489021599850962,
      0.8793355155783873,
      0.9204739697434375,
      0.8293182454300629
    ],
    "noiseless_trace_distance": [
      0.15106649880197404,
      0.14284736854095395,
      0.14942930505806623,
      0.06726920366783418,
      0.1596730324037886,
      0.09360223951677998,
      0.053639342074896464,
      0.11680599545192658,
      0.10359974061766414,
      0.12576708298548941
    ],
    "noiseless_relative_entropy": [
      0.374000972380895,
      0.40777998055689735,
      0.36424902662713815,
      0.1981780377815581,
      0.5504194819987576,
      0.12048313899525473,
      0.139206257061717,
      0.2582263101276762,
      0.17508537632992952,
      0.5837907757317069
    ],
    "noiseless_purity": [
      0.20220627004753028,
      0.24581542202904813,
      0.2854689696587248,
      0.28924552026185435,
      0.3774089478200379,
      0.23399487721268808,
      0.3016001022851417,
      0.19978215577658104,
      0.2579287210431487,
      0.3343109612368095
    ]
  }
}
