{
  "metadata": {
    "n": 3,
    "J": 1.0,
    "h": 0.5,
    "beta": 0.8,
    "ancilla_reps": 1,
    "system_reps": null,
    "optimizer": "QNSPSA",
    "min_kwargs": {},
    "shots": 1024
  },
  "metrics": {
    "exact_purity": 0.40478756142181577,
    "calculated_fidelity": [
      0.9792280866933952,
      0.8091489190548563,
      0.9843856976569945,
      0.8883243230226209,
      0.9901946266872479,
      0.9663064261474044,
      0.9364108631561066,
      0.949050258342677,
      1.0574036272513228,
      0.8235838735927462
    ],
    "calculated_trace_distance": [
      0.2466028326846553,
      0.2851745020328535,
      0.25332999823971686,
      0.1484015988531889,
      0.3256561944425042,
      0.563491256114213,
      0.21053598437667526,
      0.1402298437736085,
      0.2959694170402965,
      0.2367555790646837
    ],
    "calculated_relative_entropy": [
      -0.01580323367826384,
      0.3345225907214263,
      0.010230647911374846,
      0.2029236271660701,
      0.12840604787057017,
      0.09138780573272579,
      0.12869128168002456,
      0.04445142013619663,
      -0.14201463058580988,
      0.3418888710629264
    ],
    "calculated_purity": [
      0.5449786186218262,
      0.42125606536865234,
      0.5024676322937012,
      0.30457592010498047,
      0.584740161895752,
      0.8684835433959961,
      0.4785490036010742,
      0.48955392837524414,
      0.6291446685791016,
      0.4374990463256836
    ],
    "noiseless_fidelity": [
      0.8872971597124722,
      0.8337404193446762,
      0.8603029089595805,
      0.9046403331758353,
      0.9149742049512702,
      0.7807598489432357,
      0.9340851541122516,
      0.9413623748507021,
      0.855584492765143,
      0.8959654320629027
    ],
    "noiseless_trace_distance": [
      0.14589127621543352,
      0.1505289573682635,
      0.18707533448449876,
      0.09698984132803862,
      0.10839528248925287,
      0.194941670631467,
      0.11014150361519695,
      0.060428192111089546,
      0.19731150439594436,
      0.11671957909076622
    ],
    "noiseless_relative_entropy": [
      0.34724101902573484,
      0.47072446635831355,
      0.4252484766941323,
      0.1726672160446725,
      0.2452163875285924,
      0.8675400619074465,
      0.20334322200737176,
      0.2291752709363436,
      0.47688979170349266,
      0.24265855555734897
    ],
    "noiseless_purity": [
      0.4372259021247883,
      0.2972882926172403,
      0.44342528803945497,
      0.2954170266773749,
      0.435135701210419,
      0.4832749406719896,
      0.39610152391850895,
      0.44290330926287685,
      0.5449975123811857,
      0.323923696527052
    ]
  }
}
