{
  "metadata": {
    "n": 3,
    "J": 1.0,
    "h": 0.5,
    "beta": 1.0,
    "ancilla_reps": 1,
    "system_reps": null,
    "optimizer": "QNSPSA",
    "min_kwargs": {},
    "shots": 1024
  },
  "metrics": {
    "exact_purity": 0.45242507480844885,
    "calculated_fidelity": [
      0.9298244511122442,
      1.0055610260896553,
      0.8347195234062594,
      0.7996289724197505,
      0.8880816876408725,
      0.7851288631147677,
      0.9076960707947712,
      0.9389590807605283,
      0.8308756102266397,
      0.8597864846605168
    ],
    "calculated_trace_distance": [
      0.21853632592038108,
      0.2555660805263587,
      0.2161024474302067,
      0.20147743143454247,
      0.47525142427231204,
      0.4186980578567544,
      0.6587201291717422,
      0.2501063570819666,
      0.4988946598912053,
      0.2914683616569486
    ],
    "calculated_relative_entropy": [
      0.16505104699423911,
      -0.008134005408848465,
      0.39140642197754977,
      0.356015564461199,
      0.2371973532882773,
      0.5505189765813066,
      0.39621003414151573,
      0.16860377579884014,
      0.3858199345562886,
      0.20469124901489
    ],
    "calculated_purity": [
      0.4705061912536621,
      0.5604748725891113,
      0.3931727409362793,
      0.2845449447631836,
      0.6667494773864746,
      0.7227153778076172,
      1.278810977935791,
      0.5729765892028809,
      0.6575007438659668,
      0.4926424026489258
    ],
    "noiseless_fidelity": [
      0.9293826163142371,
      0.9235182987675277,
      0.8245891420861363,
      0.7997996999288036,
      0.8125051007427214,
      0.7183900082208445,
      0.6064156661696989,
      0.8739542042259171,
      0.7574955082335928,
      0.7721377533538049
    ],
    "noiseless_trace_distance": [
      0.11257203619889378,
      0.13825522623915087,
      0.1598499066184091,
      0.1319419520378501,
      0.19484399568732946,
      0.24540086841959186,
      0.24570187229818466,
      0.15240714338913786,
      0.2115093940384798,
      0.19697464573476442
    ],
    "noiseless_relative_entropy": [
      0.2213585917715899,
      0.2518308395184967,
      0.45214487126893466,
      0.37826539101589696,
      0.420677063782703,
      0.7135519646918259,
      2.138245178854768,
      0.7250893384532707,
      0.6245647053211862,
      0.7875904000542535
    ],
    "noiseless_purity": [
      0.3903960576989176,
      0.44859873394625327,
      0.3476041090077417,
      0.2805945032639334,
      0.4433848436615274,
      0.4993670513690761,
      0.764390790942696,
      0.47086779514533844,
      0.453610059381519,
      0.4110509950410679
    ]
  }
}
