{
  "metadata": {
    "n": 3,
    "J": 1.0,
    "h": 0.5,
    "beta": 1.2,
    "ancilla_reps": 1,
    "system_reps": null,
    "optimizer": "QNSPSA",
    "min_kwargs": {},
    "shots": 1024
  },
  "metrics": {
    "exact_purity": 0.4776975316760884,
    "calculated_fidelity": [
      0.9692909325528649,
      0.7576933642517726,
      0.7943144935764368,
      0.8355047262036932,
      0.7032253371098857,
      0.906611518963527,
      0.8268325295711803,
      0.9441556754932597,
      0.9369191608844879,
      0.785673447928948
    ],
    "calculated_trace_distance": [
      0.3058411445867101,
      0.27159573966239164,
      0.23028710051616605,
      0.4265079564528446,
      0.27861014443693943,
      0.1916727630062147,
      0.26627579991739503,
      0.49610627651658473,
      0.2172094840980008,
      0.2438384332690563
    ],
    "calculated_relative_entropy": [
      0.09803747487496757,
      0.4373479178110961,
      0.33578808502192947,
      0.28806518311952284,
      0.39601736764648343,
      0.24031634190993698,
      0.3111097750679368,
      0.23188541544085103,
      0.241568155944243,
      0.5842796779173579
    ],
    "calculated_purity": [
      0.5971593856811523,
      0.41404247283935547,
      0.3595428466796875,
      0.7200841903686523,
      0.4740748405456543,
      0.4704704284667969,
      0.4909987449645996,
      0.7784619331359863,
      0.5632305145263672,
      0.3712944984436035
    ],
    "noiseless_fidelity": [
      0.915760816705674,
      0.7413824828662046,
      0.754248544771082,
      0.7161122294292096,
      0.5794475678241514,
      0.9213343358885153,
      0.8105252952646776,
      0.9047768042100197,
      0.9156226686142945,
      0.7772547501066516
    ],
    "noiseless_trace_distance": [
      0.1410138571610691,
      0.1820946189725222,
      0.20767858341163792,
      0.27233182214714036,
      0.3398596438739332,
      0.08314915039880835,
      0.11784376647003283,
      0.1517713939306869,
      0.11263867152929903,
      0.1918720947560404
    ],
    "noiseless_relative_entropy": [
      0.21190624228893765,
      0.7521632286809639,
      0.4409106325346642,
      0.7133820526654073,
      3.2219473681216817,
      0.29399513359251933,
      0.38595973991442734,
      0.53823460810368,
      0.39910281019857563,
      0.6286504432596481
    ],
    "noiseless_purity": [
      0.49518142981827107,
      0.3268179120331388,
      0.3046648841491386,
      0.48641917397922846,
      0.4259427100597511,
      0.4193842803907875,
      0.3317690235119948,
      0.5068986694318721,
      0.4592261049251849,
      0.3288503875782007
    ]
  }
}
