{
  "metadata": {
    "n": 3,
    "J": 1.0,
    "h": 0.5,
    "beta": 2.0,
    "ancilla_reps": 1,
    "system_reps": null,
    "optimizer": "QNSPSA",
    "min_kwargs": {},
    "shots": 1024
  },
  "metrics": {
    "exact_purity": 0.5024484093498863,
    "calculated_fidelity": [
      0.6089129754365771,
      0.8080768863267901,
      0.8099640694947355,
      0.7296677820144203,
      0.9200514813003348,
      0.6616485516875027,
      0.7268420991278198,
      0.7185791250690112,
      0.7472766869028327,
      0.8349032434030561
    ],
    "calculated_trace_distance": [
      0.3634736151243072,
      0.32698178470382944,
      0.2745546991150738,
      0.8628809289764269,
      0.324853687492496,
      0.4135206680687598,
      0.3317381428958303,
      0.39552545142649237,
      0.567548859438822,
      0.5081111089265506
    ],
    "calculated_relative_entropy": [
      1.1179243990739014,
      0.36305986225527165,
      0.3284519012280428,
      0.7210167633281965,
      0.21018839845889467,
      0.5242376326225555,
      0.3920775914783855,
      0.5631420299445982,
      0.5441530035908582,
      0.3019806634148596
    ],
    "calculated_purity": [
      0.4338064193725586,
      0.6683006286621094,
      0.43036603927612305,
      1.3670573234558105,
      0.6317000389099121,
      0.6767268180847168,
      0.4778003692626953,
      0.5496039390563965,
      1.243955135345459,
      0.899418830871582
    ],
    "noiseless_fidelity": [
      0.6003271566171162,
      0.8142861027786854,
      0.8154184671211823,
      0.6156538379949382,
      0.9179619919658362,
      0.6930249677441566,
      0.6292393124993686,
      0.7421099073993797,
      0.6047154331874296,
      0.7761686667822243
    ],
    "noiseless_trace_distance": [
      0.2526774541874105,
      0.1502472223736528,
      0.11540884017233685,
      0.24632083248958225,
      0.14525000140411065,
      0.2298778378693136,
      0.30702062088570964,
      0.1986460579606451,
      0.250203538957089,
      0.24998074770737952
    ],
    "noiseless_relative_entropy": [
      1.033717355411873,
      0.8992128598856969,
      0.26531540789571745,
      1.1444522028351192,
      0.261204291681735,
      0.48661860534172297,
      0.7916784649797797,
      0.828406270226412,
      1.7666582489963016,
      0.5229991320008033
    ],
    "noiseless_purity": [
      0.3396140795183705,
      0.46912823894941147,
      0.36642210417998244,
      0.7088880572297631,
      0.4896405936206501,
      0.37076353115069416,
      0.40951687060245556,
      0.388824923106684,
      0.7450843022404945,
      0.5572371865085161
    ]
  }
}
