{
  "metadata": {
    "n": 3,
    "J": 1.0,
    "h": 0.5,
    "beta": 3.0,
    "ancilla_reps": 1,
    "system_reps": null,
    "optimizer": "QNSPSA",
    "min_kwargs": {},
    "shots": 1024
  },
  "metrics": {
    "exact_purity": 0.5082516505507471,
    "calculated_fidelity": [
      0.7140892287251333,
      0.6952141067563732,
      0.5434568824474276,
      0.8166977607479066,
      0.6160683305315536,
      0.6518967527491788,
      0.7302779975220878,
      0.7993843990011303,
      0.7740083401172573,
      0.8457102762138675
    ],
    "calculated_trace_distance": [
      0.4606447338094789,
      0.4973627032318315,
      0.5272672115278426,
      0.6231072485258439,
      0.37988365042857775,
      0.3236750205344552,
      0.7077410212172356,
      0.2995499030475071,
      0.5666810361458849,
      0.30042344479527905
    ],
    "calculated_relative_entropy": [
      0.7841136876424638,
      0.4735891807782865,
      0.9401736878062611,
      0.4050265583288738,
      0.6241110000659473,
      0.6466784209019077,
      0.4656914290712338,
      0.8186937374370434,
      0.5169732606573163,
      0.4789371440888448
    ],
    "calculated_purity": [
      0.6228904724121094,
      0.8426918983459473,
      0.8088183403015137,
      1.2287826538085938,
      0.47235107421875,
      0.4541511535644531,
      1.1175246238708496,
      0.562650203704834,
      1.1994667053222656,
      0.620058536529541
    ],
    "noiseless_fidelity": [
      0.6687795733315449,
      0.4997722219400438,
      0.4471162318730116,
      0.6115129053934636,
      0.6183181918775063,
      0.6062252400036799,
      0.6482943728493932,
      0.7720694995710008,
      0.6593456895973238,
      0.8369493140977365
    ],
    "noiseless_trace_distance": [
      0.26953047961764104,
      0.37467653458555245,
      0.2343733982398712,
      0.23326941935849724,
      0.23037500024463797,
      0.2641519083900932,
      0.33907985867888124,
      0.21163467646714995,
      0.3186217955553727,
      0.17811557253084628
    ],
    "noiseless_relative_entropy": [
      1.0055097577943701,
      1.5794454278300847,
      1.7439293631190909,
      1.443903968235462,
      0.8334106729506819,
      1.0638306830723727,
      1.5787907214936445,
      0.5796194914327037,
      1.132752445606743,
      0.8304093686937448
    ],
    "noiseless_purity": [
      0.4321105255211366,
      0.5677018373077336,
      0.4661533185173687,
      0.8189676221164766,
      0.33039547718840734,
      0.33778764292186725,
      0.6369395271499931,
      0.4508471162664858,
      0.7256060020083467,
      0.47826108004984214
    ]
  }
}
