{
  "metadata": {
    "n": 3,
    "J": 1.0,
    "h": 0.5,
    "beta": 4.0,
    "ancilla_reps": 1,
    "system_reps": null,
    "optimizer": "QNSPSA",
    "min_kwargs": {},
    "shots": 1024
  },
  "metrics": {
    "exact_purity": 0.514603318756586,
    "calculated_fidelity": [
      0.7047074017854599,
      0.7701718563307332,
      0.5796189714061709,
      0.5931515000748132,
      0.6908126979421263,
      0.7426028543512609,
      0.549244785212636,
      0.5850816143353078,
      0.8353633911301763,
      0.7581898878363232
    ],
    "calculated_trace_distance": [
      0.6648717879432087,
      0.35460200555084437,
      0.543823943343914,
      0.8091413949661965,
      0.9943670289767399,
      0.45631161089132616,
      0.7977694822619824,
      0.796739195082989,
      0.6179679364787446,
      0.6364945923600769
    ],
    "calculated_relative_entropy": [
      0.4891791706375406,
      0.44236716993489134,
      0.7755210201250027,
      0.7887653869759212,
      0.8747951567436647,
      0.43231950101929867,
      1.0671161833875722,
      0.9897175311278228,
      0.3818967608963283,
      0.4261452400101973
    ],
    "calculated_purity": [
      1.3027863502502441,
      0.5393471717834473,
      0.6312661170959473,
      1.3162579536437988,
      1.704843521118164,
      0.949425220489502,
      1.1453394889831543,
      1.175532341003418,
      1.0312347412109375,
      1.3834714889526367
    ],
    "noiseless_fidelity": [
      0.4651518478030025,
      0.7971269731234848,
      0.5977990106360005,
      0.48030762066122573,
      0.6625953326868712,
      0.7588481223762417,
      0.6075060222335736,
      0.4627247268024787,
      0.84754496868572,
      0.47999844313142814
    ],
    "noiseless_trace_distance": [
      0.38808567669052096,
      0.15123456367073712,
      0.23670566517034608,
      0.3913468616577592,
      0.24157912646194102,
      0.20530420886843698,
      0.2568092456682613,
      0.22232127753408185,
      0.18050478601803324,
      0.38852556648807623
    ],
    "noiseless_relative_entropy": [
      1.992888606198028,
      0.48958588394843,
      2.1187784626666675,
      2.2363096282074797,
      1.0456641625019396,
      0.7512304957818624,
      1.325342839430041,
      2.394354484564837,
      0.7418392044381055,
      2.529383654051913
    ],
    "noiseless_purity": [
      0.8016467691690532,
      0.4270677235328466,
      0.4468809484145401,
      0.7549673030293151,
      0.7496973177026262,
      0.6064025080300897,
      0.5696771486738863,
      0.6246779670557097,
      0.6288810052703269,
      0.8484634145979282
    ]
  }
}
