{
  "metadata": {
    "n": 3,
    "J": 1.0,
    "h": 0.5,
    "beta": 5.0,
    "ancilla_reps": 1,
    "system_reps": null,
    "optimizer": "QNSPSA",
    "min_kwargs": {},
    "shots": 1024
  },
  "metrics": {
    "exact_purity": 0.522570105217619,
    "calculated_fidelity": [
      0.7066872323873816,
      0.7700924663540432,
      0.7562168634011066,
      0.8380368111149608,
      0.8340779320711299,
      0.7855216334505907,
      0.593492891211154,
      0.4456319756841296,
      0.7276931710424084,
      0.7506807354801083
    ],
    "calculated_trace_distance": [
      0.47047901756518185,
      0.4989373943745751,
      0.8088193505257115,
      0.5108901987801183,
      0.552278953467004,
      0.5241744256140736,
      0.464712821534831,
      1.133515904295285,
      0.8218844121961221,
      0.6711060926192732
    ],
    "calculated_relative_entropy": [
      0.448808406432028,
      0.42104333584806386,
      0.6834882311030974,
      0.2913561764181431,
      0.2438488366599181,
      0.3726116909233137,
      0.6797140943900135,
      1.4043484061658655,
      0.7332261885254968,
      0.6423669175031226
    ],
    "calculated_purity": [
      0.9019312858581543,
      0.9219703674316406,
      1.7102656364440918,
      1.0409283638000488,
      1.1500015258789062,
      1.0189247131347656,
      0.5768747329711914,
      2.005979061126709,
      1.5392112731933594,
      1.617713451385498
    ],
    "noiseless_fidelity": [
      0.6791364884533863,
      0.7301985343364864,
      0.7182349067728295,
      0.7174357136230078,
      0.6198159761590657,
      0.78255732816284,
      0.5559781017450902,
      0.5451094404216672,
      0.6291499059428459,
      0.6036803093370565
    ],
    "noiseless_trace_distance": [
      0.2703752111281888,
      0.19731369780495728,
      0.2647716430173329,
      0.3206942753003411,
      0.3799718976839397,
      0.2894564637902251,
      0.21044348064589327,
      0.3598804837076139,
      0.24324687765978747,
      0.2746752674415318
    ],
    "noiseless_relative_entropy": [
      1.107229232578125,
      1.2982742802982616,
      1.1821035639710118,
      0.8898207660019916,
      1.2959412951330573,
      0.7964904070424783,
      1.1588176266173082,
      2.459397458139789,
      1.4525539705857504,
      1.9837851792373207
    ],
    "noiseless_purity": [
      0.6659271528149405,
      0.6934810297608475,
      0.9259919610293602,
      0.6724132711245372,
      0.7536275251664191,
      0.7382559629738156,
      0.4810131951482654,
      0.8578863509141696,
      0.8271000833803268,
      0.9272482166913169
    ]
  }
}
