{
  "metadata": {
    "n": 2,
    "J": 1.0,
    "h": 0.5,
    "beta": 0.5,
    "ancilla_reps": 1,
    "system_reps": null,
    "optimizer": "function",
    "min_kwargs": {
      "n_calls": 100,
      "n_initial_points": 25,
      "acq_func": "EI",
      "n_restarts_optimizer": 10,
      "noise": 0.0009765625,
      "n_jobs": -1
    },
    "shots": 1024
  },
  "metrics": {
    "exact_purity": 0.32622154913908924,
    "calculated_fidelity": [
      0.9884471311914574
    ],
    "calculated_trace_distance": [
      0.03790206690128967
    ],
    "calculated_relative_entropy": [
      0.02336819847486047
    ],
    "calculated_purity": [
      0.2910184860229492
    ],
    "noiseless_fidelity": [
      0.9877013883005531
    ],
    "noiseless_trace_distance": [
      0.035655944352201936
    ],
    "noiseless_relative_entropy": [
      0.025060390616876885
    ],
    "noiseless_purity": [
      0.2900849928670028
    ]
  }
}
