{
  "metadata": {
    "n": 2,
    "J": 1.0,
    "h": 0.5,
    "beta": 1.2,
    "ancilla_reps": 1,
    "system_reps": null,
    "optimizer": "function",
    "min_kwargs": {
      "n_calls": 100,
      "n_initial_points": 25,
      "acq_func": "EI",
      "n_restarts_optimizer": 10,
      "noise": 0.0009765625,
      "n_jobs": -1
    },
    "shots": 1024
  },
  "metrics": {
    "exact_purity": 0.47715088918704646,
    "calculated_fidelity": [
      0.9730480953122587
    ],
    "calculated_trace_distance": [
      0.06256745412261053
    ],
    "calculated_relative_entropy": [
      0.008977016320944067
    ],
    "calculated_purity": [
      0.4959068298339844
    ],
    "noiseless_fidelity": [
      0.9831582523312515
    ],
    "noiseless_trace_distance": [
      0.0535950763932037
    ],
    "noiseless_relative_entropy": [
      0.04630517571002636
    ],
    "noiseless_purity": [
      0.48933796718555633
    ]
  }
}
