{
  "metadata": {
    "n": 2,
    "J": 1.0,
    "h": 0.5,
    "beta": 2.0,
    "ancilla_reps": 1,
    "system_reps": null,
    "optimizer": "function",
    "min_kwargs": {
      "n_calls": 100,
      "n_initial_points": 25,
      "acq_func": "EI",
      "n_restarts_optimizer": 10,
      "noise": 0.0009765625,
      "n_jobs": -1
    },
    "shots": 1024
  },
  "metrics": {
    "exact_purity": 0.5677667882613814,
    "calculated_fidelity": [
      0.9869764494521734
    ],
    "calculated_trace_distance": [
      0.060008560788405454
    ],
    "calculated_relative_entropy": [
      0.056901384792574755
    ],
    "calculated_purity": [
      0.5757436752319336
    ],
    "noiseless_fidelity": [
      0.9834510637621094
    ],
    "noiseless_trace_distance": [
      0.03080422336395052
    ],
    "noiseless_relative_entropy": [
      0.6946949400464965
    ],
    "noiseless_purity": [
      0.56970969557282
    ]
  }
}
