{
  "metadata": {
    "n": 2,
    "J": 1.0,
    "h": 0.5,
    "beta": 4.0,
    "ancilla_reps": 1,
    "system_reps": null,
    "optimizer": "function",
    "min_kwargs": {
      "n_calls": 100,
      "n_initial_points": 25,
      "acq_func": "EI",
      "n_restarts_optimizer": 10,
      "noise": 0.0009765625,
      "n_jobs": -1
    },
    "shots": 1024
  },
  "metrics": {
    "exact_purity": 0.7308553090569767,
    "calculated_fidelity": [
      0.929036204168891
    ],
    "calculated_trace_distance": [
      0.10279620655879382
    ],
    "calculated_relative_entropy": [
      0.17808702753047048
    ],
    "calculated_purity": [
      0.9503355026245117
    ],
    "noiseless_fidelity": [
      0.9348812802198664
    ],
    "noiseless_trace_distance": [
      0.07889894846689696
    ],
    "noiseless_relative_entropy": [
      0.18146733461358744
    ],
    "noiseless_purity": [
      0.9460767146635929
    ]
  }
}
