{
  "metadata": {
    "n": 2,
    "J": 1.0,
    "h": 0.5,
    "beta": 5.0,
    "ancilla_reps": 1,
    "system_reps": null,
    "optimizer": "function",
    "min_kwargs": {
      "n_calls": 100,
      "n_initial_points": 25,
      "acq_func": "EI",
      "n_restarts_optimizer": 10,
      "noise": 0.0009765625,
      "n_jobs": -1
    },
    "shots": 1024
  },
  "metrics": {
    "exact_purity": 0.8011706484791081,
    "calculated_fidelity": [
      0.9868948001611666
    ],
    "calculated_trace_distance": [
      0.034380390038253765
    ],
    "calculated_relative_entropy": [
      0.02548600687771265
    ],
    "calculated_purity": [
      0.8415956497192383
    ],
    "noiseless_fidelity": [
      0.9777592770365229
    ],
    "noiseless_trace_distance": [
      0.02085647665712065
    ],
    "noiseless_relative_entropy": [
      0.029850066813439356
    ],
    "noiseless_purity": [
      0.8159587667894617
    ]
  }
}
