{
  "metadata": {
    "n": 2,
    "J": 1.0,
    "h": 0.5,
    "beta": 1e-10,
    "ancilla_reps": 1,
    "system_reps": null,
    "optimizer": "BOBYQA",
    "min_kwargs": {},
    "shots": 1024
  },
  "metrics": {
    "exact_purity": 0.25,
    "calculated_fidelity": [
      0.9993659326643509
    ],
    "calculated_trace_distance": [
      0.012032292780024878
    ],
    "calculated_relative_entropy": [
      0.0012699593928592696
    ],
    "calculated_purity": [
      0.25063228607177734
    ],
    "noiseless_fidelity": [
      0.9998210848766471
    ],
    "noiseless_trace_distance": [
      0.005895445649970241
    ],
    "noiseless_relative_entropy": [
      0.00035862803057267606
    ],
    "noiseless_purity": [
      0.2501778134157059
    ]
  }
}
