{
  "metadata": {
    "n": 2,
    "J": 1.0,
    "h": 0.5,
    "beta": 0.8,
    "ancilla_reps": 1,
    "system_reps": null,
    "optimizer": "BOBYQA",
    "min_kwargs": {},
    "shots": 1024
  },
  "metrics": {
    "exact_purity": 0.3999261709032876,
    "calculated_fidelity": [
      0.9754333191340137
    ],
    "calculated_trace_distance": [
      0.07844009240100637
    ],
    "calculated_relative_entropy": [
      0.05402117605652387
    ],
    "calculated_purity": [
      0.38589954376220703
    ],
    "noiseless_fidelity": [
      0.9749740764287524
    ],
    "noiseless_trace_distance": [
      0.07380455252687812
    ],
    "noiseless_relative_entropy": [
      0.05572194783679252
    ],
    "noiseless_purity": [
      0.3847039341523436
    ]
  }
}
