{
  "metadata": {
    "n": 2,
    "J": 1.0,
    "h": 0.5,
    "beta": 1.0,
    "ancilla_reps": 1,
    "system_reps": null,
    "optimizer": "BOBYQA",
    "min_kwargs": {},
    "shots": 1024
  },
  "metrics": {
    "exact_purity": 0.4423502848609148,
    "calculated_fidelity": [
      0.9983922895609948
    ],
    "calculated_trace_distance": [
      0.017772208282102898
    ],
    "calculated_relative_entropy": [
      0.0034804306542724588
    ],
    "calculated_purity": [
      0.4416017532348633
    ],
    "noiseless_fidelity": [
      0.9993651417720916
    ],
    "noiseless_trace_distance": [
      0.012816619343308341
    ],
    "noiseless_relative_entropy": [
      0.0013868368043586116
    ],
    "noiseless_purity": [
      0.4349530720064088
    ]
  }
}
