{
  "metadata": {
    "n": 2,
    "J": 1.0,
    "h": 0.5,
    "beta": 2.0,
    "ancilla_reps": 1,
    "system_reps": null,
    "optimizer": "BOBYQA",
    "min_kwargs": {},
    "shots": 1024
  },
  "metrics": {
    "exact_purity": 0.5677667882613814,
    "calculated_fidelity": [
      0.9934987440789452
    ],
    "calculated_trace_distance": [
      0.04431381391867836
    ],
    "calculated_relative_entropy": [
      0.005572863496246753
    ],
    "calculated_purity": [
      0.5423803329467773
    ],
    "noiseless_fidelity": [
      0.9959329443882652
    ],
    "noiseless_trace_distance": [
      0.02884657873739775
    ],
    "noiseless_relative_entropy": [
      0.007750291363725591
    ],
    "noiseless_purity": [
      0.5288014180255293
    ]
  }
}
