{
  "metrics": {
    "exact_purity": 0.3482450223805722,
    "calculated_fidelity": [
      0.9777125703992011,
      0.8588012258534937,
      0.8976192110625831,
      0.9695174418680585,
      1.0089584735798727,
      1.0117489097726713,
      0.7812670549315257,
      0.9604378755254855,
      0.9860785062770242,
      0.9651072642539309
    ],
    "calculated_trace_distance": [
      0.13506689237342936,
      0.24700093677091944,
      0.22794419431039786,
      0.1247870849911257,
      0.1465623025361877,
      0.15140091438202288,
      0.2405508554175879,
      0.17145136251532767,
      0.1538789593945465,
      0.13840592021186107
    ],
    "calculated_relative_entropy": [
      -0.03819409700697017,
      0.23819652774789166,
      0.15683925817450914,
      -0.047145320013482914,
      -0.10890631854366797,
      -0.1239639550985646,
      0.45836819829789305,
      -0.013617885120426165,
      -0.057102009017495486,
      -0.050595605250651585
    ],
    "calculated_purity": [
      0.372029185295105,
      0.3821256160736084,
      0.29369354248046875,
      0.38282644748687744,
      0.4062150716781616,
      0.42505812644958496,
      0.22002637386322021,
      0.37278056144714355,
      0.3994779586791992,
      0.3849276304244995
    ],
    "calculated_kullback_leibler_divergence": [
      0.0169889440116531,
      Infinity,
      0.09804971132576187,
      0.028089816676757237,
      Infinity,
      0.03849155333739979,
      0.1917470838562492,
      Infinity,
      Infinity,
      Infinity
    ],
    "noiseless_fidelity": [
      0.9468319793524261,
      0.8027233297999761,
      0.8753754685874305,
      0.9336501378714522,
      0.9463732981441619,
      0.9401148473142484,
      0.787860642878223,
      0.9138714357926377,
      0.9459067220407853,
      0.931176567268361
    ],
    "noiseless_trace_distance": [
      0.050148606585258604,
      0.20488444112891377,
      0.1410265649500879,
      0.05596470739323054,
      0.06380322835728469,
      0.056952488775628224,
      0.19288948998046257,
      0.10777599578392297,
      0.06216918753451573,
      0.055369816167463774
    ],
    "noiseless_relative_entropy": [
      0.1451668400770923,
      0.5148562354428265,
      0.2617872811050166,
      0.20241804127076407,
      0.17078410497939583,
      0.2335880194381524,
      0.4672663898624949,
      0.2678983605077772,
      0.1946003799328448,
      0.2596542383345599
    ],
    "noiseless_purity": [
      0.3551927291226247,
      0.37420588631762675,
      0.25070412145353815,
      0.35009481019488864,
      0.36995244645743325,
      0.38922812906540194,
      0.19564268100990995,
      0.3371346411882259,
      0.39306060180940794,
      0.35810255779644784
    ],
    "noiseless_kullback_leibler_divergence": [
      0.016766541550055497,
      0.2616635000004637,
      0.1016625710834131,
      0.02644798655378597,
      0.03354252904907838,
      0.03878591568079308,
      0.18797951232428534,
      0.05078893858721936,
      0.03308357351091261,
      0.01839922717309489
    ]
  },
  "metadata": {
    "job_ids": [
      null
    ],
    "backends": [
      null
    ],
    "n": 5,
    "J": 1.0,
    "h": 0.5,
    "beta": 1.0,
    "ancilla_reps": 1,
    "system_reps": 4,
    "optimizer": "SPSA",
    "min_kwargs": {
      "maxiter": 500
    },
    "shots": 1024,
    "noise_model": null
  }
}
