{
  "metrics": {
    "exact_purity": 0.3482450223805722,
    "calculated_fidelity": [
      1.0076676573307615,
      0.9973311380659757,
      1.0013150985895558,
      0.9585395460628244,
      1.0018147060160125,
      0.9897540641948162,
      0.9954582192334,
      0.9400479992254775,
      1.004356472779835,
      1.0158502058963386
    ],
    "calculated_trace_distance": [
      0.11354738794713821,
      0.17884086802142302,
      0.17650226408676759,
      0.1759591095545171,
      0.1424509407245802,
      0.1772376868685416,
      0.23090358261496005,
      0.17283977299236725,
      0.14258383292617083,
      0.17923147607605283
    ],
    "calculated_relative_entropy": [
      -0.10415321408910502,
      -0.09706618178675268,
      -0.12001190736827519,
      -0.004488578934423225,
      -0.10004341690498855,
      -0.08073309366718583,
      -0.106179655014337,
      0.04049816025274317,
      -0.09862333160064965,
      -0.11614601988911778
    ],
    "calculated_purity": [
      0.4226562976837158,
      0.39476191997528076,
      0.4200632572174072,
      0.4230191707611084,
      0.4022434949874878,
      0.41171085834503174,
      0.4092766046524048,
      0.3501030206680298,
      0.3998603820800781,
      0.4247504472732544
    ],
    "calculated_kullback_leibler_divergence": [
      Infinity,
      Infinity,
      Infinity,
      Infinity,
      Infinity,
      0.02168795695955167,
      Infinity,
      Infinity,
      Infinity,
      Infinity
    ],
    "noiseless_fidelity": [
      0.93457544915795,
      0.9368579574920772,
      0.9376650411849633,
      0.8947706943226431,
      0.940101873694852,
      0.92911375680839,
      0.9321154950030895,
      0.899057115252577,
      0.9512474278395879,
      0.9407708895956385
    ],
    "noiseless_trace_distance": [
      0.048020065112382715,
      0.04141518577387317,
      0.04562288469498257,
      0.12171639064604078,
      0.041726448245156575,
      0.07471246197329337,
      0.0511729009484659,
      0.09662395527823361,
      0.0267076478260721,
      0.05100607369099732
    ],
    "noiseless_relative_entropy": [
      0.24904463747140426,
      0.276057085623808,
      0.22285253545572772,
      0.45729480133157896,
      0.1755278502480916,
      0.2602006833648811,
      0.21448256291890355,
      0.3046512673802812,
      0.16464648737887108,
      0.24261858207027437
    ],
    "noiseless_purity": [
      0.39733743300161267,
      0.36913223292333297,
      0.373767169088418,
      0.3975619371333381,
      0.3583069682788332,
      0.3725592263675442,
      0.3592082352519281,
      0.32991401504585016,
      0.36626691644701304,
      0.3724440494536117
    ],
    "noiseless_kullback_leibler_divergence": [
      0.07190136137086611,
      0.049224221631984325,
      0.02464022608634001,
      0.062363587521921976,
      0.01874115944002208,
      0.023575267959472082,
      0.023112963795678898,
      0.06932706756400217,
      0.024949877250025558,
      0.045069347292040596
    ]
  },
  "metadata": {
    "job_ids": [
      null
    ],
    "backends": [
      null
    ],
    "n": 5,
    "J": 1.0,
    "h": 0.5,
    "beta": 1.0,
    "ancilla_reps": 1,
    "system_reps": 6,
    "optimizer": "SPSA",
    "min_kwargs": {
      "maxiter": 500
    },
    "shots": 1024,
    "noise_model": null
  }
}
