{
  "n": 2,
  "J": 1.0,
  "h": 0.5,
  "beta": 1e-08,
  "calculated_result": {
    "n": 2,
    "J": 1.0,
    "h": 0.5,
    "beta": 1e-08,
    "params": [
      4.710020833111705,
      3.144043711481532,
      3.176451547601285,
      4.750253592419527,
      2.7319833051233817,
      2.8932374222737605
    ],
    "cost": -138460794.5304491,
    "energy": -0.0390625,
    "entropy": 1.384607944913866,
    "rho": [
      [
        [
          0.25764973958333376,
          0.0
        ],
        [
          -0.00585937499999999,
          0.013997395833333332
        ],
        [
          0.0030924479166666748,
          0.00927734375
        ],
        [
          -0.00048828125,
          0.0126953125
        ]
      ],
      [
        [
          -0.00585937499999999,
          -0.013997395833333332
        ],
        [
          0.24462890625000044,
          0.0
        ],
        [
          -0.00537109375,
          -0.001953125
        ],
        [
          0.0011393229166666609,
          -0.006347656249999986
        ]
      ],
      [
        [
          0.0030924479166666748,
          -0.00927734375
        ],
        [
          -0.00537109375,
          0.001953125
        ],
        [
          0.24169921875000047,
          0.0
        ],
        [
          0.0009765624999999965,
          -0.005533854166666637
        ]
      ],
      [
        [
          -0.00048828125,
          -0.0126953125
        ],
        [
          0.0011393229166666609,
          0.006347656249999986
        ],
        [
          0.0009765624999999965,
          0.005533854166666637
        ],
        [
          0.25602213541666713,
          0.0
        ]
      ]
    ],
    "noiseless_rho": [
      [
        0.24919615822044427,
        3.4330646421104154e-17,
        4.776285601953893e-18,
        3.939071006210407e-05
      ],
      [
        3.4330646421104154e-17,
        0.24956344997901692,
        -0.00019347937314326638,
        3.5259798815500986e-17
      ],
      [
        4.776285601953893e-18,
        -0.00019347937314326638,
        0.25194229716183414,
        -2.8892557918753045e-17
      ],
      [
        3.939071006210407e-05,
        3.5259798815500986e-17,
        -2.8892557918753045e-17,
        0.2492980946387046
      ]
    ],
    "sigma": [
      0.26334635416666713,
      0.2418619791666672,
      0.23372395833333393,
      0.2610677083333338
    ],
    "noiseless_sigma": [
      0.24918271069872297,
      0.24954781641508753,
      0.25195793072576345,
      0.24931154216042595
    ],
    "eigenvalues": [
      0.23372395833333393,
      0.2418619791666672,
      0.2610677083333338,
      0.26334635416666713
    ],
    "noiseless_eigenvalues": [
      0.24918271069872297,
      0.24931154216042595,
      0.24954781641508753,
      0.25195793072576345
    ],
    "hamiltonian_eigenvalues": [
      -5032276.809542149,
      -4163245.8903444707,
      3478010.4245310426,
      6900657.991484493
    ],
    "noiseless_hamiltonian_eigenvalues": [
      -611479.8333052397,
      349678.7890121639,
      444404.59429869056,
      496092.83898049593
    ]
  },
  "exact_result": {
    "hamiltonian_matrix": [
      [
        [
          -1.0,
          0.0
        ],
        [
          0.0,
          0.0
        ],
        [
          0.0,
          0.0
        ],
        [
          -1.0,
          0.0
        ]
      ],
      [
        [
          0.0,
          0.0
        ],
        [
          0.0,
          0.0
        ],
        [
          -1.0,
          0.0
        ],
        [
          0.0,
          0.0
        ]
      ],
      [
        [
          0.0,
          0.0
        ],
        [
          -1.0,
          0.0
        ],
        [
          0.0,
          0.0
        ],
        [
          0.0,
          0.0
        ]
      ],
      [
        [
          -1.0,
          0.0
        ],
        [
          0.0,
          0.0
        ],
        [
          0.0,
          0.0
        ],
        [
          1.0,
          0.0
        ]
      ]
    ],
    "gibbs_state": [
      [
        0.25000000250000004,
        0.0,
        0.0,
        2.5000000000000005e-09
      ],
      [
        0.0,
        0.25,
        2.5e-09,
        0.0
      ],
      [
        0.0,
        2.5e-09,
        0.25,
        0.0
      ],
      [
        2.4999999999999996e-09,
        0.0,
        0.0,
        0.24999999750000002
      ]
    ],
    "energy": -1.5000000019860238e-08,
    "entropy": 1.3862943611198908,
    "cost": -138629436.1119891,
    "eigenvalues": [
      0.24999999646446613,
      0.24999999750000002,
      0.2500000025,
      0.2500000035355339
    ],
    "hamiltonian_eigenvalues": [
      -1.4142135623730951,
      -1.0,
      1.0,
      1.4142135623730951
    ]
  },
  "metrics": {
    "exact_purity": 0.25000000000000006,
    "calculated_fidelity": 0.9986289108102617,
    "calculated_trace_distance": 0.022653957350873638,
    "calculated_relative_entropy": 0.002740680940472912,
    "calculated_purity": 0.2513788011338985,
    "noiseless_fidelity": 0.9999948331113091,
    "noiseless_trace_distance": 0.0010678895174887197,
    "noiseless_relative_entropy": 1.0325161156292026e-05,
    "noiseless_purity": 0.2500051798987202
  }
}
