{
  "n": 2,
  "J": 1.0,
  "h": 0.5,
  "beta": 0.2,
  "calculated_result": {
    "n": 2,
    "J": 1.0,
    "h": 0.5,
    "beta": 0.2,
    "params": [
      2.228960820580009,
      4.7320869577658184,
      5.664690315477714,
      3.3679526282678003,
      2.8414302569090917,
      0.9860042435384547
    ],
    "cost": -7.02536296679068,
    "energy": -0.3056640625,
    "entropy": 1.343939780858136,
    "rho": [
      [
        [
          0.3116861979166671,
          0.0
        ],
        [
          -0.001953125000000007,
          0.008951822916666699
        ],
        [
          0.009440104166666657,
          -0.005533854166666682
        ],
        [
          0.05419921875,
          -0.01123046875
        ]
      ],
      [
        [
          -0.001953125000000007,
          -0.008951822916666699
        ],
        [
          0.24853515625000056,
          0.0
        ],
        [
          0.05029296875,
          0.01611328125
        ],
        [
          -0.006184895833333325,
          -0.018229166666666657
        ]
      ],
      [
        [
          0.009440104166666657,
          0.005533854166666682
        ],
        [
          0.05029296875,
          -0.01611328125
        ],
        [
          0.22509765625000056,
          0.0
        ],
        [
          -0.0087890625,
          0.012858072916666685
        ]
      ],
      [
        [
          0.05419921875,
          0.01123046875
        ],
        [
          -0.006184895833333325,
          0.018229166666666657
        ],
        [
          -0.0087890625,
          -0.012858072916666685
        ],
        [
          0.21468098958333384,
          0.0
        ]
      ]
    ],
    "noiseless_rho": [
      [
        0.30950372201514836,
        1.4477821361848148e-17,
        -3.6466416428703695e-17,
        0.04367990848316051
      ],
      [
        1.4477821361848148e-17,
        0.2576566226663003,
        0.04711986125973425,
        1.1356045816647954e-17
      ],
      [
        -3.6466416428703695e-17,
        0.04711986125973425,
        0.23008457274622485,
        -4.294081973914539e-18
      ],
      [
        0.04367990848316051,
        1.1356045816647954e-17,
        -4.294081973914539e-18,
        0.2027550825723264
      ]
    ],
    "sigma": [
      0.20117187500000044,
      0.18294270833333387,
      0.29166666666666713,
      0.3242187500000004
    ],
    "noiseless_sigma": [
      0.1871601887936497,
      0.1947754267692408,
      0.29296576864328433,
      0.3250986157938251
    ],
    "eigenvalues": [
      0.18294270833333387,
      0.20117187500000044,
      0.29166666666666713,
      0.3242187500000004
    ],
    "noiseless_eigenvalues": [
      0.1871601887936497,
      0.1947754267692408,
      0.29296576864328433,
      0.3250986157938251
    ],
    "hamiltonian_eigenvalues": [
      -1.3936787833758633,
      -0.8646445603275259,
      0.9926152172586695,
      1.4675482550786638
    ],
    "noiseless_hamiltonian_eigenvalues": [
      -1.4072294194547972,
      -0.8868654299942405,
      1.1541772416054572,
      1.3535890544893396
    ]
  },
  "exact_result": {
    "hamiltonian_matrix": [
      [
        [
          -1.0,
          0.0
        ],
        [
          0.0,
          0.0
        ],
        [
          0.0,
          0.0
        ],
        [
          -1.0,
          0.0
        ]
      ],
      [
        [
          0.0,
          0.0
        ],
        [
          0.0,
          0.0
        ],
        [
          -1.0,
          0.0
        ],
        [
          0.0,
          0.0
        ]
      ],
      [
        [
          0.0,
          0.0
        ],
        [
          -1.0,
          0.0
        ],
        [
          0.0,
          0.0
        ],
        [
          0.0,
          0.0
        ]
      ],
      [
        [
          -1.0,
          0.0
        ],
        [
          0.0,
          0.0
        ],
        [
          0.0,
          0.0
        ],
        [
          1.0,
          0.0
        ]
      ]
    ],
    "gibbs_state": [
      [
        0.30163668885233524,
        0.0,
        0.0,
        0.04918555449042901
      ],
      [
        0.0,
        0.24754886563809372,
        0.04886003662663048,
        0.0
      ],
      [
        0.0,
        0.04886003662663048,
        0.24754886563809372,
        0.0
      ],
      [
        0.04918555449042902,
        0.0,
        0.0,
        0.2032655798714772
      ]
    ],
    "energy": -0.294462291214977,
    "entropy": 1.357122893136917,
    "cost": -7.080076756899562,
    "eigenvalues": [
      0.18289225612870066,
      0.19868882901146326,
      0.2964089022647242,
      0.32201001259511175
    ],
    "hamiltonian_eigenvalues": [
      -1.4142135623730951,
      -1.0,
      1.0,
      1.4142135623730951
    ]
  },
  "metrics": {
    "exact_purity": 0.2644755136790756,
    "calculated_fidelity": 0.9965943922872723,
    "calculated_trace_distance": 0.03257276047665262,
    "calculated_relative_entropy": 0.006938802443335531,
    "calculated_purity": 0.2690139346652571,
    "noiseless_fidelity": 0.9994522618491612,
    "noiseless_trace_distance": 0.009602234129382574,
    "noiseless_relative_entropy": 0.0011156204116092605,
    "noiseless_purity": 0.26448445473022597
  }
}
