{
  "n": 2,
  "J": 1.0,
  "h": 0.5,
  "beta": 0.5,
  "calculated_result": {
    "n": 2,
    "J": 1.0,
    "h": 0.5,
    "beta": 0.5,
    "params": [
      1.6578612155504178,
      0.5752566603847294,
      4.740421070214172,
      3.098816165927348,
      4.391197240644006,
      -0.46414581989172704
    ],
    "cost": -3.0903247842766457,
    "energy": -0.658203125,
    "entropy": 1.2160608296383228,
    "rho": [
      [
        [
          0.37288411458333365,
          0.0
        ],
        [
          0.0073242187499999965,
          -0.01220703125
        ],
        [
          0.0009765625000000104,
          -0.006998697916666675
        ],
        [
          0.123046875,
          0.0048828125
        ]
      ],
      [
        [
          0.0073242187499999965,
          0.01220703125
        ],
        [
          0.25276692708333387,
          0.0
        ],
        [
          0.109375,
          0.0068359375
        ],
        [
          0.013671874999999983,
          -0.006022135416666668
        ]
      ],
      [
        [
          0.0009765625000000104,
          0.006998697916666675
        ],
        [
          0.109375,
          -0.0068359375
        ],
        [
          0.2218424479166672,
          0.0
        ],
        [
          0.0004882812500000104,
          0.0034179687499999827
        ]
      ],
      [
        [
          0.123046875,
          -0.0048828125
        ],
        [
          0.013671874999999983,
          0.006022135416666668
        ],
        [
          0.0004882812500000104,
          -0.0034179687499999827
        ],
        [
          0.15250651041666713,
          0.0
        ]
      ]
    ],
    "noiseless_rho": [
      [
        0.37973032963038045,
        -5.562980746417322e-18,
        6.862621181205929e-17,
        0.11320974095807207
      ],
      [
        -5.562980746417322e-18,
        0.2494240370954455,
        0.11087120311433227,
        2.4055722990272076e-17
      ],
      [
        6.862621181205929e-17,
        0.11087120311433227,
        0.21750734347683326,
        4.9215017756340855e-17
      ],
      [
        0.11320974095807207,
        2.4055722990272076e-17,
        4.9215017756340855e-17,
        0.1533382897973403
      ]
    ],
    "sigma": [
      0.1145833333333338,
      0.3411458333333338,
      0.11881510416666723,
      0.4254557291666671
    ],
    "noiseless_sigma": [
      0.10644126060574015,
      0.3454794952965291,
      0.12145188527574965,
      0.42662735882198066
    ],
    "eigenvalues": [
      0.1145833333333338,
      0.11881510416666723,
      0.3411458333333338,
      0.4254557291666671
    ],
    "noiseless_eigenvalues": [
      0.10644126060574015,
      0.12145188527574965,
      0.3454794952965291,
      0.42662735882198066
    ],
    "hamiltonian_eigenvalues": [
      -1.3811360229899659,
      -0.9394343255034978,
      1.1700486970934878,
      1.2425810530622772
    ],
    "noiseless_hamiltonian_eigenvalues": [
      -1.3866360987934665,
      -0.9646808133822309,
      1.1261494169103732,
      1.3899991949170674
    ]
  },
  "exact_result": {
    "hamiltonian_matrix": [
      [
        [
          -1.0,
          0.0
        ],
        [
          0.0,
          0.0
        ],
        [
          0.0,
          0.0
        ],
        [
          -1.0,
          0.0
        ]
      ],
      [
        [
          0.0,
          0.0
        ],
        [
          0.0,
          0.0
        ],
        [
          -1.0,
          0.0
        ],
        [
          0.0,
          0.0
        ]
      ],
      [
        [
          0.0,
          0.0
        ],
        [
          -1.0,
          0.0
        ],
        [
          0.0,
          0.0
        ],
        [
          0.0,
          0.0
        ]
      ],
      [
        [
          -1.0,
          0.0
        ],
        [
          0.0,
          0.0
        ],
        [
          0.0,
          0.0
        ],
        [
          1.0,
          0.0
        ]
      ]
    ],
    "gibbs_state": [
      [
        0.3775435925176229,
        0.0,
        0.0,
        0.11362464936063967
      ],
      [
        0.0,
        0.23608105684301672,
        0.10909710687123368,
        0.0
      ],
      [
        0.0,
        0.10909710687123368,
        0.23608105684301672,
        0.0
      ],
      [
        0.11362464936063967,
        0.0,
        0.0,
        0.15029429379634357
      ]
    ],
    "energy": -0.672692811185026,
    "entropy": 1.2273481730923634,
    "cost": -3.1273891573697528,
    "eigenvalues": [
      0.10322942301127919,
      0.12698394997178303,
      0.3451781637142504,
      0.42460846330268726
    ],
    "hamiltonian_eigenvalues": [
      -1.4142135623730951,
      -1.0,
      1.0,
      1.4142135623730951
    ]
  },
  "metrics": {
    "exact_purity": 0.32622154913908924,
    "calculated_fidelity": 0.998045593844034,
    "calculated_trace_distance": 0.026351298302708864,
    "calculated_relative_entropy": 0.004155462439335953,
    "calculated_purity": 0.33072937859429347,
    "noiseless_fidelity": 0.9993802917601166,
    "noiseless_trace_distance": 0.010173904804641084,
    "noiseless_relative_entropy": 0.001341380296666415,
    "noiseless_purity": 0.3274472873621364
  }
}
