{
  "n": 2,
  "J": 1.0,
  "h": 0.5,
  "beta": 0.8,
  "calculated_result": {
    "n": 2,
    "J": 1.0,
    "h": 0.5,
    "beta": 0.8,
    "params": [
      7.690181606491034,
      -1.5119141347224285,
      5.608550087314875,
      2.986222222677597,
      4.301300676840102,
      2.765956622415332
    ],
    "cost": -2.272479838236311,
    "energy": -0.9453125,
    "entropy": 1.0617338705890491,
    "rho": [
      [
        [
          0.4523111979166671,
          0.0
        ],
        [
          -0.0026041666666666644,
          -0.0004882812500000069
        ],
        [
          -0.002929687500000007,
          0.002929687499999979
        ],
        [
          0.1435546875,
          0.0029296875
        ]
      ],
      [
        [
          -0.0026041666666666644,
          0.0004882812500000069
        ],
        [
          0.1997070312500006,
          0.0
        ],
        [
          0.1669921875,
          0.0009765625
        ],
        [
          -0.011718750000000007,
          -0.01464843750000001
        ]
      ],
      [
        [
          -0.002929687500000007,
          -0.002929687499999979
        ],
        [
          0.1669921875,
          -0.0009765625
        ],
        [
          0.20361328125000056,
          0.0
        ],
        [
          0.0013020833333333356,
          0.0004882812499999861
        ]
      ],
      [
        [
          0.1435546875,
          -0.0029296875
        ],
        [
          -0.011718750000000007,
          0.01464843750000001
        ],
        [
          0.0013020833333333356,
          -0.0004882812499999861
        ],
        [
          0.14436848958333373,
          0.0
        ]
      ]
    ],
    "noiseless_rho": [
      [
        0.4505678180779106,
        4.4377396352976627e-17,
        -4.9609045858816036e-17,
        0.16003336602179757
      ],
      [
        4.4377396352976627e-17,
        0.20476373326212277,
        0.1445519137307485,
        5.1432922172942e-17
      ],
      [
        -4.9609045858816036e-17,
        0.1445519137307485,
        0.21501741708390426,
        1.4353037504681375e-17
      ],
      [
        0.16003336602179757,
        5.1432922172942e-17,
        1.4353037504681375e-17,
        0.1296510315760624
      ]
    ],
    "sigma": [
      0.5133463541666669,
      0.058919270833333905,
      0.3619791666666672,
      0.06575520833333376
    ],
    "noiseless_sigma": [
      0.5167315204066867,
      0.06524777282460412,
      0.3545333775214229,
      0.06348732924728615
    ],
    "eigenvalues": [
      0.058919270833333905,
      0.06575520833333376,
      0.3619791666666672,
      0.5133463541666669
    ],
    "noiseless_eigenvalues": [
      0.06348732924728615,
      0.06524777282460412,
      0.3545333775214229,
      0.5167315204066867
    ],
    "hamiltonian_eigenvalues": [
      -1.4389742041056561,
      -1.0022690639150191,
      1.1297906578466281,
      1.2670039905158479
    ],
    "noiseless_hamiltonian_eigenvalues": [
      -1.4471900354280955,
      -0.9762888586812417,
      1.1394743696613583,
      1.17366382727237
    ]
  },
  "exact_result": {
    "hamiltonian_matrix": [
      [
        [
          -1.0,
          0.0
        ],
        [
          0.0,
          0.0
        ],
        [
          0.0,
          0.0
        ],
        [
          -1.0,
          0.0
        ]
      ],
      [
        [
          0.0,
          0.0
        ],
        [
          0.0,
          0.0
        ],
        [
          -1.0,
          0.0
        ],
        [
          0.0,
          0.0
        ]
      ],
      [
        [
          0.0,
          0.0
        ],
        [
          -1.0,
          0.0
        ],
        [
          0.0,
          0.0
        ],
        [
          0.0,
          0.0
        ]
      ],
      [
        [
          -1.0,
          0.0
        ],
        [
          0.0,
          0.0
        ],
        [
          0.0,
          0.0
        ],
        [
          1.0,
          0.0
        ]
      ]
    ],
    "gibbs_state": [
      [
        0.4416950076916649,
        0.0,
        0.0,
        0.1610414349807664
      ],
      [
        0.0,
        0.2193464272891015,
        0.14565409314684655,
        0.0
      ],
      [
        0.0,
        0.14565409314684655,
        0.2193464272891015,
        0.0
      ],
      [
        0.16104143498076634,
        0.0,
        0.0,
        0.11961213773013224
      ]
    ],
    "energy": -0.9354739262167585,
    "entropy": 1.0594773585753432,
    "cost": -2.2598206244359376,
    "eigenvalues": [
      0.052906591257073816,
      0.07369233414225496,
      0.365000520435948,
      0.5084005541647234
    ],
    "hamiltonian_eigenvalues": [
      -1.4142135623730951,
      -1.0,
      1.0,
      1.4142135623730951
    ]
  },
  "metrics": {
    "exact_purity": 0.3999261709032876,
    "calculated_fidelity": 0.9860444636458036,
    "calculated_trace_distance": 0.03131829799341697,
    "calculated_relative_entropy": 0.030139863548851654,
    "calculated_purity": 0.40453275044759207,
    "noiseless_fidelity": 0.9990895720890451,
    "noiseless_trace_distance": 0.007842436721538441,
    "noiseless_relative_entropy": 0.0018353832422866659,
    "noiseless_purity": 0.4009932927920785
  }
}
