{
  "n": 2,
  "J": 1.0,
  "h": 0.5,
  "beta": 1.0,
  "calculated_result": {
    "n": 2,
    "J": 1.0,
    "h": 0.5,
    "beta": 1.0,
    "params": [
      3.6994175258872657,
      3.1027243007733185,
      1.8621235696685217,
      3.345117429406983,
      -0.37607268397692606,
      7.4744176120416315
    ],
    "cost": -2.0216205462997334,
    "energy": -1.080078125,
    "entropy": 0.9415424212997334,
    "rho": [
      [
        [
          0.4877929687500005,
          0.0
        ],
        [
          0.003417968750000021,
          -0.01025390624999999
        ],
        [
          -0.005859374999999986,
          -0.010416666666666671
        ],
        [
          0.1982421875,
          -0.00732421875
        ]
      ],
      [
        [
          0.003417968750000021,
          0.01025390624999999
        ],
        [
          0.1977539062500006,
          0.0
        ],
        [
          0.1435546875,
          0.00341796875
        ],
        [
          0.007812499999999993,
          -0.0016276041666666852
        ]
      ],
      [
        [
          -0.005859374999999986,
          0.010416666666666671
        ],
        [
          0.1435546875,
          -0.00341796875
        ],
        [
          0.18310546875000064,
          0.0
        ],
        [
          0.003417968750000007,
          0.011230468749999986
        ]
      ],
      [
        [
          0.1982421875,
          0.00732421875
        ],
        [
          0.007812499999999993,
          0.0016276041666666852
        ],
        [
          0.003417968750000007,
          -0.011230468749999986
        ],
        [
          0.13134765625000033,
          0.0
        ]
      ]
    ],
    "noiseless_rho": [
      [
        0.47721346597309744,
        2.41601126531678e-17,
        -3.3447657318753755e-17,
        0.19325923283469557
      ],
      [
        2.41601126531678e-17,
        0.20540771681673775,
        0.15353501844960393,
        -8.795858266224601e-18
      ],
      [
        -3.3447657318753755e-17,
        0.15353501844960393,
        0.20433562718572282,
        -1.8102338508791802e-17
      ],
      [
        0.19325923283469557,
        -8.795858266224601e-18,
        -1.8102338508791802e-17,
        0.11304319002444171
      ]
    ],
    "sigma": [
      0.5611979166666671,
      0.3505859375000005,
      0.0654296875000006,
      0.022786458333333728
    ],
    "noiseless_sigma": [
      0.5606544633357362,
      0.35840762620859,
      0.0513357177938706,
      0.029602192661803008
    ],
    "eigenvalues": [
      0.022786458333333728,
      0.0654296875000006,
      0.3505859375000005,
      0.5611979166666671
    ],
    "noiseless_eigenvalues": [
      0.029602192661803008,
      0.0513357177938706,
      0.35840762620859,
      0.5606544633357362
    ],
    "hamiltonian_eigenvalues": [
      -1.4439389032558099,
      -0.9734711291885607,
      0.7051586399087446,
      1.759968305918453
    ],
    "noiseless_hamiltonian_eigenvalues": [
      -1.442970053194735,
      -0.9955362266757772,
      0.94774796948573,
      1.4982862976836473
    ]
  },
  "exact_result": {
    "hamiltonian_matrix": [
      [
        [
          -1.0,
          0.0
        ],
        [
          0.0,
          0.0
        ],
        [
          0.0,
          0.0
        ],
        [
          -1.0,
          0.0
        ]
      ],
      [
        [
          0.0,
          0.0
        ],
        [
          0.0,
          0.0
        ],
        [
          -1.0,
          0.0
        ],
        [
          0.0,
          0.0
        ]
      ],
      [
        [
          0.0,
          0.0
        ],
        [
          -1.0,
          0.0
        ],
        [
          0.0,
          0.0
        ],
        [
          0.0,
          0.0
        ]
      ],
      [
        [
          -1.0,
          0.0
        ],
        [
          0.0,
          0.0
        ],
        [
          0.0,
          0.0
        ],
        [
          1.0,
          0.0
        ]
      ]
    ],
    "gibbs_state": [
      [
        0.47651580836299356,
        0.0,
        0.0,
        0.18384866024320862
      ],
      [
        0.0,
        0.20733285188021505,
        0.15790348832961396,
        0.0
      ],
      [
        0.0,
        0.157903488329614,
        0.20733285188021502,
        0.0
      ],
      [
        0.18384866024320862,
        0.0,
        0.0,
        0.10881848787657636
      ]
    ],
    "energy": -1.0512016176320624,
    "entropy": 0.9560090098858776,
    "cost": -2.00721062751794,
    "eigenvalues": [
      0.03266587937971612,
      0.04942936355060101,
      0.3652363402098291,
      0.5526684168598538
    ],
    "hamiltonian_eigenvalues": [
      -1.4142135623730951,
      -1.0,
      1.0,
      1.4142135623730951
    ]
  },
  "metrics": {
    "exact_purity": 0.44235028486091477,
    "calculated_fidelity": 0.9964598948939678,
    "calculated_trace_distance": 0.03133413563682613,
    "calculated_relative_entropy": 0.007756063199658979,
    "calculated_purity": 0.4486971961127398,
    "noiseless_fidelity": 0.9997409493312267,
    "noiseless_trace_distance": 0.006817637369676165,
    "noiseless_relative_entropy": 0.0006514949578378922,
    "noiseless_purity": 0.4463010995145571
  }
}
