{
  "n": 2,
  "J": 1.0,
  "h": 0.5,
  "beta": 1.2,
  "calculated_result": {
    "n": 2,
    "J": 1.0,
    "h": 0.5,
    "beta": 1.2,
    "params": [
      -0.0835749180192265,
      0.40358984824805805,
      4.920075929965482,
      3.1553656921917805,
      -0.40184420563647555,
      7.419126866899775
    ],
    "cost": -1.8687964112530437,
    "energy": -1.158203125,
    "entropy": 0.8527119435036523,
    "rho": [
      [
        [
          0.5152810111937012,
          0.0
        ],
        [
          -0.005171799029808655,
          -0.004035467264644898
        ],
        [
          0.01856025569319178,
          0.0038539036868260475
        ],
        [
          0.1951206792146095,
          -0.017708016629456907
        ]
      ],
      [
        [
          -0.005171799029808654,
          0.004035467264644898
        ],
        [
          0.20886630941950063,
          1.3877787807814457e-17
        ],
        [
          0.16394281469050861,
          0.00043608473963027694
        ],
        [
          -0.011852267201917331,
          -0.0017497317262359434
        ]
      ],
      [
        [
          0.01856025569319178,
          -0.0038539036868260475
        ],
        [
          0.16394281469050864,
          -0.00043608473963026306
        ],
        [
          0.20005359816374366,
          1.3877787807814457e-17
        ],
        [
          0.004230530915368393,
          -0.00994059610529855
        ]
      ],
      [
        [
          0.1951206792146095,
          0.017708016629456903
        ],
        [
          -0.011852267201917333,
          0.0017497317262359434
        ],
        [
          0.004230530915368392,
          0.00994059610529855
        ],
        [
          0.07579908122305612,
          0.0
        ]
      ]
    ],
    "noiseless_rho": [
      [
        0.5131434374467195,
        2.492886017104822e-17,
        1.1584973019590125e-17,
        0.19416304645715277
      ],
      [
        2.492886017104822e-17,
        0.2076832758366945,
        0.17095996656035656,
        1.153022140917994e-17
      ],
      [
        1.1584973019590125e-17,
        0.17095996656035656,
        0.19639220529695767,
        9.392046334527329e-18
      ],
      [
        0.19416304645715277,
        1.153022140917994e-17,
        9.392046334527329e-18,
        0.08278108141962814
      ]
    ],
    "sigma": [
      0.5680965121265643,
      0.39101323203171096,
      0.03892884615013334,
      0.0019614096915925847
    ],
    "noiseless_sigma": [
      0.5877936379635527,
      0.3730908967341461,
      0.03098458439950608,
      0.008130880902795078
    ],
    "eigenvalues": [
      0.0019614096915925847,
      0.03892884615013334,
      0.39101323203171096,
      0.5680965121265643
    ],
    "noiseless_eigenvalues": [
      0.008130880902795078,
      0.03098458439950608,
      0.3730908967341461,
      0.5877936379635527
    ],
    "hamiltonian_eigenvalues": [
      -1.3975764454370074,
      -1.0862848462063313,
      0.836220052823129,
      3.3262801169615965
    ],
    "noiseless_hamiltonian_eigenvalues": [
      -1.4259802874803573,
      -1.0471854128781424,
      1.0264248184267122,
      2.1412752630509306
    ]
  },
  "exact_result": {
    "hamiltonian_matrix": [
      [
        [
          -1.0,
          0.0
        ],
        [
          0.0,
          0.0
        ],
        [
          0.0,
          0.0
        ],
        [
          -1.0,
          0.0
        ]
      ],
      [
        [
          0.0,
          0.0
        ],
        [
          0.0,
          0.0
        ],
        [
          -1.0,
          0.0
        ],
        [
          0.0,
          0.0
        ]
      ],
      [
        [
          0.0,
          0.0
        ],
        [
          -1.0,
          0.0
        ],
        [
          0.0,
          0.0
        ],
        [
          0.0,
          0.0
        ]
      ],
      [
        [
          -1.0,
          0.0
        ],
        [
          0.0,
          0.0
        ],
        [
          0.0,
          0.0
        ],
        [
          1.0,
          0.0
        ]
      ]
    ],
    "gibbs_state": [
      [
        0.5058526567926453,
        0.0,
        0.0,
        0.20133735000697395
      ],
      [
        0.0,
        0.19548469321432851,
        0.1629667150984828,
        0.0
      ],
      [
        0.0,
        0.16296671509848276,
        0.19548469321432851,
        0.0
      ],
      [
        0.201337350006974,
        0.0,
        0.0,
        0.10317795677869743
      ]
    ],
    "energy": -1.1312828302248614,
    "entropy": 0.8684227735250276,
    "cost": -1.8549684748290511,
    "eigenvalues": [
      0.01978129579355002,
      0.03251797811584574,
      0.3584514083128113,
      0.5892493177777928
    ],
    "hamiltonian_eigenvalues": [
      -1.4142135623730951,
      -1.0,
      1.0,
      1.4142135623730951
    ]
  },
  "metrics": {
    "exact_purity": 0.47715088918704646,
    "calculated_fidelity": 0.9773927096413629,
    "calculated_trace_distance": 0.03446526063844037,
    "calculated_relative_entropy": 0.7108025813233655,
    "calculated_purity": 0.48675801611311187,
    "noiseless_fidelity": 0.9968512301968767,
    "noiseless_trace_distance": 0.013785589454445243,
    "noiseless_relative_entropy": 0.00809113162130114,
    "noiseless_purity": 0.4857243337509828
  }
}
