{
  "n": 2,
  "J": 1.0,
  "h": 0.5,
  "beta": 2.0,
  "calculated_result": {
    "n": 2,
    "J": 1.0,
    "h": 0.5,
    "beta": 2.0,
    "params": [
      6.209710570499007,
      6.61813497396288,
      4.1886445290717145,
      6.5919330924300334,
      5.903823312204184,
      4.34690130803645
    ],
    "cost": -1.6180205141334354,
    "energy": -1.328125,
    "entropy": 0.5797910282668709,
    "rho": [
      [
        [
          0.6205169755907431,
          0.0
        ],
        [
          -0.0026660525739890927,
          -0.0024860748987043753
        ],
        [
          -0.0030170333947314707,
          0.0068869314559037225
        ],
        [
          0.26894989528962165,
          -0.00832972460630721
        ]
      ],
      [
        [
          -0.002666052573989093,
          0.0024860748987043753
        ],
        [
          0.12516026654311455,
          3.469446951953614e-18
        ],
        [
          0.12731023233465547,
          -0.00044280503520554085
        ],
        [
          -0.003274773725163531,
          0.002270999734390944
        ]
      ],
      [
        [
          -0.0030170333947314707,
          -0.006886931455903722
        ],
        [
          0.1273102323346555,
          0.00044280503520554085
        ],
        [
          0.12972566896989682,
          -3.469446951953614e-18
        ],
        [
          -0.004407989470605996,
          -0.0017782041155057784
        ]
      ],
      [
        [
          0.26894989528962165,
          0.008329724606307211
        ],
        [
          -0.003274773725163531,
          -0.002270999734390944
        ],
        [
          -0.004407989470605996,
          0.0017782041155057788
        ],
        [
          0.12459708889624745,
          -4.336808689942018e-19
        ]
      ]
    ],
    "noiseless_rho": [
      [
        0.6201057839972632,
        7.751355353399288e-17,
        1.1836632368075008e-17,
        0.27112138859189694
      ],
      [
        7.751355353399288e-17,
        0.12807279704717028,
        0.1298246653416566,
        4.814574588444529e-17
      ],
      [
        1.1836632368075008e-17,
        0.1298246653416566,
        0.13167548680274777,
        1.9529566643927546e-17
      ],
      [
        0.27112138859189694,
        4.814574588444529e-17,
        1.9529566643927546e-17,
        0.12014593215281877
      ]
    ],
    "sigma": [
      0.001530398000956159,
      0.005373125992642569,
      0.26560757240579236,
      0.7274889036006087
    ],
    "noiseless_sigma": [
      0.0013484581220638298,
      3.69801628430716e-05,
      0.25971130368707496,
      0.7389032580280182
    ],
    "eigenvalues": [
      0.001530398000956159,
      0.005373125992642569,
      0.26560757240579236,
      0.7274889036006087
    ],
    "noiseless_eigenvalues": [
      3.69801628430716e-05,
      0.0013484581220638298,
      0.25971130368707496,
      0.7389032580280182
    ],
    "hamiltonian_eigenvalues": [
      -1.458942247715694,
      -0.9551528385222857,
      0.99515219501329,
      1.6230932088976595
    ],
    "noiseless_hamiltonian_eigenvalues": [
      -1.4667263761822686,
      -0.9439281964739848,
      1.6863762213995388,
      3.484543950101864
    ]
  },
  "exact_result": {
    "hamiltonian_matrix": [
      [
        [
          -1.0,
          0.0
        ],
        [
          0.0,
          0.0
        ],
        [
          0.0,
          0.0
        ],
        [
          -1.0,
          0.0
        ]
      ],
      [
        [
          0.0,
          0.0
        ],
        [
          0.0,
          0.0
        ],
        [
          -1.0,
          0.0
        ],
        [
          0.0,
          0.0
        ]
      ],
      [
        [
          0.0,
          0.0
        ],
        [
          -1.0,
          0.0
        ],
        [
          0.0,
          0.0
        ],
        [
          0.0,
          0.0
        ]
      ],
      [
        [
          -1.0,
          0.0
        ],
        [
          0.0,
          0.0
        ],
        [
          0.0,
          0.0
        ],
        [
          1.0,
          0.0
        ]
      ]
    ],
    "gibbs_state": [
      [
        0.5897309313931668,
        0.0,
        0.0,
        0.24327536307992276
      ],
      [
        0.0,
        0.15354443168675583,
        0.1480210669130998,
        0.0
      ],
      [
        0.0,
        0.1480210669130998,
        0.15354443168675583,
        0.0
      ],
      [
        0.24327536307992276,
        0.0,
        0.0,
        0.10318020523332135
      ]
    ],
    "energy": -1.2691435861458906,
    "entropy": 0.6604808716629245,
    "cost": -1.599384021977353,
    "eigenvalues": [
      0.0024122504543784146,
      0.005523364773656059,
      0.30156549859985565,
      0.6904988861721097
    ],
    "hamiltonian_eigenvalues": [
      -1.4142135623730951,
      -1.0,
      1.0,
      1.4142135623730951
    ]
  },
  "metrics": {
    "exact_purity": 0.5677667882613812,
    "calculated_fidelity": 0.9901414122613647,
    "calculated_trace_distance": 0.034471064151923185,
    "calculated_relative_entropy": 0.1956019720522053,
    "calculated_purity": 0.610499226079783,
    "noiseless_fidelity": 0.9925170017800563,
    "noiseless_trace_distance": 0.029110439058035356,
    "noiseless_relative_entropy": 0.029240232338797217,
    "noiseless_purity": 0.6134298056940994
  }
}
