{
  "n": 2,
  "J": 1.0,
  "h": 0.5,
  "beta": 5.0,
  "calculated_result": {
    "n": 2,
    "J": 1.0,
    "h": 0.5,
    "beta": 5.0,
    "params": [
      3.2110859393904705,
      2.3228860889777194,
      0.038060153804787056,
      0.011274821643543483,
      4.341343126761161,
      -0.47591478656019737
    ],
    "cost": -1.4168773730108346,
    "energy": -1.33203125,
    "entropy": 0.42423061505417303,
    "rho": [
      [
        [
          0.7263497857191167,
          0.0
        ],
        [
          -0.009177067752888974,
          -0.022184727225384726
        ],
        [
          0.005069889829283062,
          -0.02322528152514911
        ],
        [
          0.28834309597947644,
          0.0033074436495996503
        ]
      ],
      [
        [
          -0.009177067752888974,
          0.022184727225384726
        ],
        [
          0.0823938667640642,
          0.0
        ],
        [
          0.07849492649384399,
          0.010444870690968947
        ],
        [
          0.0026317046328975598,
          0.009335750161414825
        ]
      ],
      [
        [
          0.005069889829283062,
          0.023225281525149112
        ],
        [
          0.07849492649384397,
          -0.01044487069096894
        ],
        [
          0.07627397079075639,
          0.0
        ],
        [
          0.008059519830192286,
          0.009006387402875803
        ]
      ],
      [
        [
          0.2883430959794765,
          -0.0033074436495996507
        ],
        [
          0.0026317046328975606,
          -0.009335750161414825
        ],
        [
          0.008059519830192286,
          -0.009006387402875803
        ],
        [
          0.11498237672606422,
          0.0
        ]
      ]
    ],
    "noiseless_rho": [
      [
        0.7390025663430356,
        7.923870334805495e-17,
        3.3131930527155295e-17,
        0.27955811456409296
      ],
      [
        7.923870334805495e-17,
        0.08537214079367596,
        0.07684695890643797,
        3.607124907173481e-17
      ],
      [
        3.3131930527155295e-17,
        0.07684695890643797,
        0.06919507772991232,
        1.8027391667316452e-17
      ],
      [
        0.27955811456409296,
        3.607124907173481e-17,
        1.8027391667316452e-17,
        0.10643021513337603
      ]
    ],
    "sigma": [
      0.004723763820825175,
      0.157633241806457,
      0.003588025665561293,
      0.8340549687071566
    ],
    "noiseless_sigma": [
      0.0005911909486650262,
      0.1545550751176326,
      1.2143405955660833e-05,
      0.8448415905277467
    ],
    "eigenvalues": [
      0.003588025665561293,
      0.004723763820825175,
      0.157633241806457,
      0.8340549687071566
    ],
    "noiseless_eigenvalues": [
      1.2143405955660833e-05,
      0.0005911909486650262,
      0.1545550751176326,
      0.8448415905277467
    ],
    "hamiltonian_eigenvalues": [
      -1.3805861791959289,
      -1.0473805332844206,
      -0.3458474975131416,
      -0.2908467366818941
    ],
    "noiseless_hamiltonian_eigenvalues": [
      -1.3831561458048076,
      -1.0434364184283254,
      0.06979692669996584,
      0.8468674780295768
    ]
  },
  "exact_result": {
    "hamiltonian_matrix": [
      [
        [
          -1.0,
          0.0
        ],
        [
          0.0,
          0.0
        ],
        [
          0.0,
          0.0
        ],
        [
          -1.0,
          0.0
        ]
      ],
      [
        [
          0.0,
          0.0
        ],
        [
          0.0,
          0.0
        ],
        [
          -1.0,
          0.0
        ],
        [
          0.0,
          0.0
        ]
      ],
      [
        [
          0.0,
          0.0
        ],
        [
          -1.0,
          0.0
        ],
        [
          0.0,
          0.0
        ],
        [
          0.0,
          0.0
        ]
      ],
      [
        [
          -1.0,
          0.0
        ],
        [
          0.0,
          0.0
        ],
        [
          0.0,
          0.0
        ],
        [
          1.0,
          0.0
        ]
      ]
    ],
    "gibbs_state": [
      [
        0.7580016602485866,
        0.0,
        0.0,
        0.31397430263046044
      ],
      [
        0.0,
        0.05597264238187379,
        0.05596756030453423,
        0.0
      ],
      [
        0.0,
        0.055967560304534224,
        0.05597264238187379,
        0.0
      ],
      [
        0.31397430263046044,
        0.0,
        0.0,
        0.1300530549876658
      ]
    ],
    "energy": -1.3678323311309102,
    "entropy": 0.3506287991959459,
    "cost": -1.4379580909700993,
    "eigenvalues": [
      6.406014945448124e-07,
      5.082077339582658e-06,
      0.11194020268640802,
      0.8880540746347578
    ],
    "hamiltonian_eigenvalues": [
      -1.4142135623730951,
      -1.0,
      1.0,
      1.4142135623730951
    ]
  },
  "metrics": {
    "exact_purity": 0.8011706484791081,
    "calculated_fidelity": 0.9929183715289149,
    "calculated_trace_distance": 0.05263786281412753,
    "calculated_relative_entropy": 0.05414410867853861,
    "calculated_purity": 0.7350211863628136,
    "noiseless_fidelity": 0.994304018622733,
    "noiseless_trace_distance": 0.02901951396032866,
    "noiseless_relative_entropy": 0.017196952652145853,
    "noiseless_purity": 0.7376449339842699
  }
}
