{
  "metadata": {
    "n": 2,
    "J": 1.0,
    "h": 0.5,
    "beta": 1e-10,
    "ancilla_reps": 1,
    "system_reps": null,
    "optimizer": "function",
    "min_kwargs": {
      "initial_temp": 10.0,
      "visit": 2,
      "accept": -10.0,
      "maxfun": 1000,
      "no_local_search": true,
      "restart_temp_ratio": 1e-10
    },
    "shots": 1024
  },
  "metrics": {
    "exact_purity": 0.25,
    "calculated_fidelity": [
      0.9988179981307905
    ],
    "calculated_trace_distance": [
      0.020492713485967293
    ],
    "calculated_relative_entropy": [
      0.002342329217404319
    ],
    "calculated_purity": [
      0.2512187957763672
    ],
    "noiseless_fidelity": [
      0.9997931321980865
    ],
    "noiseless_trace_distance": [
      0.005908303838041942
    ],
    "noiseless_relative_entropy": [
      0.00041360230186737734
    ],
    "noiseless_purity": [
      0.25020715948709393
    ]
  }
}
