{
  "metadata": {
    "n": 2,
    "J": 1.0,
    "h": 0.5,
    "beta": 0.2,
    "ancilla_reps": 1,
    "system_reps": null,
    "optimizer": "function",
    "min_kwargs": {
      "initial_temp": 10.0,
      "visit": 2,
      "accept": -10.0,
      "maxfun": 1000,
      "no_local_search": true,
      "restart_temp_ratio": 1e-10
    },
    "shots": 1024
  },
  "metrics": {
    "exact_purity": 0.2644755136790756,
    "calculated_fidelity": [
      0.9975589528252284
    ],
    "calculated_trace_distance": [
      0.02723469619532684
    ],
    "calculated_relative_entropy": [
      0.004987118356283939
    ],
    "calculated_purity": [
      0.26721763610839844
    ],
    "noiseless_fidelity": [
      0.9969464776248763
    ],
    "noiseless_trace_distance": [
      0.02650366416687489
    ],
    "noiseless_relative_entropy": [
      0.006046086529740261
    ],
    "noiseless_purity": [
      0.2590002085793377
    ]
  }
}
