{
  "metadata": {
    "n": 2,
    "J": 1.0,
    "h": 0.5,
    "beta": 0.8,
    "ancilla_reps": 1,
    "system_reps": null,
    "optimizer": "function",
    "min_kwargs": {
      "initial_temp": 10.0,
      "visit": 2,
      "accept": -10.0,
      "maxfun": 1000,
      "no_local_search": true,
      "restart_temp_ratio": 1e-10
    },
    "shots": 1024
  },
  "metrics": {
    "exact_purity": 0.3999261709032876,
    "calculated_fidelity": [
      0.9945742510160325
    ],
    "calculated_trace_distance": [
      0.033852601866609114
    ],
    "calculated_relative_entropy": [
      0.012486301694418486
    ],
    "calculated_purity": [
      0.38004398345947266
    ],
    "noiseless_fidelity": [
      0.9953581132169635
    ],
    "noiseless_trace_distance": [
      0.027061792386591885
    ],
    "noiseless_relative_entropy": [
      0.011079966609566845
    ],
    "noiseless_purity": [
      0.38725135251096665
    ]
  }
}
