{
  "metadata": {
    "n": 2,
    "J": 1.0,
    "h": 0.5,
    "beta": 1.2,
    "ancilla_reps": 1,
    "system_reps": null,
    "optimizer": "function",
    "min_kwargs": {
      "initial_temp": 10.0,
      "visit": 2,
      "accept": -10.0,
      "maxfun": 1000,
      "no_local_search": true,
      "restart_temp_ratio": 1e-10
    },
    "shots": 1024
  },
  "metrics": {
    "exact_purity": 0.47715088918704646,
    "calculated_fidelity": [
      0.9902393466058824
    ],
    "calculated_trace_distance": [
      0.05683747852869995
    ],
    "calculated_relative_entropy": [
      0.03363355856861265
    ],
    "calculated_purity": [
      0.48911285400390625
    ],
    "noiseless_fidelity": [
      0.9936161010020395
    ],
    "noiseless_trace_distance": [
      0.041515662587321686
    ],
    "noiseless_relative_entropy": [
      0.02234999943209104
    ],
    "noiseless_purity": [
      0.47814627018167105
    ]
  }
}
