{
  "metadata": {
    "n": 2,
    "J": 1.0,
    "h": 0.5,
    "beta": 2.0,
    "ancilla_reps": 1,
    "system_reps": null,
    "optimizer": "function",
    "min_kwargs": {
      "initial_temp": 10.0,
      "visit": 2,
      "accept": -10.0,
      "maxfun": 1000,
      "no_local_search": true,
      "restart_temp_ratio": 1e-10
    },
    "shots": 1024
  },
  "metrics": {
    "exact_purity": 0.5677667882613814,
    "calculated_fidelity": [
      0.9964690016161732
    ],
    "calculated_trace_distance": [
      0.04756354144010948
    ],
    "calculated_relative_entropy": [
      0.014650216983630476
    ],
    "calculated_purity": [
      0.5562744140625
    ],
    "noiseless_fidelity": [
      0.9923677523301407
    ],
    "noiseless_trace_distance": [
      0.03452173884280574
    ],
    "noiseless_relative_entropy": [
      0.02267520707500055
    ],
    "noiseless_purity": [
      0.5320402838943714
    ]
  }
}
