{
  "metadata": {
    "n": 2,
    "J": 1.0,
    "h": 0.5,
    "beta": 4.0,
    "ancilla_reps": 1,
    "system_reps": null,
    "optimizer": "function",
    "min_kwargs": {
      "initial_temp": 10.0,
      "visit": 2,
      "accept": -10.0,
      "maxfun": 1000,
      "no_local_search": true,
      "restart_temp_ratio": 1e-10
    },
    "shots": 1024
  },
  "metrics": {
    "exact_purity": 0.7308553090569767,
    "calculated_fidelity": [
      0.9949666029688348
    ],
    "calculated_trace_distance": [
      0.039346956048789156
    ],
    "calculated_relative_entropy": [
      0.02234328185981791
    ],
    "calculated_purity": [
      0.7857608795166016
    ],
    "noiseless_fidelity": [
      0.9938530272449836
    ],
    "noiseless_trace_distance": [
      0.025069101230046784
    ],
    "noiseless_relative_entropy": [
      0.014146516459764634
    ],
    "noiseless_purity": [
      0.7883926398067206
    ]
  }
}
