{
  "metrics": {
    "exact_purity": 0.25,
    "calculated_fidelity": [
      0.9872444696678682,
      0.9918529836474435,
      0.9869527770920961,
      0.9803394663423294,
      0.9902160637967686,
      0.9912728412682408
    ],
    "calculated_trace_distance": [
      0.06722581645759745,
      0.04263017846088247,
      0.0689646009813324,
      0.08243464792634836,
      0.050162007779548656,
      0.050897659902164875
    ],
    "calculated_relative_entropy": [
      0.0264266550704687,
      0.016546855312169335,
      0.0261393766819267,
      0.041306833687796474,
      0.020157428982149995,
      0.017578521461987493
    ],
    "calculated_purity": [
      0.2619105445014116,
      0.2579441070556649,
      0.26343070136176305,
      0.26794836256239235,
      0.25920528835720585,
      0.25874159071180663
    ],
    "noiseless_fidelity": [
      0.9929350136613001,
      0.9984995224785925,
      0.9970597326753227,
      0.9967526697834937,
      0.9962989424445959,
      0.9980253738599025
    ],
    "noiseless_trace_distance": [
      0.030028546691873985,
      0.016642201063604423,
      0.02728606363598391,
      0.02422593582229144,
      0.02376007615551643,
      0.019984890146015257
    ],
    "noiseless_relative_entropy": [
      0.014273019378094512,
      0.003017940849434955,
      0.005843880100808763,
      0.0065053562360599185,
      0.007451756717680419,
      0.003932623702426651
    ],
    "noiseless_purity": [
      0.25696658511029724,
      0.251480850221521,
      0.2530207344387537,
      0.25325399123135833,
      0.25366635696421214,
      0.2520093126017121
    ]
  },
  "metadata": {
    "job_ids": [
      "cei3i95iuboftdmpnc70"
    ],
    "backends": [
      "ibmq_guadalupe"
    ],
    "n": 2,
    "J": 1,
    "h": 0.5,
    "beta": 1e-10,
    "ancilla_reps": 1,
    "system_reps": 1,
    "optimizer": "SPSA",
    "min_kwargs": {
      "maxiter": 200
    },
    "shots": 1024,
    "noise_model": null
  }
}
