{
  "metrics": {
    "exact_purity": 0.25,
    "calculated_fidelity": [
      0.9934377585527462
    ],
    "calculated_trace_distance": [
      0.040613716766328606
    ],
    "calculated_relative_entropy": [
      0.013316929604914363
    ],
    "calculated_purity": [
      0.2563843197292763
    ],
    "calculated_kullback_leibler_divergence": [
      0.0005093872192557646
    ],
    "noiseless_fidelity": [
      0.9962365054035962
    ],
    "noiseless_trace_distance": [
      0.027018189903320215
    ],
    "noiseless_relative_entropy": [
      0.007647543914093096
    ],
    "noiseless_purity": [
      0.25362330550794443
    ],
    "noiseless_kullback_leibler_divergence": [
      0.007647543901978176
    ]
  },
  "metadata": {
    "job_ids": [
      "cfd31kjetif5p08cf5ug"
    ],
    "backends": [
      "ibm_perth"
    ],
    "n": 2,
    "J": 1,
    "h": 0.5,
    "beta": 1e-10,
    "ancilla_reps": 1,
    "system_reps": 1,
    "optimizer": "SPSA",
    "min_kwargs": {
      "maxiter": 200
    },
    "shots": 1024,
    "noise_model": null
  }
}
