{
  "metrics": {
    "exact_purity": 0.2644755136790756,
    "calculated_fidelity": [
      0.9701238514318921
    ],
    "calculated_trace_distance": [
      0.08869980680806057
    ],
    "calculated_relative_entropy": [
      0.0608482154079507
    ],
    "calculated_purity": [
      0.2694655524359819
    ],
    "calculated_kullback_leibler_divergence": [
      0.006827558896023517
    ],
    "noiseless_fidelity": [
      0.9870169069210201
    ],
    "noiseless_trace_distance": [
      0.05571450530539358
    ],
    "noiseless_relative_entropy": [
      0.02616308550872934
    ],
    "noiseless_purity": [
      0.26826770156679725
    ],
    "noiseless_kullback_leibler_divergence": [
      0.010985271321007774
    ]
  },
  "metadata": {
    "job_ids": [
      "cfd31kv5eonmr9hu1rd0"
    ],
    "backends": [
      "ibm_perth"
    ],
    "n": 2,
    "J": 1,
    "h": 0.5,
    "beta": 0.2,
    "ancilla_reps": 1,
    "system_reps": 1,
    "optimizer": "SPSA",
    "min_kwargs": {
      "maxiter": 200
    },
    "shots": 1024,
    "noise_model": null
  }
}
