{
  "metrics": {
    "exact_purity": 0.32622154913908924,
    "calculated_fidelity": [
      0.9812751664049102
    ],
    "calculated_trace_distance": [
      0.06948785111464412
    ],
    "calculated_relative_entropy": [
      0.045091772116172164
    ],
    "calculated_purity": [
      0.3388936784532344
    ],
    "calculated_kullback_leibler_divergence": [
      0.005822276206473317
    ],
    "noiseless_fidelity": [
      0.974890847915983
    ],
    "noiseless_trace_distance": [
      0.0421716596618795
    ],
    "noiseless_relative_entropy": [
      0.06105897116046245
    ],
    "noiseless_purity": [
      0.37544506270696687
    ],
    "noiseless_kullback_leibler_divergence": [
      0.056264965000556805
    ]
  },
  "metadata": {
    "job_ids": [
      "cfd31l2nin47c97m50lg"
    ],
    "backends": [
      "ibm_perth"
    ],
    "n": 2,
    "J": 1,
    "h": 0.5,
    "beta": 0.5,
    "ancilla_reps": 1,
    "system_reps": 1,
    "optimizer": "SPSA",
    "min_kwargs": {
      "maxiter": 200
    },
    "shots": 1024,
    "noise_model": null
  }
}
