{
  "metrics": {
    "exact_purity": 0.3999261709032876,
    "calculated_fidelity": [
      0.9902000252775038
    ],
    "calculated_trace_distance": [
      0.05086862149972157
    ],
    "calculated_relative_entropy": [
      0.021304258646773072
    ],
    "calculated_purity": [
      0.36998473273383353
    ],
    "calculated_kullback_leibler_divergence": [
      0.0226052397690788
    ],
    "noiseless_fidelity": [
      0.9954455113922297
    ],
    "noiseless_trace_distance": [
      0.022528713585916304
    ],
    "noiseless_relative_entropy": [
      0.00958397041250637
    ],
    "noiseless_purity": [
      0.4247702035585469
    ],
    "noiseless_kullback_leibler_divergence": [
      0.009369455337486291
    ]
  },
  "metadata": {
    "job_ids": [
      "cfd31l0574nj1c55ui70"
    ],
    "backends": [
      "ibm_perth"
    ],
    "n": 2,
    "J": 1,
    "h": 0.5,
    "beta": 0.8,
    "ancilla_reps": 1,
    "system_reps": 1,
    "optimizer": "SPSA",
    "min_kwargs": {
      "maxiter": 200
    },
    "shots": 1024,
    "noise_model": null
  }
}
