{
  "metrics": {
    "exact_purity": 0.47715088918704646,
    "calculated_fidelity": [
      0.9766492085512647
    ],
    "calculated_trace_distance": [
      0.10384256250383916
    ],
    "calculated_relative_entropy": [
      0.05136473702327004
    ],
    "calculated_purity": [
      0.43096415201823
    ],
    "calculated_kullback_leibler_divergence": [
      0.019034287849058446
    ],
    "noiseless_fidelity": [
      0.9835469011303885
    ],
    "noiseless_trace_distance": [
      0.05560293873459535
    ],
    "noiseless_relative_entropy": [
      0.038271380978399515
    ],
    "noiseless_purity": [
      0.47138768133713704
    ],
    "noiseless_kullback_leibler_divergence": [
      0.028906130785706072
    ]
  },
  "metadata": {
    "job_ids": [
      "cfd31lnva0ku8f0ifr20"
    ],
    "backends": [
      "ibm_perth"
    ],
    "n": 2,
    "J": 1,
    "h": 0.5,
    "beta": 1.2,
    "ancilla_reps": 1,
    "system_reps": 1,
    "optimizer": "SPSA",
    "min_kwargs": {
      "maxiter": 200
    },
    "shots": 1024,
    "noise_model": null
  }
}
