{
  "metrics": {
    "exact_purity": 0.5677667882613814,
    "calculated_fidelity": [
      0.9482252664110259
    ],
    "calculated_trace_distance": [
      0.12008441702122766
    ],
    "calculated_relative_entropy": [
      0.09714743561908654
    ],
    "calculated_purity": [
      0.4581207699245885
    ],
    "calculated_kullback_leibler_divergence": [
      0.060209777396268635
    ],
    "noiseless_fidelity": [
      0.9886099027807574
    ],
    "noiseless_trace_distance": [
      0.04837445262191839
    ],
    "noiseless_relative_entropy": [
      0.03512487614177881
    ],
    "noiseless_purity": [
      0.5233706596353136
    ],
    "noiseless_kullback_leibler_divergence": [
      0.01285220221188868
    ]
  },
  "metadata": {
    "job_ids": [
      "cfd31ljetif5p08cf78g"
    ],
    "backends": [
      "ibm_perth"
    ],
    "n": 2,
    "J": 1,
    "h": 0.5,
    "beta": 2,
    "ancilla_reps": 1,
    "system_reps": 1,
    "optimizer": "SPSA",
    "min_kwargs": {
      "maxiter": 200
    },
    "shots": 1024,
    "noise_model": null
  }
}
