{
  "metrics": {
    "exact_purity": 0.6514456428594425,
    "calculated_fidelity": [
      0.909488371497208
    ],
    "calculated_trace_distance": [
      0.10967296270973437
    ],
    "calculated_relative_entropy": [
      0.16144457724154998
    ],
    "calculated_purity": [
      0.516956117418078
    ],
    "calculated_kullback_leibler_divergence": [
      0.08691042760743105
    ],
    "noiseless_fidelity": [
      0.9706366497300392
    ],
    "noiseless_trace_distance": [
      0.08104282712396431
    ],
    "noiseless_relative_entropy": [
      0.18578854439633052
    ],
    "noiseless_purity": [
      0.5700813605185442
    ],
    "noiseless_kullback_leibler_divergence": [
      0.019989704774182035
    ]
  },
  "metadata": {
    "job_ids": [
      "cfd31lv5eonmr9hu1sl0"
    ],
    "backends": [
      "ibm_perth"
    ],
    "n": 2,
    "J": 1,
    "h": 0.5,
    "beta": 3,
    "ancilla_reps": 1,
    "system_reps": 1,
    "optimizer": "SPSA",
    "min_kwargs": {
      "maxiter": 200
    },
    "shots": 1024,
    "noise_model": null
  }
}
