{
  "metrics": {
    "exact_purity": 0.7308553090569767,
    "calculated_fidelity": [
      0.9097344487162544
    ],
    "calculated_trace_distance": [
      0.08103932471891001
    ],
    "calculated_relative_entropy": [
      0.12752718603380075
    ],
    "calculated_purity": [
      0.6495238410102003
    ],
    "calculated_kullback_leibler_divergence": [
      0.083198672300065
    ],
    "noiseless_fidelity": [
      0.9538836360574107
    ],
    "noiseless_trace_distance": [
      0.06484597988650524
    ],
    "noiseless_relative_entropy": [
      0.12632623800741416
    ],
    "noiseless_purity": [
      0.9025755082554423
    ],
    "noiseless_kullback_leibler_divergence": [
      0.09689570557923376
    ]
  },
  "metadata": {
    "job_ids": [
      "cfd31m7va0ku8f0ifrk0"
    ],
    "backends": [
      "ibm_perth"
    ],
    "n": 2,
    "J": 1,
    "h": 0.5,
    "beta": 4,
    "ancilla_reps": 1,
    "system_reps": 1,
    "optimizer": "SPSA",
    "min_kwargs": {
      "maxiter": 200
    },
    "shots": 1024,
    "noise_model": null
  }
}
