{
  "metrics": {
    "exact_purity": 0.8011706484791081,
    "calculated_fidelity": [
      0.8553437509848223
    ],
    "calculated_trace_distance": [
      0.17923286581207776
    ],
    "calculated_relative_entropy": [
      0.23931622101452438
    ],
    "calculated_purity": [
      0.49350759718153286
    ],
    "calculated_kullback_leibler_divergence": [
      0.26825186513800675
    ],
    "noiseless_fidelity": [
      0.9693265555443248
    ],
    "noiseless_trace_distance": [
      0.07115582452041155
    ],
    "noiseless_relative_entropy": [
      0.06374642400472455
    ],
    "noiseless_purity": [
      0.6456745287663335
    ],
    "noiseless_kullback_leibler_divergence": [
      0.04736389977184145
    ]
  },
  "metadata": {
    "job_ids": [
      "cfd31m3etif5p08cf7pg"
    ],
    "backends": [
      "ibm_perth"
    ],
    "n": 2,
    "J": 1,
    "h": 0.5,
    "beta": 5,
    "ancilla_reps": 1,
    "system_reps": 1,
    "optimizer": "SPSA",
    "min_kwargs": {
      "maxiter": 200
    },
    "shots": 1024,
    "noise_model": null
  }
}
