{
  "metrics": {
    "exact_purity": 0.3482450223805722,
    "calculated_fidelity": [
      0.852196017969944,
      0.9358231667610548,
      0.770460381352364,
      0.6955382954363819,
      0.9436378001777598,
      0.9364303036103898,
      0.9227397460135148,
      0.712890221610639,
      0.918998440934938,
      0.7803516728942378
    ],
    "calculated_trace_distance": [
      0.18878159812051004,
      0.225063785295425,
      0.23993879000834764,
      0.2572999772011031,
      0.19020214298462093,
      0.13646258164818784,
      0.1839164967835024,
      0.25436330339400764,
      0.18148606234627349,
      0.29455994343761477
    ],
    "calculated_relative_entropy": [
      0.26909540699178003,
      0.06662941440477642,
      0.31651291058648645,
      0.5181955798189253,
      0.014994368120015537,
      0.024512620784395187,
      0.07455622958906355,
      0.6261112240900728,
      0.11506377993633525,
      0.35907942729474573
    ],
    "calculated_purity": [
      0.29035913944244385,
      0.36191022396087646,
      0.20821988582611084,
      0.19715666770935059,
      0.39524149894714355,
      0.3209346532821655,
      0.33110296726226807,
      0.1958005428314209,
      0.315313458442688,
      0.2383272647857666
    ],
    "calculated_kullback_leibler_divergence": [
      Infinity,
      Infinity,
      Infinity,
      0.3157616945071149,
      Infinity,
      0.020403363001645813,
      0.03091113224979109,
      0.2811180947526404,
      Infinity,
      0.277585618000223
    ],
    "noiseless_fidelity": [
      0.8142110436483594,
      0.8754367673001641,
      0.7634369042930228,
      0.7147233089407508,
      0.9036891556029746,
      0.9158522186811623,
      0.9165600024351532,
      0.7337662421256018,
      0.9033410824066725,
      0.7822530029746022
    ],
    "noiseless_trace_distance": [
      0.14373064201610225,
      0.10929439739251172,
      0.17967795172811007,
      0.2255371337680901,
      0.11917521654250143,
      0.06322724653507018,
      0.10102744958583228,
      0.22445493577279255,
      0.11958746459800312,
      0.24939847689738454
    ],
    "noiseless_relative_entropy": [
      0.6929739292748676,
      0.5175658402486447,
      0.4637837839653036,
      0.5829880818548377,
      0.36840035332290105,
      0.2543214706793657,
      0.23842627300271507,
      0.6279147918229326,
      0.2546093146888748,
      0.45315212567707397
    ],
    "noiseless_purity": [
      0.2613508858516175,
      0.33964752314340646,
      0.16403417930575698,
      0.16098281470210138,
      0.3780089752008553,
      0.3103520995529164,
      0.2972059680792791,
      0.1919527259299679,
      0.2918784535263995,
      0.20564807850782657
    ],
    "noiseless_kullback_leibler_divergence": [
      0.056151356854132944,
      0.12734565032982675,
      0.2215799725548958,
      0.3138499488234658,
      0.03714702040853149,
      0.01951410704136873,
      0.03126289068050486,
      0.2723656200284427,
      0.041701236980891745,
      0.28621044941786267
    ]
  },
  "metadata": {
    "job_ids": [
      null
    ],
    "backends": [
      null
    ],
    "n": 5,
    "J": 1.0,
    "h": 0.5,
    "beta": 1.0,
    "ancilla_reps": 1,
    "system_reps": 4,
    "optimizer": "SPSA",
    "min_kwargs": {
      "maxiter": 200
    },
    "shots": 1024,
    "noise_model": null
  }
}
