{
  "metadata": {
    "n": 2,
    "J": 1.0,
    "h": 0.5,
    "beta": 1e-10,
    "ancilla_reps": 1,
    "system_reps": null,
    "optimizer": "QNSPSA",
    "min_kwargs": {
      "blocking": false
    },
    "shots": 1024
  },
  "metrics": {
    "exact_purity": 0.25,
    "calculated_fidelity": [
      0.7551281616977524,
      0.8867201515127167,
      0.7666901534385839,
      0.8819987339134779,
      0.8559586457851703,
      0.5631512565040464,
      0.7469280549353192,
      0.5195789262470006,
      0.7497681583861528,
      0.788073111073166
    ],
    "calculated_trace_distance": [
      0.29001750202554477,
      0.15615903734051992,
      0.21716965624652862,
      0.1799356564236096,
      0.16384587361352737,
      0.3501628484505759,
      0.19658402169260575,
      0.35066252648901,
      0.1567586086595423,
      0.26074814125157214
    ],
    "calculated_relative_entropy": [
      0.5892376100746402,
      0.2524479429143286,
      0.6385486483787508,
      0.2453034510712742,
      0.420895061476776,
      1.3575346749165522,
      0.7639652027877457,
      1.588797205861158,
      1.3889823711655147,
      0.5385118287635831
    ],
    "calculated_purity": [
      0.533787727355957,
      0.3620729446411133,
      0.47684574127197266,
      0.3902721405029297,
      0.33982086181640625,
      0.7405014038085938,
      0.45015621185302734,
      0.6590642929077148,
      0.3665275573730469,
      0.45568275451660156
    ],
    "noiseless_fidelity": [
      0.7801871327424591,
      0.8961604093537409,
      0.7562146577000873,
      0.8742507690488708,
      0.8670516854538699,
      0.5759529922427168,
      0.7744456467592523,
      0.5524046785627709,
      0.7351168240378043,
      0.7443053060791522
    ],
    "noiseless_trace_distance": [
      0.2660331185050978,
      0.1405900912031524,
      0.20651436320526992,
      0.1703682150026568,
      0.15332273071165003,
      0.31514347770818674,
      0.15088875956010409,
      0.3442401350278508,
      0.14395649097892294,
      0.24956348742305023
    ],
    "noiseless_relative_entropy": [
      0.5082250571930423,
      0.22914058748716637,
      0.7109891116425858,
      0.26446335336424287,
      0.3725608882307283,
      1.2908137887907198,
      0.6447369677209793,
      1.692165511393231,
      2.0666614429782273,
      0.7453716775961183
    ],
    "noiseless_purity": [
      0.5098658223791086,
      0.3523195806201576,
      0.47560927774763073,
      0.39730654905494434,
      0.3367125696874973,
      0.7321225302981844,
      0.4269019158836078,
      0.6517920879211538,
      0.36802924534640724,
      0.472454905155722
    ]
  }
}
