{
  "metadata": {
    "n": 2,
    "J": 1.0,
    "h": 0.5,
    "beta": 0.2,
    "ancilla_reps": 1,
    "system_reps": null,
    "optimizer": "QNSPSA",
    "min_kwargs": {
      "blocking": false
    },
    "shots": 1024
  },
  "metrics": {
    "exact_purity": 0.2644755136790756,
    "calculated_fidelity": [
      0.7862381613920126,
      0.9642531066667875,
      0.7355718431656633,
      0.561926927000497,
      0.889477019616926,
      0.7520735196735822,
      0.9506089416929737,
      0.8167201582245577,
      0.8737550534317257,
      0.7465630346637485
    ],
    "calculated_trace_distance": [
      0.21359601210267792,
      0.0913474820590462,
      0.24062357872769388,
      0.3275623660253393,
      0.12857354651933006,
      0.17300820980728204,
      0.10767227440764411,
      0.1280620456087515,
      0.17102578576119534,
      0.21297663708234424
    ],
    "calculated_relative_entropy": [
      0.5652513129804558,
      0.07613275072708947,
      0.7483246410965252,
      0.9931253210249567,
      0.25946565274317224,
      0.7690531766829924,
      0.1041250912279097,
      0.6971315540863048,
      0.2777153626417709,
      0.5656732657169448
    ],
    "calculated_purity": [
      0.4058408737182617,
      0.2855720520019531,
      0.5111875534057617,
      0.5968189239501953,
      0.37390804290771484,
      0.45123291015625,
      0.30793285369873047,
      0.34280872344970703,
      0.31981945037841797,
      0.40082645416259766
    ],
    "noiseless_fidelity": [
      0.7971085900529008,
      0.9628175064450152,
      0.7517844623929764,
      0.5211085947572606,
      0.8914975457397705,
      0.739994472696336,
      0.9560798565230049,
      0.7714171526894736,
      0.8844170617291085,
      0.7752913661337885
    ],
    "noiseless_trace_distance": [
      0.17813085321870797,
      0.08503294498990388,
      0.2134171150697479,
      0.32273568891358345,
      0.12720951267817465,
      0.17298820884041363,
      0.09857675773312308,
      0.1260124167008146,
      0.16623587107465373,
      0.20037979652344595
    ],
    "noiseless_relative_entropy": [
      0.5552443985477389,
      0.07876026319252799,
      0.6559632614377833,
      2.2316917968283625,
      0.2514802180191966,
      0.8187882180167481,
      0.09152437623916443,
      1.4790566307955852,
      0.24245350268896793,
      0.7143193391942049
    ],
    "noiseless_purity": [
      0.3852023503237469,
      0.28299114605848685,
      0.502380985818897,
      0.6161800236436445,
      0.38034251873241715,
      0.4609664160399394,
      0.30100248582751454,
      0.3457543489728907,
      0.31408703471130806,
      0.4079650165805774
    ]
  }
}
