{
  "metadata": {
    "n": 2,
    "J": 1.0,
    "h": 0.5,
    "beta": 0.5,
    "ancilla_reps": 1,
    "system_reps": null,
    "optimizer": "QNSPSA",
    "min_kwargs": {
      "blocking": false
    },
    "shots": 1024
  },
  "metrics": {
    "exact_purity": 0.32622154913908924,
    "calculated_fidelity": [
      0.34356499033788757,
      0.7963203429855361,
      0.5309471272986841,
      0.925033784651631,
      0.7558985423016331,
      0.32731626310339906,
      0.9151869744658786,
      0.8124018070567282,
      0.7029199050212771,
      0.9066183365577077
    ],
    "calculated_trace_distance": [
      0.46268610039116326,
      0.20871044823113832,
      0.35022995909432375,
      0.14724462493646695,
      0.21982665799786638,
      0.4201032518745816,
      0.13179324785006735,
      0.1574211432072742,
      0.264191636860932,
      0.1435833990944612
    ],
    "calculated_relative_entropy": [
      2.382128697230888,
      0.47599076503116233,
      2.138317213820375,
      0.15729417543181573,
      0.6156933850497825,
      2.6553665028134,
      0.17407017051565274,
      0.36396105722147015,
      0.8276102995901546,
      0.18284047854223157
    ],
    "calculated_purity": [
      0.7681131362915039,
      0.3911886215209961,
      0.6903438568115234,
      0.297454833984375,
      0.5154933929443359,
      0.8916616439819336,
      0.3081321716308594,
      0.3452892303466797,
      0.5768871307373047,
      0.25333213806152344
    ],
    "noiseless_fidelity": [
      0.3897598884540088,
      0.8105106083653575,
      0.5388911268661493,
      0.9165094502845859,
      0.7826330903466887,
      0.31866322238618777,
      0.914672337560936,
      0.8709226445328696,
      0.7765940050501383,
      0.911623715065243
    ],
    "noiseless_trace_distance": [
      0.4435316382032089,
      0.1935347428149588,
      0.34215387323656604,
      0.143035548577795,
      0.2230924835544178,
      0.4106345719964362,
      0.12968877986531913,
      0.1305202856353053,
      0.24528842623555733,
      0.12632090704775442
    ],
    "noiseless_relative_entropy": [
      2.1088237140798975,
      0.43773587331427205,
      2.7751591285553125,
      0.1759757000744854,
      0.742924645542428,
      2.6204367009429967,
      0.1761503652963087,
      0.33262730478995417,
      0.5559238844233233,
      0.1725913175585158
    ],
    "noiseless_purity": [
      0.7522815064812629,
      0.3805805516068819,
      0.6842889688761113,
      0.3039003328564889,
      0.5235097335902748,
      0.9124372289187582,
      0.3002241857417572,
      0.32849113881724507,
      0.5604899882449952,
      0.2507969930857352
    ]
  }
}
