{
  "metadata": {
    "n": 2,
    "J": 1.0,
    "h": 0.5,
    "beta": 0.8,
    "ancilla_reps": 1,
    "system_reps": null,
    "optimizer": "QNSPSA",
    "min_kwargs": {
      "blocking": false
    },
    "shots": 1024
  },
  "metrics": {
    "exact_purity": 0.3999261709032876,
    "calculated_fidelity": [
      0.7892698217996463,
      0.39909143897410476,
      0.7976040693062312,
      0.7940245409842955,
      0.6074580534480841,
      0.8519207834689011,
      0.49188427184677885,
      0.4375674605863461,
      0.23454717405279785,
      0.9176378482079618
    ],
    "calculated_trace_distance": [
      0.18266048026056644,
      0.44953996331296336,
      0.2152757781654349,
      0.23747272283494342,
      0.21710180368998522,
      0.1342528166318456,
      0.3102359042030388,
      0.4593334509121231,
      0.4321090625269111,
      0.1421322153579509
    ],
    "calculated_relative_entropy": [
      0.45169875476998517,
      2.1245612959224265,
      0.41387047036992186,
      0.5465169969437843,
      1.1064447233796613,
      0.2909722926123805,
      1.8869694621823718,
      1.590802105034542,
      2.543783482063655,
      0.18695188509638233
    ],
    "calculated_purity": [
      0.39502811431884766,
      0.6456480026245117,
      0.2863616943359375,
      0.4882383346557617,
      0.590123176574707,
      0.30288028717041016,
      0.49915599822998047,
      0.9323329925537109,
      0.636052131652832,
      0.3567161560058594
    ],
    "noiseless_fidelity": [
      0.7668859762338268,
      0.39527292485379545,
      0.8146561833197619,
      0.7835517259651783,
      0.6172329580113771,
      0.8492843938992719,
      0.5187771410185786,
      0.44754434339334725,
      0.30814582156340053,
      0.9200749526094099
    ],
    "noiseless_trace_distance": [
      0.1775855254016234,
      0.4227997079036551,
      0.20598367189331362,
      0.2337991769661352,
      0.20526510178689933,
      0.13674308309135036,
      0.2944322036394167,
      0.42885473681645636,
      0.4020288498997096,
      0.11022037592120394
    ],
    "noiseless_relative_entropy": [
      0.529464368274364,
      2.1163360262593107,
      0.3749754077986432,
      0.5524626206430873,
      1.748013911243748,
      0.29057549577703184,
      1.8228376768500447,
      2.471054695813067,
      2.578629299390055,
      0.18612083316848207
    ],
    "noiseless_purity": [
      0.40839885567828293,
      0.6357866412752642,
      0.27924361519149193,
      0.48342843418702,
      0.5929936435517089,
      0.2940428784943175,
      0.5044833277167687,
      0.9248527625638073,
      0.5926067455688628,
      0.36037607477509137
    ]
  }
}
