{
  "metadata": {
    "n": 2,
    "J": 1.0,
    "h": 0.5,
    "beta": 1.0,
    "ancilla_reps": 1,
    "system_reps": null,
    "optimizer": "QNSPSA",
    "min_kwargs": {
      "blocking": false
    },
    "shots": 1024
  },
  "metrics": {
    "exact_purity": 0.4423502848609148,
    "calculated_fidelity": [
      0.5190001881176961,
      0.5729008277614752,
      0.4631840877672729,
      0.7685612363770988,
      0.6162018999303677,
      0.8254928297448365,
      0.4739404261616574,
      0.7319747589048056,
      0.8087301985050365,
      0.7937787922872954
    ],
    "calculated_trace_distance": [
      0.36263038827316757,
      0.3721171715681551,
      0.3520180744471091,
      0.19826980138637582,
      0.2166452237557704,
      0.14562186236772562,
      0.36549486360402456,
      0.25690350444170634,
      0.25028072215383074,
      0.22088841565389722
    ],
    "calculated_relative_entropy": [
      1.8784726533024714,
      1.408118066959271,
      1.9119608912034414,
      0.6323000470762612,
      1.5504417412285356,
      0.3233178075980754,
      1.4654606058716932,
      0.5106249671264291,
      0.4313680004164436,
      0.4222737056443603
    ],
    "calculated_purity": [
      0.766876220703125,
      0.8035612106323242,
      0.8351831436157227,
      0.7857551574707031,
      0.48305511474609375,
      0.32280731201171875,
      0.45925045013427734,
      0.35382747650146484,
      0.34287261962890625,
      0.3058967590332031
    ],
    "noiseless_fidelity": [
      0.542787037350487,
      0.5542133089381253,
      0.4759011861383687,
      0.7589763153221402,
      0.6053608915131219,
      0.8268271599938662,
      0.4716255003366748,
      0.7419924460299715,
      0.8291617925844883,
      0.784258039301729
    ],
    "noiseless_trace_distance": [
      0.3402427488563614,
      0.35531607642987323,
      0.3399113626372819,
      0.19901629788906722,
      0.20323731480129634,
      0.13581005143903985,
      0.33228049603022825,
      0.2452466512170184,
      0.22408956953666082,
      0.20389751607008252
    ],
    "noiseless_relative_entropy": [
      1.5668796736647106,
      1.5501162841752991,
      1.968749441646812,
      1.1962709099610749,
      1.6253756512571595,
      0.3203992222220816,
      1.51973096568114,
      0.48334398842892046,
      0.3727704657519762,
      0.4374658462750616
    ],
    "noiseless_purity": [
      0.7638744522941802,
      0.8058381532576714,
      0.8341609724635751,
      0.7990494137153612,
      0.48234158926011567,
      0.31951663397402363,
      0.4459244643283857,
      0.34398723233951617,
      0.33544637003227223,
      0.30490954780576834
    ]
  }
}
