{
  "metadata": {
    "n": 2,
    "J": 1.0,
    "h": 0.5,
    "beta": 1.2,
    "ancilla_reps": 1,
    "system_reps": null,
    "optimizer": "QNSPSA",
    "min_kwargs": {
      "blocking": false
    },
    "shots": 1024
  },
  "metrics": {
    "exact_purity": 0.47715088918704646,
    "calculated_fidelity": [
      0.7484143901302803,
      0.6506247836888633,
      0.600624584179332,
      0.5958036280519395,
      0.5697700280002405,
      0.32321252605570794,
      0.38517992877977414,
      0.9271604886171531,
      0.8772385747692323,
      0.12288480330442231
    ],
    "calculated_trace_distance": [
      0.20057651430823473,
      0.29396352510442797,
      0.22867186816805002,
      0.25500422445411064,
      0.3697134338211463,
      0.5135219572451281,
      0.3588815723778691,
      0.11767351934046534,
      0.12975909681042183,
      0.5900465497991381
    ],
    "calculated_relative_entropy": [
      0.441161584708348,
      0.7379935663152226,
      0.9407251793307645,
      1.1792984870134287,
      1.5051241392770025,
      2.0605364132770303,
      1.5896437727670427,
      0.17639450229876427,
      0.2426007168425578,
      2.956633639263149
    ],
    "calculated_purity": [
      0.30131053924560547,
      0.35410213470458984,
      0.40532875061035156,
      0.6354217529296875,
      0.7363014221191406,
      0.7562961578369141,
      0.3747406005859375,
      0.4424877166748047,
      0.38743114471435547,
      0.761439323425293
    ],
    "noiseless_fidelity": [
      0.7335777669321071,
      0.6592977480745322,
      0.5982817025510874,
      0.5929120489651525,
      0.5713645681828952,
      0.3095520678333588,
      0.4246302430199272,
      0.9400294309265337,
      0.8739963111983263,
      0.1275162307992304
    ],
    "noiseless_trace_distance": [
      0.19612922570909475,
      0.27637280114979496,
      0.21571634369473847,
      0.24216448464939372,
      0.35572865689699706,
      0.5091265610930735,
      0.3307808259666286,
      0.09913447073276138,
      0.12792937837930168,
      0.5733400929327426
    ],
    "noiseless_relative_entropy": [
      0.4620325793515456,
      0.715685382876349,
      0.9509566957112487,
      1.908507637023905,
      2.221237483395895,
      2.051551287320902,
      1.3777710176207847,
      0.1462196654977727,
      0.24915330465397661,
      3.7883339427126117
    ],
    "noiseless_purity": [
      0.2839973553179415,
      0.3343381236841422,
      0.4137862384385488,
      0.6174863970129405,
      0.7333932331363615,
      0.7778606634497477,
      0.35566563612251845,
      0.4507690010626434,
      0.38536699499925575,
      0.7743138672797607
    ]
  }
}
