{
  "metadata": {
    "n": 2,
    "J": 1.0,
    "h": 0.5,
    "beta": 2.0,
    "ancilla_reps": 1,
    "system_reps": null,
    "optimizer": "QNSPSA",
    "min_kwargs": {
      "blocking": false
    },
    "shots": 1024
  },
  "metrics": {
    "exact_purity": 0.5677667882613814,
    "calculated_fidelity": [
      0.5528834694157128,
      0.39517634256400186,
      0.5926740583050408,
      0.7134127951621344,
      0.3115663726835981,
      0.6646286067400422,
      0.3181547310632205,
      0.5358705695815557,
      0.5135587264400444,
      0.5838245366041537
    ],
    "calculated_trace_distance": [
      0.25512528735677653,
      0.40475500899189454,
      0.3552690527141681,
      0.23671871025121677,
      0.4455562753879214,
      0.23439929490135675,
      0.4105845132132653,
      0.41017248921584704,
      0.3130368801767738,
      0.2954959112544041
    ],
    "calculated_relative_entropy": [
      1.9472120684853054,
      1.3580296958752884,
      1.0282231269309776,
      0.6007157910934181,
      1.4651884248253209,
      0.8023427762295725,
      2.268968245213669,
      1.2593232246917068,
      1.81705344388092,
      0.6828149235885086
    ],
    "calculated_purity": [
      0.5340042114257812,
      0.2989473342895508,
      0.5677051544189453,
      0.407196044921875,
      0.4452505111694336,
      0.7013759613037109,
      0.509892463684082,
      0.5567426681518555,
      0.5546150207519531,
      0.27340126037597656
    ],
    "noiseless_fidelity": [
      0.5606643638469508,
      0.4037058286830093,
      0.5945463863421396,
      0.7252962060212761,
      0.3273010359597128,
      0.6313353348442112,
      0.3292432466835125,
      0.519269931131761,
      0.5016589539365407,
      0.6042868956749937
    ],
    "noiseless_trace_distance": [
      0.23013886511366438,
      0.38920267590232815,
      0.3552285451592206,
      0.2064845876188256,
      0.426772470761803,
      0.2372043489403156,
      0.3770021516773654,
      0.38749923169881273,
      0.3053481696569515,
      0.2672192179487638
    ],
    "noiseless_relative_entropy": [
      1.3989075573285596,
      1.3038630289516238,
      1.0288481706712742,
      0.5683717843435478,
      1.4009838890993618,
      1.1258267851863852,
      1.8824137693254017,
      1.3139842078812225,
      1.7920055947468407,
      0.6359362418238789
    ],
    "noiseless_purity": [
      0.5017206105144238,
      0.2959195054618193,
      0.5769054222260266,
      0.3946035063679508,
      0.45622395810651384,
      0.7285990783531173,
      0.4967157333532174,
      0.5486296985900128,
      0.5448786576996952,
      0.2775077702402896
    ]
  }
}
