{
  "metadata": {
    "n": 2,
    "J": 1.0,
    "h": 0.5,
    "beta": 3.0,
    "ancilla_reps": 1,
    "system_reps": null,
    "optimizer": "QNSPSA",
    "min_kwargs": {
      "blocking": false
    },
    "shots": 1024
  },
  "metrics": {
    "exact_purity": 0.6514456428594425,
    "calculated_fidelity": [
      0.6750365687321368,
      0.3796364837672082,
      0.21411846124356604,
      0.5340851801703135,
      0.7838179054096964,
      0.27032366582467626,
      0.3556258566323876,
      0.2408594983993742,
      0.5399807997730286,
      0.7481310443134038
    ],
    "calculated_trace_distance": [
      0.3135766470287761,
      0.276910118212626,
      0.47312748377669994,
      0.34969324129339613,
      0.22769165965762705,
      0.458431671720004,
      0.4323640784714964,
      0.5007694975383612,
      0.33338237526390074,
      0.16308131703481663
    ],
    "calculated_relative_entropy": [
      0.7223104373199631,
      1.6621238548439385,
      2.1385793116604503,
      1.1654731911151393,
      0.8662683390527591,
      2.525485711482601,
      1.3532654323658662,
      3.7498400675162955,
      0.890599567710656,
      0.5823635306682061
    ],
    "calculated_purity": [
      0.4249277114868164,
      0.41928958892822266,
      0.5860967636108398,
      0.32958984375,
      0.5148954391479492,
      0.5155725479125977,
      0.28208160400390625,
      0.7571992874145508,
      0.3064737319946289,
      0.5904273986816406
    ],
    "noiseless_fidelity": [
      0.6808121363421442,
      0.3768405572999847,
      0.23901149805492813,
      0.5103230751243178,
      0.7719939812805531,
      0.26913382693764304,
      0.3788347463269371,
      0.2035027073654925,
      0.539400212158478,
      0.7613550793280166
    ],
    "noiseless_trace_distance": [
      0.3072894552127701,
      0.2773871377532202,
      0.4425338813383518,
      0.343120564736318,
      0.22603154745700793,
      0.45549620203822133,
      0.4018851243659714,
      0.5098696723949265,
      0.3222298767767534,
      0.1439382119419684
    ],
    "noiseless_relative_entropy": [
      0.7225625365395425,
      2.0820467134467684,
      1.8022306374030015,
      1.403690851998067,
      1.2671687398455078,
      3.6143202418209395,
      1.2466251127929362,
      3.0629717516627024,
      0.9323179693196769,
      0.5327086711987676
    ],
    "noiseless_purity": [
      0.4258852697136917,
      0.4093767424278181,
      0.5561501106850477,
      0.33338014912753494,
      0.5080132016843206,
      0.5178523647816079,
      0.273939315708348,
      0.7588162258930908,
      0.3089099716441682,
      0.5557560373110995
    ]
  }
}
