{
  "metadata": {
    "n": 2,
    "J": 1.0,
    "h": 0.5,
    "beta": 4.0,
    "ancilla_reps": 1,
    "system_reps": null,
    "optimizer": "QNSPSA",
    "min_kwargs": {
      "blocking": false
    },
    "shots": 1024
  },
  "metrics": {
    "exact_purity": 0.7308553090569767,
    "calculated_fidelity": [
      0.16987727258284005,
      0.3227707712704358,
      0.5420169235917817,
      0.6700988698805217,
      0.3602022006951556,
      0.25680187752377087,
      0.23000843973605775,
      0.6191041358781831,
      0.17016123775856826,
      0.31329100760322043
    ],
    "calculated_trace_distance": [
      0.5096408506995413,
      0.4411882676163834,
      0.3133884295994509,
      0.2899458387503055,
      0.4604345044917751,
      0.4543470726913019,
      0.4988171215408418,
      0.21498931430320964,
      0.5069214325863375,
      0.4810828781441585
    ],
    "calculated_relative_entropy": [
      3.276572190214423,
      2.2978245135652777,
      0.6561731985570189,
      0.7066307949968592,
      1.486694932274021,
      1.4896090630819172,
      2.327276347118625,
      0.9559318904685778,
      3.045032278220977,
      3.1435437072617454
    ],
    "calculated_purity": [
      0.9244270324707031,
      0.4111642837524414,
      0.3893394470214844,
      0.3578968048095703,
      0.32223033905029297,
      0.35576915740966797,
      0.4224214553833008,
      0.6354846954345703,
      0.43840599060058594,
      0.7095088958740234
    ],
    "noiseless_fidelity": [
      0.15929085409489108,
      0.3136864392700925,
      0.5091600371454907,
      0.6637410750772886,
      0.3572037816621386,
      0.24438809822960542,
      0.22192533143132126,
      0.6007329317202525,
      0.1688371196322057,
      0.3262229039917764
    ],
    "noiseless_trace_distance": [
      0.49968662091927074,
      0.4372922528546477,
      0.30119889866168126,
      0.2813729367789111,
      0.45481841912574544,
      0.4510541036754305,
      0.4843344779372935,
      0.1811994524857889,
      0.4998810171726159,
      0.4682481144997688
    ],
    "noiseless_relative_entropy": [
      3.520404939592168,
      2.339451225979597,
      0.7215453876528548,
      0.6654397209809993,
      1.4989943544234567,
      1.5374006105306217,
      2.463322695837449,
      1.7652106633807527,
      3.020890067136069,
      3.2709805961904275
    ],
    "noiseless_purity": [
      0.9307297322117324,
      0.4034871789992035,
      0.3743775221247718,
      0.35111653937553433,
      0.3198698370152779,
      0.3603038390121768,
      0.41559917556965176,
      0.6141861934728811,
      0.4393306217818516,
      0.729715974462252
    ]
  }
}
