{
  "metadata": {
    "n": 2,
    "J": 1.0,
    "h": 0.5,
    "beta": 5.0,
    "ancilla_reps": 1,
    "system_reps": null,
    "optimizer": "QNSPSA",
    "min_kwargs": {
      "blocking": false
    },
    "shots": 1024
  },
  "metrics": {
    "exact_purity": 0.8011706484791081,
    "calculated_fidelity": [
      0.44460589428655206,
      0.11964463401484011,
      0.49872368511519366,
      0.16159648746764085,
      0.10293602226658988,
      0.5053249795894769,
      0.34381310680864524,
      0.6790191102122869,
      0.3582912758057033,
      0.46049478838706037
    ],
    "calculated_trace_distance": [
      0.3669922813326679,
      0.5957583398654769,
      0.3141229718938659,
      0.5211224434741345,
      0.5440192417198096,
      0.35595176946760965,
      0.37437317381057733,
      0.34440227822046743,
      0.4374007196832719,
      0.44771797691823034
    ],
    "calculated_relative_entropy": [
      1.2644926052173417,
      3.4215291894782576,
      0.9578284691546702,
      2.9798079252360847,
      3.3582385107259043,
      0.9803497255757007,
      1.271509175641708,
      1.364258560101883,
      1.5520991718732415,
      1.8894878124359638
    ],
    "calculated_purity": [
      0.4938230514526367,
      0.4868297576904297,
      0.5341358184814453,
      0.6628103256225586,
      0.9803352355957031,
      0.3692436218261719,
      0.4999866485595703,
      0.9329357147216797,
      0.3788108825683594,
      0.5561447143554688
    ],
    "noiseless_fidelity": [
      0.44598962433155115,
      0.10183032011166347,
      0.5007492942792219,
      0.1783959854151237,
      0.10663249559198447,
      0.49992054706786726,
      0.3479558733866656,
      0.6823975556101681,
      0.3463485124005623,
      0.476305388868006
    ],
    "noiseless_trace_distance": [
      0.3667615943728187,
      0.5891186470052021,
      0.30335656228951885,
      0.5170330380466621,
      0.5372832047184469,
      0.3426765019624747,
      0.36470710331004214,
      0.3346556932577258,
      0.43979004275953937,
      0.43076988710054365
    ],
    "noiseless_relative_entropy": [
      1.222387905186724,
      3.9693702250834777,
      0.9643053843722269,
      2.7306548037655975,
      10.259130087112286,
      1.0083735079542344,
      1.2934710557085238,
      1.5075955438685922,
      1.4497453628881842,
      1.6915370003800185
    ],
    "noiseless_purity": [
      0.4946500610648738,
      0.5146235356901988,
      0.5373696455398985,
      0.6593094226446631,
      0.9708579502535629,
      0.3674691186290636,
      0.49213856144676615,
      0.9355718152553449,
      0.37484914536228253,
      0.5665235380488296
    ]
  }
}
