{
  "metrics": {
    "exact_purity": 0.3482450223805722,
    "calculated_fidelity": [
      0.9967197965439962,
      0.955875301632319,
      0.9510444314209565,
      0.9954359680199762,
      0.9737858009193999,
      0.9517655675945869,
      0.9929553385614276,
      0.976766669060229,
      0.9764480335226583,
      0.9555656424038991
    ],
    "calculated_trace_distance": [
      0.11566198293886454,
      0.16578402070910053,
      0.17944007132928522,
      0.1541514273657317,
      0.1164210946433385,
      0.1542345654303936,
      0.16558174816136095,
      0.16651755260580703,
      0.11598547986422729,
      0.17742591224233736
    ],
    "calculated_relative_entropy": [
      -0.06289051170059744,
      -0.019526092203038803,
      -0.023934731028645205,
      -0.050454136858492094,
      -0.06202450891482885,
      -0.0140715086567242,
      -0.07132330885541528,
      -0.058900666614496944,
      -0.06729393284022338,
      0.010022061065022653
    ],
    "calculated_purity": [
      0.36257004737854004,
      0.36017465591430664,
      0.3922938108444214,
      0.37743961811065674,
      0.40503036975860596,
      0.3714224100112915,
      0.39583849906921387,
      0.37969672679901123,
      0.38668322563171387,
      0.37126147747039795
    ],
    "calculated_kullback_leibler_divergence": [
      Infinity,
      0.0254870264511059,
      Infinity,
      0.0368427060607696,
      0.028848411694773125,
      0.024503711910514023,
      Infinity,
      Infinity,
      0.020988534358235514,
      0.0504669550510597
    ],
    "noiseless_fidelity": [
      0.9486132589689031,
      0.9326685541191493,
      0.897371878459544,
      0.938259652451485,
      0.9394057858231403,
      0.932094244340571,
      0.9324165932610724,
      0.9472755884025182,
      0.9430827896381315,
      0.918704130339147
    ],
    "noiseless_trace_distance": [
      0.03459793811852821,
      0.07884183319533765,
      0.10874816496885872,
      0.048058509820276776,
      0.06699587706140332,
      0.06686217657536532,
      0.06038374877198052,
      0.047443536240328994,
      0.0317581614559989,
      0.11370800761447822
    ],
    "noiseless_relative_entropy": [
      0.14908396581118527,
      0.1691565068300009,
      0.443412987704282,
      0.1847647984009888,
      0.24897739610243153,
      0.19881184582089192,
      0.24724021852115757,
      0.17341078704152274,
      0.16367679874275895,
      0.23997778689427846
    ],
    "noiseless_purity": [
      0.33536792322184583,
      0.31917644895884567,
      0.35427658818795843,
      0.3495827412893458,
      0.3904638396081471,
      0.34057907381811886,
      0.35852492099475064,
      0.3553616282851974,
      0.35942450692684697,
      0.3546442619989398
    ],
    "noiseless_kullback_leibler_divergence": [
      0.035722564204385604,
      0.02811140368803709,
      0.05308305170951121,
      0.036451762074349664,
      0.03338160073596927,
      0.024878166568352844,
      0.031235909565067232,
      0.023591962735873072,
      0.02016059808317758,
      0.053255208373565205
    ]
  },
  "metadata": {
    "job_ids": [
      null
    ],
    "backends": [
      null
    ],
    "n": 5,
    "J": 1.0,
    "h": 0.5,
    "beta": 1.0,
    "ancilla_reps": 1,
    "system_reps": 5,
    "optimizer": "SPSA",
    "min_kwargs": {
      "maxiter": 500
    },
    "shots": 1024,
    "noise_model": null
  }
}
