{
  "n": 3,
  "J": 1.0,
  "h": 0.5,
  "beta": 0.2,
  "calculated_result": {
    "n": 3,
    "J": 1.0,
    "h": 0.5,
    "beta": 0.2,
    "params": [
      13.063518408627523,
      -5.352809647132302,
      6.316311566226362,
      -3.7683236148657606,
      7.994650872603165,
      -0.279854272682355,
      8.131859929305955,
      3.0830555092631498,
      0.803770121666463,
      -1.0614497862145165,
      8.128828885551208,
      -1.4607193491941468,
      0.5350357325368523,
      1.8467428275720688,
      -1.8951604350878153,
      8.494966299745851,
      9.040484519024428
    ],
    "cost": -10.41090457097096,
    "energy": -0.3358495117146387,
    "entropy": 2.0150110118512643,
    "rho": [
      [
        0.14063376369647496,
        -3.330676094196526e-17,
        4.108684119679184e-19,
        0.004022608844266508,
        1.5169801505148386e-17,
        0.02373807388816332,
        0.004547546012694786,
        8.778597350528975e-18
      ],
      [
        -3.330676094196526e-17,
        0.12316676601068324,
        0.004099982640889869,
        -1.2193888175538081e-17,
        0.009465617913835853,
        -3.240374048342587e-17,
        1.186191457855537e-18,
        0.008978858768619404
      ],
      [
        4.108684119679184e-19,
        0.004099982640889869,
        0.10065692402281451,
        -1.9503893606372108e-17,
        -0.008527547829821229,
        -5.165835985357682e-18,
        7.964614177460141e-18,
        0.02142894821606161
      ],
      [
        0.004022608844266508,
        -1.2193888175538081e-17,
        -1.9503893606372108e-17,
        0.13749205344155674,
        3.187986724965236e-17,
        0.019085940881529682,
        0.038927846294829045,
        2.8939051237469504e-18
      ],
      [
        1.5169801505148386e-17,
        0.009465617913835853,
        -0.008527547829821229,
        3.187986724965236e-17,
        0.12747097743831368,
        -1.462336479621424e-17,
        1.2006338948509996e-17,
        0.02773798128887208
      ],
      [
        0.02373807388816332,
        -3.240374048342587e-17,
        -5.165835985357682e-18,
        0.019085940881529682,
        -1.462336479621424e-17,
        0.1192646206008542,
        0.02416185621143818,
        -2.5232093273195457e-17
      ],
      [
        0.004547546012694786,
        1.186191457855537e-18,
        7.964614177460141e-18,
        0.038927846294829045,
        1.2006338948509996e-17,
        0.02416185621143818,
        0.09926678537642139,
        2.731474473554753e-17
      ],
      [
        8.778597350528975e-18,
        0.008978858768619404,
        0.02142894821606161,
        2.8939051237469504e-18,
        0.02773798128887208,
        -2.5232093273195457e-17,
        2.731474473554753e-17,
        0.15204810941288094
      ]
    ],
    "noiseless_rho": [
      [
        0.14063376369647496,
        -3.330676094196526e-17,
        4.108684119679184e-19,
        0.004022608844266508,
        1.5169801505148386e-17,
        0.02373807388816332,
        0.004547546012694786,
        8.778597350528975e-18
      ],
      [
        -3.330676094196526e-17,
        0.12316676601068324,
        0.004099982640889869,
        -1.2193888175538081e-17,
        0.009465617913835853,
        -3.240374048342587e-17,
        1.186191457855537e-18,
        0.008978858768619404
      ],
      [
        4.108684119679184e-19,
        0.004099982640889869,
        0.10065692402281451,
        -1.9503893606372108e-17,
        -0.008527547829821229,
        -5.165835985357682e-18,
        7.964614177460141e-18,
        0.02142894821606161
      ],
      [
        0.004022608844266508,
        -1.2193888175538081e-17,
        -1.9503893606372108e-17,
        0.13749205344155674,
        3.187986724965236e-17,
        0.019085940881529682,
        0.038927846294829045,
        2.8939051237469504e-18
      ],
      [
        1.5169801505148386e-17,
        0.009465617913835853,
        -0.008527547829821229,
        3.187986724965236e-17,
        0.12747097743831368,
        -1.462336479621424e-17,
        1.2006338948509996e-17,
        0.02773798128887208
      ],
      [
        0.02373807388816332,
        -3.240374048342587e-17,
        -5.165835985357682e-18,
        0.019085940881529682,
        -1.462336479621424e-17,
        0.1192646206008542,
        0.02416185621143818,
        -2.5232093273195457e-17
      ],
      [
        0.004547546012694786,
        1.186191457855537e-18,
        7.964614177460141e-18,
        0.038927846294829045,
        1.2006338948509996e-17,
        0.02416185621143818,
        0.09926678537642139,
        2.731474473554753e-17
      ],
      [
        8.778597350528975e-18,
        0.008978858768619404,
        0.02142894821606161,
        2.8939051237469504e-18,
        0.02773798128887208,
        -2.5232093273195457e-17,
        2.731474473554753e-17,
        0.15204810941288094
      ]
    ],
    "sigma": [
      0.14348079500095767,
      0.1323656760084393,
      0.07581948812656716,
      0.07084814874963764,
      0.11836084929992517,
      0.08149439792886622,
      0.20083388143584574,
      0.17679676344976075
    ],
    "noiseless_sigma": [
      0.14348079500095767,
      0.1323656760084393,
      0.07581948812656716,
      0.07084814874963764,
      0.11836084929992517,
      0.08149439792886622,
      0.20083388143584574,
      0.17679676344976075
    ],
    "eigenvalues": [
      0.07084814874963764,
      0.07581948812656716,
      0.08149439792886622,
      0.11836084929992517,
      0.1323656760084393,
      0.14348079500095767,
      0.17679676344976075,
      0.20083388143584574
    ],
    "noiseless_eigenvalues": [
      0.07084814874963764,
      0.07581948812656716,
      0.08149439792886622,
      0.11836084929992517,
      0.1323656760084393,
      0.14348079500095767,
      0.17679676344976075,
      0.20083388143584574
    ],
    "hamiltonian_eigenvalues": [
      -2.3845187052308585,
      -1.7471323948420103,
      -0.7031341435469507,
      -0.29997000228005,
      0.2591818085812143,
      2.1252004198637735,
      2.4860950294444883,
      2.8251776407191276
    ],
    "noiseless_hamiltonian_eigenvalues": [
      -2.3845187052308585,
      -1.7471323948420103,
      -0.7031341435469507,
      -0.29997000228005,
      0.2591818085812143,
      2.1252004198637735,
      2.4860950294444883,
      2.8251776407191276
    ]
  },