{
  "n": 3,
  "J": 1.0,
  "h": 0.5,
  "beta": 0.5,
  "calculated_result": {
    "n": 3,
    "J": 1.0,
    "h": 0.5,
    "beta": 0.5,
    "params": [
      9.235938468198023,
      -5.695097626771378,
      7.155568589705142,
      -3.144004131321782,
      8.30246902611641,
      0.5994212772842208,
      10.36193128007149,
      4.819160317843085,
      2.6722348226235897,
      -3.082021261614957,
      9.46334234377606,
      -1.7243500791801087,
      2.976304853719158,
      1.840226718496827,
      -2.5118723741232265,
      8.525318220265797,
      9.446465273442568
    ],
    "cost": -5.122392352405248,
    "energy": -2.0415172114049382,
    "entropy": 1.5404375705001545,
    "rho": [
      [
        0.18063311274927815,
        2.1250868076384368e-17,
        6.842276605293204e-19,
        0.09300231610261611,
        3.742969406788308e-17,
        0.08541266928691459,
        0.09188193121428757,
        1.1298332041604893e-17
      ],
      [
        2.1250868076384368e-17,
        0.13643369966420998,
        0.08436629211420553,
        -1.7499124532241834e-17,
        0.06616814889214846,
        3.0282131699939914e-17,
        -3.5537227309549185e-18,
        0.05237164029630684
      ],
      [
        6.842276605293204e-19,
        0.08436629211420553,
        0.14085683933452958,
        -3.241280878170639e-17,
        0.11246462743506716,
        -2.1795758640512003e-19,
        -3.074687165829507e-17,
        0.0499126850624158
      ],
      [
        0.09300231610261611,
        -1.7499124532241834e-17,
        -3.241280878170639e-17,
        0.08691760790203092,
        -8.422450848269947e-18,
        0.07333907062021892,
        0.04912927161241809,
        -1.44644396612761e-17
      ],
      [
        3.742969406788308e-17,
        0.06616814889214846,
        0.11246462743506716,
        -8.422450848269947e-18,
        0.18718957557380694,
        7.536091505346238e-18,
        8.463223040580397e-18,
        0.06552348886934617
      ],
      [
        0.08541266928691459,
        3.0282131699939914e-17,
        -2.1795758640512003e-19,
        0.07333907062021892,
        7.536091505346238e-18,
        0.10418584246572249,
        0.07009025865242094,
        4.303435219955566e-19
      ],
      [
        0.09188193121428757,
        -3.5537227309549185e-18,
        -3.074687165829507e-17,
        0.04912927161241809,
        8.463223040580397e-18,
        0.07009025865242094,
        0.09222939332752533,
        -1.5264309140786672e-18
      ],
      [
        1.1298332041604893e-17,
        0.05237164029630684,
        0.0499126850624158,
        -1.44644396612761e-17,
        0.06552348886934617,
        4.303435219955566e-19,
        -1.5264309140786672e-18,
        0.07155392898289684
      ]
    ],
    "noiseless_rho": [
      [
        0.18063311274927815,
        2.1250868076384368e-17,
        6.842276605293204e-19,
        0.09300231610261611,
        3.742969406788308e-17,
        0.08541266928691459,
        0.09188193121428757,
        1.1298332041604893e-17
      ],
      [
        2.1250868076384368e-17,
        0.13643369966420998,
        0.08436629211420553,
        -1.7499124532241834e-17,
        0.06616814889214846,
        3.0282131699939914e-17,
        -3.5537227309549185e-18,
        0.05237164029630684
      ],
      [
        6.842276605293204e-19,
        0.08436629211420553,
        0.14085683933452958,
        -3.241280878170639e-17,
        0.11246462743506716,
        -2.1795758640512003e-19,
        -3.074687165829507e-17,
        0.0499126850624158
      ],
      [
        0.09300231610261611,
        -1.7499124532241834e-17,
        -3.241280878170639e-17,
        0.08691760790203092,
        -8.422450848269947e-18,
        0.07333907062021892,
        0.04912927161241809,
        -1.44644396612761e-17
      ],
      [
        3.742969406788308e-17,
        0.06616814889214846,
        0.11246462743506716,
        -8.422450848269947e-18,
        0.18718957557380694,
        7.536091505346238e-18,
        8.463223040580397e-18,
        0.06552348886934617
      ],
      [
        0.08541266928691459,
        3.0282131699939914e-17,
        -2.1795758640512003e-19,
        0.07333907062021892,
        7.536091505346238e-18,
        0.10418584246572249,
        0.07009025865242094,
        4.303435219955566e-19
      ],
      [
        0.09188193121428757,
        -3.5537227309549185e-18,
        -3.074687165829507e-17,
        0.04912927161241809,
        8.463223040580397e-18,
        0.07009025865242094,
        0.09222939332752533,
        -1.5264309140786672e-18
      ],
      [
        1.1298332041604893e-17,
        0.05237164029630684,
        0.0499126850624158,
        -1.44644396612761e-17,
        0.06552348886934617,
        4.303435219955566e-19,
        -1.5264309140786672e-18,
        0.07155392898289684
      ]
    ],
    "sigma": [
      0.35949614050786416,
      0.09091601284034043,
      0.3672573765383025,
      0.05203281947691885,
      0.047579873563836014,
      0.011500569816065514,
      0.04093642664370836,
      0.03028078061296438
    ],
    "noiseless_sigma": [
      0.35949614050786416,
      0.09091601284034043,
      0.3672573765383025,
      0.05203281947691885,
      0.047579873563836014,
      0.011500569816065514,
      0.04093642664370836,
      0.03028078061296438
    ],
    "eigenvalues": [
      0.011500569816065514,
      0.03028078061296438,
      0.04093642664370836,
      0.047579873563836014,
      0.05203281947691885,
      0.09091601284034043,
      0.35949614050786416,
      0.3672573765383025
    ],
    "noiseless_eigenvalues": [
      0.011500569816065514,
      0.03028078061296438,
      0.04093642664370836,
      0.047579873563836014,
      0.05203281947691885,
      0.09091601284034043,
      0.35949614050786416,
      0.3672573765383025
    ],
    "hamiltonian_eigenvalues": [
      -3.1190075958993697,
      -3.0762886772034923,
      -0.326754083498801,
      0.7893688789973208,
      0.968298510493387,
      1.2690776182362136,
      1.8720917894441422,
      3.8083250388294854
    ],
    "noiseless_hamiltonian_eigenvalues": [
      -3.1190075958993697,
      -3.0762886772034923,
      -0.326754083498801,
      0.7893688789973208,
      0.968298510493387,
      1.2690776182362136,
      1.8720917894441422,
      3.8083250388294854
    ]
  },