{
  "n": 3,
  "J": 1.0,
  "h": 0.5,
  "beta": 1.0,
  "calculated_result": {
    "n": 3,
    "J": 1.0,
    "h": 0.5,
    "beta": 1.0,
    "params": [
      13.112904875362544,
      -0.6676325910754344,
      8.394594690766889,
      0.5692164719742796,
      5.431229319908817,
      7.614632017499843,
      0.05772633421570905,
      5.25613864145975,
      6.404955910927151,
      -0.08776666968955274,
      -3.0042880474025835,
      2.387279328484016,
      -0.1497895269132019,
      -8.168211064241916,
      -3.0842604092112498,
      12.290134837788903,
      10.5054132798929
    ],
    "cost": -3.851029516914161,
    "energy": -2.9574823644979564,
    "entropy": 0.8935471524162046,
    "rho": [
      [
        0.25856447459607873,
        1.0281960194206698e-17,
        9.714272572916992e-18,
        0.13516248988978932,
        3.752192512244056e-17,
        0.15500830774242663,
        0.17405909007506096,
        -8.189361173732033e-17
      ],
      [
        1.0281960194206698e-17,
        0.1248407244434782,
        0.12534598579241552,
        -4.6633911744043984e-17,
        0.10434748340656538,
        2.2221843066801267e-17,
        -9.941268230291586e-18,
        0.06367683812303294
      ],
      [
        9.714272572916992e-18,
        0.12534598579241552,
        0.1526732198160618,
        -4.8260290866913556e-17,
        0.12877370406588254,
        1.8410811760575382e-17,
        -1.918171364561381e-17,
        0.06390156628245007
      ],
      [
        0.13516248988978932,
        -4.6633911744043984e-17,
        -4.8260290866913556e-17,
        0.08731456671173261,
        -2.9926962894191137e-17,
        0.09081073433945094,
        0.09654457564264754,
        -7.496441326529934e-17
      ],
      [
        3.752192512244056e-17,
        0.10434748340656538,
        0.12877370406588254,
        -2.9926962894191137e-17,
        0.11079869509870313,
        2.99939779935647e-17,
        9.870055879840995e-20,
        0.051386596275303814
      ],
      [
        0.15500830774242663,
        2.2221843066801267e-17,
        1.8410811760575382e-17,
        0.09081073433945094,
        2.99939779935647e-17,
        0.10748740956099213,
        0.10447168257518746,
        -4.354462229800129e-17
      ],
      [
        0.17405909007506096,
        -9.941268230291586e-18,
        -1.918171364561381e-17,
        0.09654457564264754,
        9.870055879840995e-20,
        0.10447168257518746,
        0.12338357730008176,
        -6.541002372358241e-17
      ],
      [
        -8.189361173732033e-17,
        0.06367683812303294,
        0.06390156628245007,
        -7.496441326529934e-17,
        0.051386596275303814,
        -4.354462229800129e-17,
        -6.541002372358241e-17,
        0.03493733247287096
      ]
    ],
    "noiseless_rho": [
      [
        0.25856447459607873,
        1.0281960194206698e-17,
        9.714272572916992e-18,
        0.13516248988978932,
        3.752192512244056e-17,
        0.15500830774242663,
        0.17405909007506096,
        -8.189361173732033e-17
      ],
      [
        1.0281960194206698e-17,
        0.1248407244434782,
        0.12534598579241552,
        -4.6633911744043984e-17,
        0.10434748340656538,
        2.2221843066801267e-17,
        -9.941268230291586e-18,
        0.06367683812303294
      ],
      [
        9.714272572916992e-18,
        0.12534598579241552,
        0.1526732198160618,
        -4.8260290866913556e-17,
        0.12877370406588254,
        1.8410811760575382e-17,
        -1.918171364561381e-17,
        0.06390156628245007
      ],
      [
        0.13516248988978932,
        -4.6633911744043984e-17,
        -4.8260290866913556e-17,
        0.08731456671173261,
        -2.9926962894191137e-17,
        0.09081073433945094,
        0.09654457564264754,
        -7.496441326529934e-17
      ],
      [
        3.752192512244056e-17,
        0.10434748340656538,
        0.12877370406588254,
        -2.9926962894191137e-17,
        0.11079869509870313,
        2.99939779935647e-17,
        9.870055879840995e-20,
        0.051386596275303814
      ],
      [
        0.15500830774242663,
        2.2221843066801267e-17,
        1.8410811760575382e-17,
        0.09081073433945094,
        2.99939779935647e-17,
        0.10748740956099213,
        0.10447168257518746,
        -4.354462229800129e-17
      ],
      [
        0.17405909007506096,
        -9.941268230291586e-18,
        -1.918171364561381e-17,
        0.09654457564264754,
        9.870055879840995e-20,
        0.10447168257518746,
        0.12338357730008176,
        -6.541002372358241e-17
      ],
      [
        -8.189361173732033e-17,
        0.06367683812303294,
        0.06390156628245007,
        -7.496441326529934e-17,
        0.051386596275303814,
        -4.354462229800129e-17,
        -6.541002372358241e-17,
        0.03493733247287096
      ]
    ],
    "sigma": [
      0.008577183968538106,
      0.00029860336151146127,
      0.0025653640213848454,
      0.0015468347971499012,
      0.015621039595835003,
      0.5508479218664282,
      0.01577808753676906,
      0.4047649648523828
    ],
    "noiseless_sigma": [
      0.008577183968538106,
      0.00029860336151146127,
      0.0025653640213848454,
      0.0015468347971499012,
      0.015621039595835003,
      0.5508479218664282,
      0.01577808753676906,
      0.4047649648523828
    ],
    "eigenvalues": [
      0.00029860336151146127,
      0.0015468347971499012,
      0.0025653640213848454,
      0.008577183968538106,
      0.015621039595835003,
      0.01577808753676906,
      0.4047649648523828,
      0.5508479218664282
    ],
    "noiseless_eigenvalues": [
      0.00029860336151146127,
      0.0015468347971499012,
      0.0025653640213848454,
      0.008577183968538106,
      0.015621039595835003,
      0.01577808753676906,
      0.4047649648523828,
      0.5508479218664282
    ],
    "hamiltonian_eigenvalues": [
      -3.2547330051166785,
      -2.9465808028819644,
      0.2981036493835285,
      0.30810706443997216,
      0.9076201112354925,
      2.114625374846189,
      2.620514985352073,
      4.265364898434842
    ],
    "noiseless_hamiltonian_eigenvalues": [
      -3.2547330051166785,
      -2.9465808028819644,
      0.2981036493835285,
      0.30810706443997216,
      0.9076201112354925,
      2.114625374846189,
      2.620514985352073,
      4.265364898434842
    ]
  },