{
  "n": 3,
  "J": 1.0,
  "h": 0.5,
  "beta": 1.2,
  "calculated_result": {
    "n": 3,
    "J": 1.0,
    "h": 0.5,
    "beta": 1.2,
    "params": [
      10.616865984592533,
      4.41822732465154,
      10.05922653319077,
      0.9562152117866766,
      6.609716352406772,
      12.309487433759788,
      -0.24255772983773122,
      8.371188605551835,
      7.271603039635486,
      -0.07479760925865127,
      3.0078162682774705,
      5.441396332933464,
      -1.505748709208006,
      -8.112311846594459,
      -0.019637412421290846,
      12.399548029453236,
      13.637085529164505
    ],
    "cost": -3.759597594017409,
    "energy": -3.0618379249393755,
    "entropy": 0.8373116028936403,
    "rho": [
      [
        0.2183858388245352,
        -2.797134967652505e-17,
        6.348755325209662e-19,
        0.1458594548733554,
        5.302102011177026e-17,
        0.12520448390494268,
        0.1360189525869135,
        2.760194382342673e-17
      ],
      [
        -2.797134967652505e-17,
        0.1284590110951971,
        0.1364119479561604,
        -8.143043649285015e-17,
        0.13606230188714777,
        -7.014223427484e-17,
        -1.8909609641657202e-17,
        0.08860216204810811
      ],
      [
        6.348755325209662e-19,
        0.1364119479561604,
        0.15934016455036187,
        -6.809099001834743e-17,
        0.15234594126229617,
        -6.085768005907423e-17,
        -1.4404755328223702e-19,
        0.09957512831136567
      ],
      [
        0.1458594548733554,
        -8.143043649285015e-17,
        -6.809099001834743e-17,
        0.10180444581055971,
        -3.1164831745397434e-17,
        0.08705770406774507,
        0.09067990992056403,
        -2.5906479111454533e-17
      ],
      [
        5.302102011177026e-17,
        0.13606230188714777,
        0.15234594126229617,
        -3.1164831745397434e-17,
        0.15741293866069384,
        -2.99723402143342e-17,
        3.347843956482073e-17,
        0.09816430956723032
      ],
      [
        0.12520448390494268,
        -7.014223427484e-17,
        -6.085768005907423e-17,
        0.08705770406774507,
        -2.99723402143342e-17,
        0.07671324331310302,
        0.07930190323534958,
        -2.2452121505532213e-17
      ],
      [
        0.1360189525869135,
        -1.8909609641657202e-17,
        -1.4404755328223702e-19,
        0.09067990992056403,
        3.347843956482073e-17,
        0.07930190323534958,
        0.08717009148724361,
        1.8281927777857737e-17
      ],
      [
        2.760194382342673e-17,
        0.08860216204810811,
        0.09957512831136567,
        -2.5906479111454533e-17,
        0.09816430956723032,
        -2.2452121505532213e-17,
        1.8281927777857737e-17,
        0.07071426625830522
      ]
    ],
    "noiseless_rho": [
      [
        0.2183858388245352,
        -2.797134967652505e-17,
        6.348755325209662e-19,
        0.1458594548733554,
        5.302102011177026e-17,
        0.12520448390494268,
        0.1360189525869135,
        2.760194382342673e-17
      ],
      [
        -2.797134967652505e-17,
        0.1284590110951971,
        0.1364119479561604,
        -8.143043649285015e-17,
        0.13606230188714777,
        -7.014223427484e-17,
        -1.8909609641657202e-17,
        0.08860216204810811
      ],
      [
        6.348755325209662e-19,
        0.1364119479561604,
        0.15934016455036187,
        -6.809099001834743e-17,
        0.15234594126229617,
        -6.085768005907423e-17,
        -1.4404755328223702e-19,
        0.09957512831136567
      ],
      [
        0.1458594548733554,
        -8.143043649285015e-17,
        -6.809099001834743e-17,
        0.10180444581055971,
        -3.1164831745397434e-17,
        0.08705770406774507,
        0.09067990992056403,
        -2.5906479111454533e-17
      ],
      [
        5.302102011177026e-17,
        0.13606230188714777,
        0.15234594126229617,
        -3.1164831745397434e-17,
        0.15741293866069384,
        -2.99723402143342e-17,
        3.347843956482073e-17,
        0.09816430956723032
      ],
      [
        0.12520448390494268,
        -7.014223427484e-17,
        -6.085768005907423e-17,
        0.08705770406774507,
        -2.99723402143342e-17,
        0.07671324331310302,
        0.07930190323534958,
        -2.2452121505532213e-17
      ],
      [
        0.1360189525869135,
        -1.8909609641657202e-17,
        -1.4404755328223702e-19,
        0.09067990992056403,
        3.347843956482073e-17,
        0.07930190323534958,
        0.08717009148724361,
        1.8281927777857737e-17
      ],
      [
        2.760194382342673e-17,
        0.08860216204810811,
        0.09957512831136567,
        -2.5906479111454533e-17,
        0.09816430956723032,
        -2.2452121505532213e-17,
        1.8281927777857737e-17,
        0.07071426625830522
      ]
    ],
    "sigma": [
      0.47643338254691714,
      0.006503358106255687,
      0.0055146626504188005,
      0.0001287359367986727,
      0.49743234224870037,
      0.005038694877599512,
      0.0024728060741262365,
      0.00647601755918315
    ],
    "noiseless_sigma": [
      0.47643338254691714,
      0.006503358106255687,
      0.0055146626504188005,
      0.0001287359367986727,
      0.49743234224870037,
      0.005038694877599512,
      0.0024728060741262365,
      0.00647601755918315
    ],
    "eigenvalues": [
      0.0001287359367986727,
      0.0024728060741262365,
      0.005038694877599512,
      0.0055146626504188005,
      0.00647601755918315,
      0.006503358106255687,
      0.47643338254691714,
      0.49743234224870037
    ],
    "noiseless_eigenvalues": [
      0.0001287359367986727,
      0.0024728060741262365,
      0.005038694877599512,
      0.0055146626504188005,
      0.00647601755918315,
      0.006503358106255687,
      0.47643338254691714,
      0.49743234224870037
    ],
    "hamiltonian_eigenvalues": [
      -3.1776844880909816,
      -3.141741451151294,
      0.4365995757801979,
      0.44011034910444113,
      0.5740230706569962,
      0.6492425587244082,
      1.2424038316271924,
      3.705191783594671
    ],
    "noiseless_hamiltonian_eigenvalues": [
      -3.1776844880909816,
      -3.141741451151294,
      0.4365995757801979,
      0.44011034910444113,
      0.5740230706569962,
      0.6492425587244082,
      1.2424038316271924,
      3.705191783594671
    ]
  },