{
  "n": 3,
  "J": 1.0,
  "h": 0.5,
  "beta": 2.0,
  "calculated_result": {
    "n": 3,
    "J": 1.0,
    "h": 0.5,
    "beta": 2.0,
    "params": [
      9.851673356449465,
      2.6514024019611484,
      10.198153208587295,
      5.8591505728206945,
      1.5892404934074198,
      10.635937271403106,
      4.341051502412458,
      10.538484062658485,
      2.2111546438283565,
      -1.6525458424645951,
      4.670001098350208,
      -1.0771790458836528,
      6.3544098180291035,
      4.219000496236726,
      -0.4386593007397301,
      11.848556792819663,
      12.076603343005951
    ],
    "cost": -3.296939511936366,
    "energy": -3.0046140310558176,
    "entropy": 0.5846509617610964,
    "rho": [
      [
        0.3874764868280893,
        -7.063648991843201e-17,
        -2.71308445159177e-17,
        0.22776176506278162,
        6.905852607714104e-17,
        0.2633122395327079,
        0.21247501594711946,
        -5.217209210216853e-19
      ],
      [
        -7.063648991843201e-17,
        0.015478258233878946,
        0.017946600536784155,
        -3.82792747388161e-17,
        0.03591831969691431,
        -5.1624562728949017e-17,
        -3.1294307743281295e-17,
        0.01333903344473985
      ],
      [
        -2.71308445159177e-17,
        0.017946600536784155,
        0.02947465434970834,
        -1.07655465241455e-17,
        0.048018881081778916,
        -1.8305445017423863e-17,
        -2.7606694741068916e-18,
        0.024299983193971496
      ],
      [
        0.22776176506278162,
        -3.82792747388161e-17,
        -1.07655465241455e-17,
        0.1469530544509872,
        4.82017336843896e-17,
        0.15330629385114825,
        0.12933034783663686,
        2.4319610400276555e-18
      ],
      [
        6.905852607714104e-17,
        0.03591831969691431,
        0.048018881081778916,
        4.82017336843896e-17,
        0.09073205679078807,
        4.5243099343471435e-17,
        5.801952251365906e-17,
        0.036761281957517516
      ],
      [
        0.2633122395327079,
        -5.1624562728949017e-17,
        -1.8305445017423863e-17,
        0.15330629385114825,
        4.5243099343471435e-17,
        0.18254110882022295,
        0.14507960587088212,
        -6.448880837697562e-22
      ],
      [
        0.21247501594711946,
        -3.1294307743281295e-17,
        -2.7606694741068916e-18,
        0.12933034783663686,
        5.801952251365906e-17,
        0.14507960587088212,
        0.12622173252562632,
        8.396654096434413e-18
      ],
      [
        -5.217209210216853e-19,
        0.01333903344473985,
        0.024299983193971496,
        2.4319610400276555e-18,
        0.036761281957517516,
        -6.448880837697562e-22,
        8.396654096434413e-18,
        0.021122648000700076
      ]
    ],
    "noiseless_rho": [
      [
        0.3874764868280893,
        -7.063648991843201e-17,
        -2.71308445159177e-17,
        0.22776176506278162,
        6.905852607714104e-17,
        0.2633122395327079,
        0.21247501594711946,
        -5.217209210216853e-19
      ],
      [
        -7.063648991843201e-17,
        0.015478258233878946,
        0.017946600536784155,
        -3.82792747388161e-17,
        0.03591831969691431,
        -5.1624562728949017e-17,
        -3.1294307743281295e-17,
        0.01333903344473985
      ],
      [
        -2.71308445159177e-17,
        0.017946600536784155,
        0.02947465434970834,
        -1.07655465241455e-17,
        0.048018881081778916,
        -1.8305445017423863e-17,
        -2.7606694741068916e-18,
        0.024299983193971496
      ],
      [
        0.22776176506278162,
        -3.82792747388161e-17,
        -1.07655465241455e-17,
        0.1469530544509872,
        4.82017336843896e-17,
        0.15330629385114825,
        0.12933034783663686,
        2.4319610400276555e-18
      ],
      [
        6.905852607714104e-17,
        0.03591831969691431,
        0.048018881081778916,
        4.82017336843896e-17,
        0.09073205679078807,
        4.5243099343471435e-17,
        5.801952251365906e-17,
        0.036761281957517516
      ],
      [
        0.2633122395327079,
        -5.1624562728949017e-17,
        -1.8305445017423863e-17,
        0.15330629385114825,
        4.5243099343471435e-17,
        0.18254110882022295,
        0.14507960587088212,
        -6.448880837697562e-22
      ],
      [
        0.21247501594711946,
        -3.1294307743281295e-17,
        -2.7606694741068916e-18,
        0.12933034783663686,
        5.801952251365906e-17,
        0.14507960587088212,
        0.12622173252562632,
        8.396654096434413e-18
      ],
      [
        -5.217209210216853e-19,
        0.01333903344473985,
        0.024299983193971496,
        2.4319610400276555e-18,
        0.036761281957517516,
        -6.448880837697562e-22,
        8.396654096434413e-18,
        0.021122648000700076
      ]
    ],
    "sigma": [
      0.0017266924260033894,
      0.00022620471165962392,
      0.14819827066186295,
      0.8225398043838184,
      0.008218973124177622,
      0.01244700853953779,
      0.006478877275566239,
      0.00016416887737524116
    ],
    "noiseless_sigma": [
      0.0017266924260033894,
      0.00022620471165962392,
      0.14819827066186295,
      0.8225398043838184,
      0.008218973124177622,
      0.01244700853953779,
      0.006478877275566239,
      0.00016416887737524116
    ],
    "eigenvalues": [
      0.00016416887737524116,
      0.00022620471165962392,
      0.0017266924260033894,
      0.006478877275566239,
      0.008218973124177622,
      0.01244700853953779,
      0.14819827066186295,
      0.8225398043838184
    ],
    "noiseless_eigenvalues": [
      0.00016416887737524116,
      0.00022620471165962392,
      0.0017266924260033894,
      0.006478877275566239,
      0.008218973124177622,
      0.01244700853953779,
      0.14819827066186295,
      0.8225398043838184
    ],
    "hamiltonian_eigenvalues": [
      -3.199260310373386,
      -2.3423373943681027,
      -1.1038020304905842,
      -0.8962845110445197,
      -0.7773354901500293,
      -0.11616571545868881,
      0.9000955705041567,
      1.0603679479965273
    ],
    "noiseless_hamiltonian_eigenvalues": [
      -3.199260310373386,
      -2.3423373943681027,
      -1.1038020304905842,
      -0.8962845110445197,
      -0.7773354901500293,
      -0.11616571545868881,
      0.9000955705041567,
      1.0603679479965273
    ]
  },