{
  "n": 3,
  "J": 1.0,
  "h": 0.5,
  "beta": 5.0,
  "calculated_result": {
    "n": 3,
    "J": 1.0,
    "h": 0.5,
    "beta": 5.0,
    "params": [
      8.130779754146632,
      3.539712340091004,
      5.9735410689914294,
      7.957936292064394,
      1.5767379695593282,
      14.222971806521327,
      7.434785659473264,
      7.5311363676123895,
      0.277888569765397,
      0.7024639060680329,
      5.575408569352439,
      -0.8966007892797792,
      5.7272711319817615,
      5.182084598798586,
      -0.6800074185276797,
      12.140121762954648,
      11.525826895638742
    ],
    "cost": -3.1454812840786723,
    "energy": -3.1450661837582845,
    "entropy": 0.0020755016019393755,
    "rho": [
      [
        5.8682533977389166e-05,
        2.132885648587427e-17,
        2.142550945250405e-17,
        6.774339057907236e-07,
        2.1007732582624065e-17,
        -1.4269479735775746e-05,
        2.0388859520521043e-05,
        1.3637096324441616e-17
      ],
      [
        2.132885648587427e-17,
        0.29235053954531987,
        0.2949013392424032,
        -4.23402740834958e-17,
        0.2915032315586609,
        5.31627143426454e-17,
        2.1221141380295676e-17,
        0.1867530241316999
      ],
      [
        2.142550945250405e-17,
        0.2949013392424032,
        0.2974848509270038,
        -4.2795546829529695e-17,
        0.2940528770393766,
        5.354789240899206e-17,
        2.1411745212734585e-17,
        0.1883855588497351
      ],
      [
        6.774339057907236e-07,
        -4.23402740834958e-17,
        -4.2795546829529695e-17,
        2.1956815578147367e-05,
        -4.249627688198822e-17,
        2.1046110248720074e-05,
        2.935198228963508e-06,
        -2.705200199468906e-17
      ],
      [
        2.1007732582624065e-17,
        0.2915032315586609,
        0.2940528770393766,
        -4.249627688198822e-17,
        0.2906720482429881,
        5.272379371455208e-17,
        2.1159377123667988e-17,
        0.18621459446830307
      ],
      [
        -1.4269479735775746e-05,
        5.31627143426454e-17,
        5.354789240899206e-17,
        2.1046110248720074e-05,
        5.272379371455208e-17,
        6.379720987307848e-05,
        3.1051150825568836e-05,
        3.395622135845825e-17
      ],
      [
        2.0388859520521043e-05,
        2.1221141380295676e-17,
        2.1411745212734585e-17,
        2.935198228963508e-06,
        2.1159377123667988e-17,
        3.1051150825568836e-05,
        4.459557393287419e-05,
        1.3566727271523581e-17
      ],
      [
        1.3637096324441616e-17,
        0.1867530241316999,
        0.1883855588497351,
        -2.705200199468906e-17,
        0.18621459446830307,
        3.395622135845825e-17,
        1.3566727271523581e-17,
        0.1193035291513269
      ]
    ],
    "noiseless_rho": [
      [
        5.8682533977389166e-05,
        2.132885648587427e-17,
        2.142550945250405e-17,
        6.774339057907236e-07,
        2.1007732582624065e-17,
        -1.4269479735775746e-05,
        2.0388859520521043e-05,
        1.3637096324441616e-17
      ],
      [
        2.132885648587427e-17,
        0.29235053954531987,
        0.2949013392424032,
        -4.23402740834958e-17,
        0.2915032315586609,
        5.31627143426454e-17,
        2.1221141380295676e-17,
        0.1867530241316999
      ],
      [
        2.142550945250405e-17,
        0.2949013392424032,
        0.2974848509270038,
        -4.2795546829529695e-17,
        0.2940528770393766,
        5.354789240899206e-17,
        2.1411745212734585e-17,
        0.1883855588497351
      ],
      [
        6.774339057907236e-07,
        -4.23402740834958e-17,
        -4.2795546829529695e-17,
        2.1956815578147367e-05,
        -4.249627688198822e-17,
        2.1046110248720074e-05,
        2.935198228963508e-06,
        -2.705200199468906e-17
      ],
      [
        2.1007732582624065e-17,
        0.2915032315586609,
        0.2940528770393766,
        -4.249627688198822e-17,
        0.2906720482429881,
        5.272379371455208e-17,
        2.1159377123667988e-17,
        0.18621459446830307
      ],
      [
        -1.4269479735775746e-05,
        5.31627143426454e-17,
        5.354789240899206e-17,
        2.1046110248720074e-05,
        5.272379371455208e-17,
        6.379720987307848e-05,
        3.1051150825568836e-05,
        3.395622135845825e-17
      ],
      [
        2.0388859520521043e-05,
        2.1221141380295676e-17,
        2.1411745212734585e-17,
        2.935198228963508e-06,
        2.1159377123667988e-17,
        3.1051150825568836e-05,
        4.459557393287419e-05,
        1.3566727271523581e-17
      ],
      [
        1.3637096324441616e-17,
        0.1867530241316999,
        0.1883855588497351,
        -2.705200199468906e-17,
        0.18621459446830307,
        3.395622135845825e-17,
        1.3566727271523581e-17,
        0.1193035291513269
      ]
    ],
    "sigma": [
      1.8040033053721706e-05,
      0.9998015714579972,
      2.037972988726136e-07,
      0.00014523067515683164,
      7.012518745226797e-06,
      2.2586459680905442e-05,
      3.1749654700304085e-06,
      2.18009259738257e-06
    ],
    "noiseless_sigma": [
      1.8040033053721706e-05,
      0.9998015714579972,
      2.037972988726136e-07,
      0.00014523067515683164,
      7.012518745226797e-06,
      2.2586459680905442e-05,
      3.1749654700304085e-06,
      2.18009259738257e-06
    ],
    "eigenvalues": [
      2.037972988726136e-07,
      2.18009259738257e-06,
      3.1749654700304085e-06,
      7.012518745226797e-06,
      1.8040033053721706e-05,
      2.2586459680905442e-05,
      0.00014523067515683164,
      0.9998015714579972
    ],
    "noiseless_eigenvalues": [
      2.037972988726136e-07,
      2.18009259738257e-06,
      3.1749654700304085e-06,
      7.012518745226797e-06,
      1.8040033053721706e-05,
      2.2586459680905442e-05,
      0.00014523067515683164,
      0.9998015714579972
    ],
    "hamiltonian_eigenvalues": [
      -3.1454415944323624,
      -1.3780438407835838,
      -1.0058492919988509,
      -0.9608978418616201,
      -0.7719185612780901,
      -0.6134385238267255,
      -0.538252642838315,
      -0.06425329006665681
    ],
    "noiseless_hamiltonian_eigenvalues": [
      -3.1454415944323624,
      -1.3780438407835838,
      -1.0058492919988509,
      -0.9608978418616201,
      -0.7719185612780901,
      -0.6134385238267255,
      -0.538252642838315,
      -0.06425329006665681
    ]
  },