{
  "n": 2,
  "J": 1.0,
  "h": 0.5,
  "beta": 0.5,
  "calculated_result": {
    "params": [
      7.298892941201832,
      3.396578895792952,
      7.248766612840211,
      0.5371421656977473,
      2.813360048663768,
      4.024831964547409
    ],
    "cost": -3.085961889704934,
    "energy": -0.6119089225267894,
    "entropy": 1.2370264835890723,
    "rho": [
      [
        [
          0.37483723958333376,
          0.0
        ],
        [
          0.013183593749999997,
          -0.002604166666666661
        ],
        [
          0.012532552083333325,
          -0.044433593750000014
        ],
        [
          0.0537109375,
          -0.001953125
        ]
      ],
      [
        [
          0.013183593749999997,
          0.002604166666666661
        ],
        [
          0.28629557291666713,
          0.0
        ],
        [
          0.0576171875,
          -0.0029296875
        ],
        [
          -0.008951822916666654,
          -0.012207031250000052
        ]
      ],
      [
        [
          0.012532552083333325,
          0.044433593750000014
        ],
        [
          0.0576171875,
          0.0029296875
        ],
        [
          0.2000325520833338,
          0.0
        ],
        [
          0.008300781250000007,
          0.0032552083333333252
        ]
      ],
      [
        [
          0.0537109375,
          0.001953125
        ],
        [
          -0.008951822916666654,
          0.012207031250000052
        ],
        [
          0.008300781250000007,
          -0.0032552083333333252
        ],
        [
          0.13883463541666718,
          0.0
        ]
      ]
    ],
    "noiseless_rho": [
      [
        0.43529645025823704,
        4.878457103514957e-17,
        1.8982220918723653e-17,
        0.09100133625281391
      ],
      [
        4.878457103514957e-17,
        0.2504793172157629,
        0.10383312275628681,
        2.824366675328203e-17
      ],
      [
        1.8982220918723653e-17,
        0.10383312275628681,
        0.1724732837286902,
        -9.690954013513036e-18
      ],
      [
        0.09100133625281391,
        2.824366675328203e-17,
        -9.690954013513036e-18,
        0.14175094879731004
      ]
    ],
    "sigma": [
      0.4327799479166671,
      0.2918294270833337,
      0.14762369791666727,
      0.1277669270833338
    ],
    "noiseless_sigma": [
      0.46121846944505995,
      0.32239317338351403,
      0.10055942756093902,
      0.11582892961048716
    ],
    "eigenvalues": [
      0.1277669270833338,
      0.14762369791666727,
      0.2918294270833337,
      0.4327799479166671
    ],
    "noiseless_eigenvalues": [
      0.10055942756093902,
      0.11582892961048716,
      0.32239317338351403,
      0.46121846944505995
    ],
    "hamiltonian_eigenvalues": [
      -1.4109101225359593,
      -0.622790287260186,
      0.7402157597198009,
      1.0291332243852578
    ],
    "noiseless_hamiltonian_eigenvalues": [
      -1.5381949999235793,
      -0.8219950038197403,
      1.2253199525336322,
      1.5080509247528404
    ]
  },
  "exact_result": {
    "hamiltonian_matrix": [
      [
        [
          -1.0,
          0.0
        ],
        [
          0.0,
          0.0
        ],
        [
          0.0,
          0.0
        ],
        [
          -1.0,
          0.0
        ]
      ],
      [
        [
          0.0,
          0.0
        ],
        [
          0.0,
          0.0
        ],
        [
          -1.0,
          0.0
        ],
        [
          0.0,
          0.0
        ]
      ],
      [
        [
          0.0,
          0.0
        ],
        [
          -1.0,
          0.0
        ],
        [
          0.0,
          0.0
        ],
        [
          0.0,
          0.0
        ]
      ],
      [
        [
          -1.0,
          0.0
        ],
        [
          0.0,
          0.0
        ],
        [
          0.0,
          0.0
        ],
        [
          1.0,
          0.0
        ]
      ]
    ],
    "gibbs_state": [
      [
        0.3775435925176229,
        0.0,
        0.0,
        0.11362464936063967
      ],
      [
        0.0,
        0.23608105684301672,
        0.10909710687123368,
        0.0
      ],
      [
        0.0,
        0.10909710687123368,
        0.23608105684301672,
        0.0
      ],
      [
        0.11362464936063967,
        0.0,
        0.0,
        0.15029429379634357
      ]
    ],
    "energy": -0.672692811185026,
    "entropy": 1.2273481730923634,
    "cost": -3.1273891573697528,
    "eigenvalues": [
      0.10322942301127919,
      0.12698394997178303,
      0.3451781637142504,
      0.42460846330268726
    ],
    "hamiltonian_eigenvalues": [
      -1.4142135623730951,
      -1.0,
      1.0,
      1.4142135623730951
    ]
  },
  "metrics": {
    "exact_purity": 0.32622154913908924,
    "calculated_fidelity": 0.9776170756916381,
    "calculated_trace_distance": 0.07134757370714624,
    "calculated_relative_entropy": 0.0467661804510919,
    "calculated_purity": 0.29943148295084726,
    "noiseless_fidelity": 0.99084495006247,
    "noiseless_trace_distance": 0.04018808542422,
    "noiseless_relative_entropy": 0.02017788702564037,
    "noiseless_purity": 0.34018837420763115
  }
}
