{
  "n": 2,
  "J": 1.0,
  "h": 0.5,
  "beta": 0.2,
  "calculated_result": {
    "params": [
      4.794251448724903,
      2.817172599678157,
      7.043505383987738,
      2.2856304042223448,
      2.410881597921948,
      1.5873992373986907
    ],
    "cost": -7.200448683574535,
    "energy": -0.4674722461913223,
    "entropy": 1.3465952874766427,
    "rho": [
      [
        [
          0.34700520833333376,
          0.0
        ],
        [
          -0.0063476562499999965,
          -0.006347656249999993
        ],
        [
          -0.00048828124999999306,
          -0.00585937499999999
        ],
        [
          0.0693359375,
          -0.02587890625
        ]
      ],
      [
        [
          -0.0063476562499999965,
          0.006347656249999993
        ],
        [
          0.22037760416666716,
          0.0
        ],
        [
          -0.001953125,
          0.00341796875
        ],
        [
          0.006347656249999993,
          0.0009765625000000104
        ]
      ],
      [
        [
          -0.00048828124999999306,
          0.00585937499999999
        ],
        [
          -0.001953125,
          -0.00341796875
        ],
        [
          0.2610677083333339,
          0.0
        ],
        [
          0.009277343749999986,
          -0.0004882812500000208
        ]
      ],
      [
        [
          0.0693359375,
          0.02587890625
        ],
        [
          0.006347656249999993,
          -0.0009765625000000104
        ],
        [
          0.009277343749999986,
          0.0004882812500000208
        ],
        [
          0.1715494791666671,
          0.0
        ]
      ]
    ],
    "noiseless_rho": [
      [
        0.33744068183847015,
        -6.693115729186102e-18,
        -6.126054869769526e-17,
        0.08524375247404722
      ],
      [
        -6.693115729186102e-18,
        0.21403684947372564,
        0.024177843681015568,
        -1.7906987449813875e-17
      ],
      [
        -6.126054869769526e-17,
        0.024177843681015568,
        0.2588428330582563,
        -1.0521154050813592e-17
      ],
      [
        0.08524375247404722,
        -1.7906987449813875e-17,
        -1.0521154050813592e-17,
        0.18967963562954782
      ]
    ],
    "sigma": [
      0.20393880208333387,
      0.21207682291666718,
      0.28597005208333387,
      0.29801432291666724
    ],
    "noiseless_sigma": [
      0.1507557748207698,
      0.2034783157201681,
      0.2694013668118138,
      0.37636454264724817
    ],
    "eigenvalues": [
      0.20393880208333387,
      0.21207682291666718,
      0.28597005208333387,
      0.29801432291666724
    ],
    "noiseless_eigenvalues": [
      0.1507557748207698,
      0.2034783157201681,
      0.2694013668118138,
      0.37636454264724817
    ],
    "hamiltonian_eigenvalues": [
      -1.1473800328095587,
      -0.941107750372491,
      0.553584804938767,
      0.7492279160826509
    ],
    "noiseless_hamiltonian_eigenvalues": [
      -2.3144632987539753,
      -0.6426839761833749,
      0.7605304985989729,
      2.260022000624259
    ]
  },
  "exact_result": {
    "hamiltonian_matrix": [
      [
        [
          -1.0,
          0.0
        ],
        [
          0.0,
          0.0
        ],
        [
          0.0,
          0.0
        ],
        [
          -1.0,
          0.0
        ]
      ],
      [
        [
          0.0,
          0.0
        ],
        [
          0.0,
          0.0
        ],
        [
          -1.0,
          0.0
        ],
        [
          0.0,
          0.0
        ]
      ],
      [
        [
          0.0,
          0.0
        ],
        [
          -1.0,
          0.0
        ],
        [
          0.0,
          0.0
        ],
        [
          0.0,
          0.0
        ]
      ],
      [
        [
          -1.0,
          0.0
        ],
        [
          0.0,
          0.0
        ],
        [
          0.0,
          0.0
        ],
        [
          1.0,
          0.0
        ]
      ]
    ],
    "gibbs_state": [
      [
        0.30163668885233524,
        0.0,
        0.0,
        0.04918555449042901
      ],
      [
        0.0,
        0.24754886563809372,
        0.04886003662663048,
        0.0
      ],
      [
        0.0,
        0.04886003662663048,
        0.24754886563809372,
        0.0
      ],
      [
        0.04918555449042902,
        0.0,
        0.0,
        0.2032655798714772
      ]
    ],
    "energy": -0.294462291214977,
    "entropy": 1.357122893136917,
    "cost": -7.080076756899562,
    "eigenvalues": [
      0.18289225612870066,
      0.19868882901146326,
      0.2964089022647242,
      0.32201001259511175
    ],
    "hamiltonian_eigenvalues": [
      -1.4142135623730951,
      -1.0,
      1.0,
      1.4142135623730951
    ]
  },
  "metrics": {
    "exact_purity": 0.2644755136790756,
    "calculated_fidelity": 0.9880621103026889,
    "calculated_trace_distance": 0.04674926379957571,
    "calculated_relative_entropy": 0.024386006199050597,
    "calculated_purity": 0.2780352698432085,
    "noiseless_fidelity": 0.9938125792615811,
    "noiseless_trace_distance": 0.035931095484876586,
    "noiseless_relative_entropy": 0.012516928891797906,
    "noiseless_purity": 0.2783580940122728
  }
}
