{
  "n": 2,
  "J": 1.0,
  "h": 0.5,
  "beta": 1e-08,
  "calculated_result": {
    "params": [
      4.724097834194981,
      3.182636227253861,
      5.603324383047716,
      3.954267153560512,
      -0.34590489457729473,
      1.975035953390366
    ],
    "cost": -138389398.21977425,
    "energy": 0.0027346258940332963,
    "entropy": 1.3838939822250889,
    "rho": [
      [
        [
          0.2550455729166672,
          0.0
        ],
        [
          0.01871744791666665,
          -0.012044270833333374
        ],
        [
          0.019042968750000024,
          0.0009765624999999861
        ],
        [
          0.0146484375,
          0.00146484375
        ]
      ],
      [
        [
          0.01871744791666665,
          0.012044270833333374
        ],
        [
          0.25862630208333376,
          0.0
        ],
        [
          0.0263671875,
          0.01025390625
        ],
        [
          0.00830078125000001,
          -0.02050781249999997
        ]
      ],
      [
        [
          0.019042968750000024,
          -0.0009765624999999861
        ],
        [
          0.0263671875,
          -0.01025390625
        ],
        [
          0.2706705729166671,
          0.0
        ],
        [
          -0.009602864583333322,
          -0.030598958333333367
        ]
      ],
      [
        [
          0.0146484375,
          -0.00146484375
        ],
        [
          0.00830078125000001,
          0.02050781249999997
        ],
        [
          -0.009602864583333322,
          0.030598958333333367
        ],
        [
          0.2156575520833339,
          0.0
        ]
      ]
    ],
    "noiseless_rho": [
      [
        0.2312864268495124,
        -2.5245078408502378e-17,
        -6.909497260469693e-18,
        -0.013608630155623223
      ],
      [
        -2.5245078408502378e-17,
        0.27311287565493825,
        -0.0038680918580892443,
        2.9520912989204875e-18
      ],
      [
        -6.909497260469693e-18,
        -0.0038680918580892443,
        0.2659037856503017,
        -8.631594080544117e-18
      ],
      [
        -0.013608630155623223,
        2.9520912989204875e-18,
        -8.631594080544117e-18,
        0.2296969118452475
      ]
    ],
    "sigma": [
      0.28499348958333376,
      0.2426757812500004,
      0.27880859375000044,
      0.19352213541666716
    ],
    "noiseless_sigma": [
      0.21685985163293944,
      0.26422109325523047,
      0.2747955680500094,
      0.2441234870618204
    ],
    "eigenvalues": [
      0.19352213541666716,
      0.2426757812500004,
      0.27880859375000044,
      0.28499348958333376
    ],
    "noiseless_eigenvalues": [
      0.21685985163293944,
      0.2441234870618204,
      0.26422109325523047,
      0.2747955680500094
    ],
    "hamiltonian_eigenvalues": [
      -12860503.965608776,
      -10666420.569435582,
      3213497.78650257,
      25846939.593898118
    ],
    "noiseless_hamiltonian_eigenvalues": [
      -9216613.552256957,
      -5292493.032749206,
      2618710.4998172224,
      14460999.690115958
    ]
  },
  "exact_result": {
    "hamiltonian_matrix": [
      [
        [
          -1.0,
          0.0
        ],
        [
          0.0,
          0.0
        ],
        [
          0.0,
          0.0
        ],
        [
          -1.0,
          0.0
        ]
      ],
      [
        [
          0.0,
          0.0
        ],
        [
          0.0,
          0.0
        ],
        [
          -1.0,
          0.0
        ],
        [
          0.0,
          0.0
        ]
      ],
      [
        [
          0.0,
          0.0
        ],
        [
          -1.0,
          0.0
        ],
        [
          0.0,
          0.0
        ],
        [
          0.0,
          0.0
        ]
      ],
      [
        [
          -1.0,
          0.0
        ],
        [
          0.0,
          0.0
        ],
        [
          0.0,
          0.0
        ],
        [
          1.0,
          0.0
        ]
      ]
    ],
    "gibbs_state": [
      [
        0.25000000250000004,
        0.0,
        0.0,
        2.5000000000000005e-09
      ],
      [
        0.0,
        0.25,
        2.5e-09,
        0.0
      ],
      [
        0.0,
        2.5e-09,
        0.25,
        0.0
      ],
      [
        2.4999999999999996e-09,
        0.0,
        0.0,
        0.24999999750000002
      ]
    ],
    "energy": -1.5000000019860238e-08,
    "entropy": 1.3862943611198908,
    "cost": -138629436.1119891,
    "eigenvalues": [
      0.24999999646446613,
      0.24999999750000002,
      0.2500000025,
      0.2500000035355339
    ],
    "hamiltonian_eigenvalues": [
      -1.4142135623730951,
      -1.0,
      1.0,
      1.4142135623730951
    ]
  },
  "metrics": {
    "exact_purity": 0.25000000000000006,
    "calculated_fidelity": 0.991640674981675,
    "calculated_trace_distance": 0.051629197917415694,
    "calculated_relative_entropy": 0.016762385752787812,
    "calculated_purity": 0.2584946950276702,
    "noiseless_fidelity": 0.9980055516649474,
    "noiseless_trace_distance": 0.01695585915518788,
    "noiseless_relative_entropy": 0.004026130440233391,
    "noiseless_purity": 0.2519498625263999
  }
}
