{
  "metrics": {
    "exact_purity": 0.25,
    "calculated_fidelity": [
      0.9871351949658066
    ],
    "calculated_trace_distance": [
      0.06079528695882302
    ],
    "calculated_relative_entropy": [
      0.02619691609575394
    ],
    "calculated_purity": [
      0.2626077863905175
    ],
    "calculated_kullback_leibler_divergence": [
      0.0043246775138255575
    ],
    "noiseless_fidelity": [
      0.9985386516767606
    ],
    "noiseless_trace_distance": [
      0.017140445399714176
    ],
    "noiseless_relative_entropy": [
      0.00291576129678522
    ],
    "noiseless_purity": [
      0.25147781476627695
    ],
    "noiseless_kullback_leibler_divergence": [
      0.0029157612862170112
    ]
  },
  "metadata": {
    "job_ids": [
      "cfd313gohn1j98u1ebj0"
    ],
    "backends": [
      "ibm_oslo"
    ],
    "n": 2,
    "J": 1,
    "h": 0.5,
    "beta": 1e-10,
    "ancilla_reps": 1,
    "system_reps": 1,
    "optimizer": "SPSA",
    "min_kwargs": {
      "maxiter": 200
    },
    "shots": 1024,
    "noise_model": null
  }
}
