{
  "metrics": {
    "exact_purity": 0.2644755136790756,
    "calculated_fidelity": [
      0.9700994549962875
    ],
    "calculated_trace_distance": [
      0.10995801321259718
    ],
    "calculated_relative_entropy": [
      0.06163284747689192
    ],
    "calculated_purity": [
      0.2733215755886511
    ],
    "calculated_kullback_leibler_divergence": [
      0.009619323868989617
    ],
    "noiseless_fidelity": [
      0.9809082158528669
    ],
    "noiseless_trace_distance": [
      0.07535852739064894
    ],
    "noiseless_relative_entropy": [
      0.039538794139861805
    ],
    "noiseless_purity": [
      0.25877705964442643
    ],
    "noiseless_kullback_leibler_divergence": [
      0.005501136989569429
    ]
  },
  "metadata": {
    "job_ids": [
      "cfd313qnin47c97m4g2g"
    ],
    "backends": [
      "ibm_oslo"
    ],
    "n": 2,
    "J": 1,
    "h": 0.5,
    "beta": 0.2,
    "ancilla_reps": 1,
    "system_reps": 1,
    "optimizer": "SPSA",
    "min_kwargs": {
      "maxiter": 200
    },
    "shots": 1024,
    "noise_model": null
  }
}
