{
  "metrics": {
    "exact_purity": 0.32622154913908924,
    "calculated_fidelity": [
      0.9726168190814052
    ],
    "calculated_trace_distance": [
      0.09207587591647065
    ],
    "calculated_relative_entropy": [
      0.05859010529426574
    ],
    "calculated_purity": [
      0.3128342098659949
    ],
    "calculated_kullback_leibler_divergence": [
      0.0069420365858525734
    ],
    "noiseless_fidelity": [
      0.9940364033759169
    ],
    "noiseless_trace_distance": [
      0.039131916008581784
    ],
    "noiseless_relative_entropy": [
      0.013272739062293246
    ],
    "noiseless_purity": [
      0.32103411318687086
    ],
    "noiseless_kullback_leibler_divergence": [
      0.003928545304291771
    ]
  },
  "metadata": {
    "job_ids": [
      "cfd3140574nj1c55u1qg"
    ],
    "backends": [
      "ibm_oslo"
    ],
    "n": 2,
    "J": 1,
    "h": 0.5,
    "beta": 0.5,
    "ancilla_reps": 1,
    "system_reps": 1,
    "optimizer": "SPSA",
    "min_kwargs": {
      "maxiter": 200
    },
    "shots": 1024,
    "noise_model": null
  }
}
