{
  "metrics": {
    "exact_purity": 0.3482450223805722,
    "calculated_fidelity": [
      1.0112419876899015,
      0.9459818963421488,
      0.9972663673652531,
      0.9770413664741311,
      1.0116756469082384,
      1.0490514354753824,
      0.8985977319864061,
      0.7682768915546565,
      0.9982015266032477,
      0.94166812445818
    ],
    "calculated_trace_distance": [
      0.16494250699542334,
      0.10776505818646874,
      0.12603790592063763,
      0.15320955872267442,
      0.14006993092661102,
      0.17191434032215888,
      0.1874097645683452,
      0.3567236780442587,
      0.12997959791069377,
      0.15398389796313378
    ],
    "calculated_relative_entropy": [
      -0.1293542973193278,
      -0.011581285048508506,
      -0.0865294195303925,
      -0.041508994989760906,
      -0.14554133491139315,
      -0.17014089944005426,
      0.11536953145588234,
      0.4753689700903771,
      -0.06860306197829219,
      0.018548805326244276
    ],
    "calculated_purity": [
      0.47666966915130615,
      0.35708677768707275,
      0.4136747121810913,
      0.3910186290740967,
      0.46299564838409424,
      0.4768807888031006,
      0.34849512577056885,
      0.275509238243103,
      0.41909968852996826,
      0.3560117483139038
    ],
    "calculated_kullback_leibler_divergence": [
      Infinity,
      0.017242169774602578,
      Infinity,
      Infinity,
      Infinity,
      Infinity,
      Infinity,
      0.29458739917621213,
      Infinity,
      Infinity
    ],
    "noiseless_fidelity": [
      0.9310102794696056,
      0.9451073106375155,
      0.9447372989825112,
      0.9387600008495475,
      0.93699239196431,
      0.9266614976265277,
      0.891289189903932,
      0.7654026031590182,
      0.9346259295538168,
      0.9319661083075216
    ],
    "noiseless_trace_distance": [
      0.050193443017326755,
      0.04090245520617177,
      0.05173191285820542,
      0.08019141784962584,
      0.04398660154340463,
      0.045225214828667225,
      0.1382197031030655,
      0.29055534281585,
      0.05169331777284167,
      0.08133122925008057
    ],
    "noiseless_relative_entropy": [
      0.3267904305932148,
      0.1434573055289673,
      0.2074951323455369,
      0.24222118618624916,
      0.23548590196272762,
      0.38213062053326985,
      0.2713810094038708,
      0.5345904515161193,
      0.308785639753815,
      0.19191377546245939
    ],
    "noiseless_purity": [
      0.42510466847303224,
      0.3349233384799344,
      0.39390732158448194,
      0.3678334458597387,
      0.4176358436503085,
      0.41886486768463205,
      0.3293049216929539,
      0.25014860130071515,
      0.4043030506030308,
      0.3376284383945967
    ],
    "noiseless_kullback_leibler_divergence": [
      0.07203596180730441,
      0.017959733662162938,
      0.05148141135162098,
      0.03309764953363431,
      0.06311877472925137,
      0.09236876621585219,
      0.0747833389905071,
      0.29323188617961454,
      0.03692323613471114,
      0.02955456493247397
    ]
  },
  "metadata": {
    "job_ids": [
      null
    ],
    "backends": [
      null
    ],
    "n": 5,
    "J": 1.0,
    "h": 0.5,
    "beta": 1.0,
    "ancilla_reps": 1,
    "system_reps": 4,
    "optimizer": "SPSA",
    "min_kwargs": {
      "maxiter": 500
    },
    "shots": 1024,
    "noise_model": null
  }
}
