{
    "metrics": {
        "exact_purity": 0.125,
        "calculated_fidelity": [
            0.9529483429178128,
            0.9441390138664074
        ],
        "calculated_trace_distance": [
            0.09688863568757677,
            0.08748415323483902
        ],
        "calculated_relative_entropy": [
            0.09782260921049382,
            0.11767815854577157
        ],
        "calculated_purity": [
            0.14956526108730062,
            0.15298925800088095
        ],
        "calculated_kullback_leibler_divergence": [
            0.16380779296936826,
            0.171864331577818
        ],
        "noiseless_fidelity": [
            0.8856243250913174,
            0.8494964203665677
        ],
        "noiseless_trace_distance": [
            0.14016964579647614,
            0.08909260051596792
        ],
        "noiseless_relative_entropy": [
            0.24241082117204144,
            0.46411568501811934
        ],
        "noiseless_purity": [
            0.1910447078313822,
            0.1750298059834164
        ],
        "noiseless_kullback_leibler_divergence": [
            0.24241082109299056,
            0.4641156848694725
        ]
    },
    "metadata": {
        "job_ids": [
            "cfs7pnjlcn34i2123n30",
            "cg2s3e1ks250ech85tn0"
        ],
        "backends": [
            "ibm_nairobi"
        ],
        "n": 3,
        "J": 1,
        "h": 0.5,
        "beta": 1e-10,
        "ancilla_reps": 1,
        "system_reps": 2,
        "optimizer": "SPSA",
        "min_kwargs": {
            "maxiter": 300
        },
        "shots": 1024,
        "noise_model": null
    },
    "calculated_result": [
        {
            "params": {
                "__type__": "ndarray",
                "__value__": "eJyb7BfqGxDJyFDGUK2eklqcXKRupaBuk2ahrqOgnpZfVFKUmBefX5SSChJ3S8wpTgWKF2ckFqQC+RqGFjqaOgq1CuQDrt1tvXHsjz/an9xWxj6tg+/AjLmzpiVcur/f9GX35lusn/e/lZl35NO+D/snbNwyY4UGl4Oj0qyXS9yf76+a0W+etIvtwP+YtKvs9n/t50ftuO999/F+hm0zvKb/e2ivW5+rcnj2X3uR5sXrP5QxHHg2+23Nxn0sB06Eh6x2/XTJ/qyVr5OF3kP79g/fX6Vt/7C/zchmjtAJgQMAo9hrCA=="
            },
            "cost": -20647474572.074905,
            "energy": -0.03910716462632554,
            "entropy": 2.0647474572035796,
            "rho": {
                "__type__": "ndarray",
                "__value__": "eJydU89LFHEUXy9BeunSbQ8DElOxhzwUgwSflaAuGpu5hgTpsK55iFZndVVEVwVFKOyHXQqFRMTVKCILvX0KD+slsP6FvXSMIDoE2b430wTv6Lt8eO/75n0+78csX892ZHoaEqXEpNufL+YCt9VxL+daLrkpxx0oBCOBf7+3EPTn5eGqf6+Yr8eLg/5Qvu6f9VKOdy7lTDnHtcYrSzVv6dUBEpG1il+bhyfY/IwnJTizSI3nnvDXUd3Ky3y9LTaKXsVurCk+4FuB8zPMZMUmwrrpdXzQ90mGLOmIr4uGD+VkdTiJj7GeW1Lm9Bo29PspnrqtAbbU06rDi3ynfPMc1/dO7iveYafy+xFfJsIJnFEcwUt977D9wfDhmsSb9mM97ap3Fp+FfmWBW5r3FO1a726UV4r4LvCPzIvP+VPwqIhQ7yOmuyX/Isw8bX8wfKiI+20v1hNaX+QPsE11jLFLcZxvlG+OSpct47vyDPK9YsnuD2aeMP3R8GFV9Bz+39eo+N40C6I3eRM92s5jVsSt+vyt/b7AYcRr7sXuz84Tpj8YPt6Qee3sxnq+ar0hhPkBKur34YvmP6S5T5h7sfuz86TpD4aPP0TeiU+xHr3z2gLGVPe/Ocb/g71Pey80+7PzpOkPho+bggc7sZ6/QwfRKg=="
            },
            "noiseless_rho": {
                "__type__": "ndarray",
                "__value__": "eJyb7BfqGxDJyFDGUK2eklqcXKRupaBuk2xopq6joJ6WX1RSlJgXn1+UkgqScEvMKU4FihdnJBakAvkaFjoKFpo6CrUK5AIuoUk1gZp/D9szQEGTW/utzX+qbGB8r+LEzYafJ8P581QFuD7tnr4fxp++cZ6y3t3UPTA+wzGTyzWyC+DynvmFixT/rYabv/gFY85F6wC4enT71vf9Td9/bh9c/TLpEyuEy7fD+YfTT5ywzoyBq3991Pb3mpVL4fZpXsnqX8vfAjc/5eGMtWe0G+Dqr0xLimjXmgpXj+4/dPv6z236qCtwHs5vYOJ6wBDTCVcfLRon36eB8O8OFu6q3IIeuP2v7xZwt27pgqtfMmtSlYnhErh69PBE9x+6fbry/66cNl4Hd8/ElgK2FSfz4PaFR857+Kl6JlxeYI5Y2BXlCrj5zLxFbwQzk+Hq0eMPPTzR/Ydu38rLL1SePjgCt8/ipsWEqJpuuHtVlb68+7lJAM5/9a7ndIX/Urh69PSCHn/o4YnuP3T77PRnMzht34RIL8GuC/dOSIfzix3rPNZH5cLVo6dP9PSCHn/o4YnuP3T7cqYukBVethvO7/yoH/v4egjcP+j5AT19oqcX9PhDD090/6HbV28svr/n7ma4egDQORi6"
            },
            "sigma": {
                "__type__": "ndarray",
                "__value__": "eJyb7BfqGxDJyFDGUK2eklqcXKRupaBuk2ahrqOgnpZfVFKUmBefX5SSChJ3S8wpTgWKF2ckFqQC+RoWOpo6CrUKFACuwL7HFn2rj9rvAFKPb6y237gKCLZdsJdiAIKCjfb8IFrigL0GiH6wwv5+oczxwifH7ReA1HNsswcA3vg3BA=="
            },
            "noiseless_sigma": {
                "__type__": "ndarray",
                "__value__": "eJyb7BfqGxDJyFDGUK2eklqcXKRupaBuk2ahrqOgnpZfVFKUmBefX5SSChJ3S8wpTgWKF2ckFqQC+RoWOpo6CrUKFACu92sU9dY82WFfuLuUZ1bnavtj5xseqLZcsff7d2TlkXeL7bmihGadVdpkb/30xcaT09fa31hzV/3sk5P2j47/lVDwPmIPAKkAPu4="
            },
            "eigenvalues": {
                "__type__": "ndarray",
                "__value__": "eJyb7BfqGxDJyFDGUK2eklqcXKRupaBuk2ahrqOgnpZfVFKUmBefX5SSChJ3S8wpTgWKF2ckFqQC+RoWOpo6CrUKFAAuDQYgeLDCfsdji77HN1bbS4H4BRvtF4D4HNvs+UF8iQP2gX1AgdVH7e8XyhwvfHLcfuMqINh2wR4AR/g3BA=="
            },
            "noiseless_eigenvalues": {
                "__type__": "ndarray",
                "__value__": "eJyb7BfqGxDJyFDGUK2eklqcXKRupaBuk2ahrqOgnpZfVFKUmBefX5SSChJ3S8wpTgWKF2ckFqQC+RoWOpo6CrUKFAAuv39HVh55t9i+cHcpz6zO1fbWT19sPDl9rT1XlNCss0qb7N+vUdRb82SH/aPjfyUUvI/Y31hzV/3sk5P2x843PFBtuWIPALEoPu4="
            },
            "hamiltonian_eigenvalues": {
                "__type__": "ndarray",
                "__value__": "eJyb7BfqGxDJyFDGUK2eklqcXKRupaBuk2ahrqOgnpZfVFKUmBefX5SSChJ3S8wpTgWKF2ckFqQC+RoWOpo6CrUKFACulhNXWoKf/ToYkfnRcOHxNwc5mmcvmt349CDDhjeK26WmOjYcEnn/9MkbR42qc4HMWt8dWfQ/Sin1/Hfk+Ptvj+sDRicA07k9lQ=="
            },
            "noiseless_hamiltonian_eigenvalues": {
                "__type__": "ndarray",
                "__value__": "eJyb7BfqGxDJyFDGUK2eklqcXKRupaBuk2ahrqOgnpZfVFKUmBefX5SSChJ3S8wpTgWKF2ckFqQC+RoWOpo6CrUKFACuX/ZVS1a4MB7adm/GwV9JHw8ueHLBdcPcBwcbNvftjT332PFAc/PRys1fHbdU2Jxx9/jruKIqL/f0t/+ON1p+2FcxsDkBADPUQPk="
            }
        },
        {
            "params": {
                "__type__": "ndarray",
                "__value__": "eJyb7BfqGxDJyFDGUK2eklqcXKRupaBuk2ahrqOgnpZfVFKUmBefX5SSChJ3S8wpTgWKF2ckFqQC+RqGFjqaOgq1CuQDrr1W9cZ7BD/b61ktPc3sdHb/p5o5rjuK39vfj7w9hSXllb2Lx27hFz0cBy4KNBgkeDzcb9b/TKcy6v7+p+8sNXUTPtmrZnY+ZP/x2l6vQ0jkPDvDgdsV9ya5nPy8v+j+yc0ftrA65IfUlLtoPt8fd7/+ZsyGw/tN25QXn3//xN7u+reOZG92hytTmhYHxFy0f6D/iatp6Z39AFzQZgY="
            },
            "cost": -20727079718.022408,
            "energy": 0.12647453317397897,
            "entropy": 2.0727079718148884,
            "rho": {
                "__type__": "ndarray",
                "__value__": "eJydU01oE1EQjuChBPFkbznsbTXk4sGyFnFOehAM/gWa0phsk01LG0yysaWohURTo6GJhgQJUmgPRSGKaKCUBuyEKAa8iAfBgwgS6CE3wVsLujO7JjhH5/Lx5s2b75ufV/UHLl4KHnItum6rMSMTNdVxRT0TPTmm+hQ1njRvmvqNcNKMGXRxXk9kDMufmdVThnU+rvkU7YRPWVb+19ythmW33oPLMb3c08q9OO5/SHu66RgGyE5twC/Lqx3NY5DOC8/xGb1rVHCEX9Vg7zfZVWyyPwdtxjheo/jRKh7hRCGHJ+HgEgo+eE3Hr62BnjeUZq5m6wg8hE3GGfjBeor4lHmm4fALwkm8TtdfngDr895HO0vBwXvg5ffzEGIsyvpA8GGMYOvdQM9Hkjn1GLOEnjBc4bg7ELXzOXF/ebO4zfpK4ObjI7D7swIvbZT9lPWB4EPXacvvfzvQY1vKOZeQ83pz8IqxAhHOdw4vM5Yw6fSR4/o1EPMD0U9ZHwo+WKN5TQz3p8M6TXxAfu0uFDhfGr9xPQXc4f7WcZ39eRD7AmJ+sp8g6kPBhwa/b/+7P/06mqzfcPoegWPWq+7PVRD7KfdFzg9FP2V9IPjwLPF8bg70tD+R4IPd7xRfXkbxH+R+yn0BMT/ZTxT1oeCDDl1fGP6vP/VKydE="
            },
            "noiseless_rho": {
                "__type__": "ndarray",
                "__value__": "eJyb7BfqGxDJyFDGUK2eklqcXKRupaBuk2xopq6joJ6WX1RSlJgXn1+UkgqScEvMKU4FihdnJBakAvkaFjoKFpo6CrUK5AKuqf4+RstOHbFngAJvXZeyRn03Gxj/RVvW9uLbyXtg/FfG1Uxz87fuh/HfeDv9+h0RBlcvWHL28tfvk+DmPd+gtmarRTKcf1rOaI2wfD3cPHT77rdV9bL93AxXnxT4qJHDcT7cPnO2uWZHM1Lg6pdyRH93d1kEV79l2fxjm+Oa4PISH6Yde6uZDbdPsjWbR2fJBrh6dP+h2+deaH2w6PZBuPr+V3/0Ffxa4ebrTgrIUZy7Bi5/Jnh+mkVTE9w8meI5y2fvLIard0rk2TY5uxiuHj080f2Hbl/y6TkT1zDshuvXvzrPc8WrSLh81Z4lzswik+HmqZd97PwoUwVXf0/mj8P8pja4evT4Qw9PdP+h27dx8bu1Kw4j0o/JItX/3pwpcP+3Hux8u0osA66eZ4Me9wOOxXD3oacX9PhDD090/6Hb94bfdm9B/CFEfKn9uyOpjbBPlyFi9pOrDXDz0dMnenpBjz/08ET3H7p9IvrmfzUPINJbVAlH2zU9hPno+QE9faKnF/T4Qw9PdP+h2xftpSp8PxIRPgBuKQ5z"
            },
            "sigma": {
                "__type__": "ndarray",