{
  "metrics": {
    "exact_purity": 0.125,
    "calculated_fidelity": [
      0.978972033891306
    ],
    "calculated_trace_distance": [
      0.04985753872512277
    ],
    "calculated_relative_entropy": [
      0.04253356416725601
    ],
    "calculated_purity": [
      0.135812217990558
    ],
    "calculated_kullback_leibler_divergence": [
      0.0022059903225031437
    ],
    "noiseless_fidelity": [
      0.9933387648945429
    ],
    "noiseless_trace_distance": [
      0.023858330894156773
    ],
    "noiseless_relative_entropy": [
      0.01363981416096579
    ],
    "noiseless_purity": [
      0.12816963273010043
    ],
    "noiseless_kullback_leibler_divergence": [
      0.0136398141396126
    ]
  },
  "metadata": {
    "job_ids": [
      "cfhnhp8upmfi9d1kqnc0"
    ],
    "backends": [
      "ibm_nairobi"
    ],
    "n": 3,
    "J": 1,
    "h": 0.5,
    "beta": 1e-10,
    "ancilla_reps": 1,
    "system_reps": 2,
    "optimizer": "SPSA",
    "min_kwargs": {
      "maxiter": 300
    },
    "shots": 1024,
    "noise_model": null
  }
}
