{
  "metrics": {
    "exact_purity": 0.5024484093498863,
    "calculated_fidelity": [
      0.6239601891593151
    ],
    "calculated_trace_distance": [
      0.24723546188808854
    ],
    "calculated_relative_entropy": [
      0.6260615427005645
    ],
    "calculated_purity": [
      0.2596243638315328
    ],
    "calculated_kullback_leibler_divergence": [
      0.3724322578332723
    ],
    "noiseless_fidelity": [
      0.9597483271055097
    ],
    "noiseless_trace_distance": [
      0.07806995524688067
    ],
    "noiseless_relative_entropy": [
      0.14201475828605614
    ],
    "noiseless_purity": [
      0.4758493580168788
    ],
    "noiseless_kullback_leibler_divergence": [
      0.022653769091135815
    ]
  },
  "metadata": {
    "job_ids": [
      "cfhnhqj5aiqr6rm5p0g0"
    ],
    "backends": [
      "ibm_nairobi"
    ],
    "n": 3,
    "J": 1,
    "h": 0.5,
    "beta": 2,
    "ancilla_reps": 1,
    "system_reps": 2,
    "optimizer": "SPSA",
    "min_kwargs": {
      "maxiter": 300
    },
    "shots": 1024,
    "noise_model": null
  }
}
