{
  "metrics": {
    "exact_purity": 0.514603318756586,
    "calculated_fidelity": [
      0.5054214277154495
    ],
    "calculated_trace_distance": [
      0.2690784424464252
    ],
    "calculated_relative_entropy": [
      0.7680060522010106
    ],
    "calculated_purity": [
      0.201631669644957
    ],
    "calculated_kullback_leibler_divergence": [
      0.56517667427553
    ],
    "noiseless_fidelity": [
      0.9825678603069212
    ],
    "noiseless_trace_distance": [
      0.06788781744737758
    ],
    "noiseless_relative_entropy": [
      0.05091215623366237
    ],
    "noiseless_purity": [
      0.49434399537062323
    ],
    "noiseless_kullback_leibler_divergence": [
      0.013575147582433241
    ]
  },
  "metadata": {
    "job_ids": [
      "cfhnhqtrc8da01sehkb0"
    ],
    "backends": [
      "ibm_nairobi"
    ],
    "n": 3,
    "J": 1,
    "h": 0.5,
    "beta": 4,
    "ancilla_reps": 1,
    "system_reps": 2,
    "optimizer": "SPSA",
    "min_kwargs": {
      "maxiter": 300
    },
    "shots": 1024,
    "noise_model": null
  }
}
