{
  "n": 3,
  "J": 1.0,
  "h": 0.5,
  "beta": 1e-08,
  "calculated_result": {
    "n": 3,
    "J": 1.0,
    "h": 0.5,
    "beta": 1e-08,
    "params": [
      7.873787795800237,
      4.6445924508698555,
      3.136070201007532,
      -0.005941507855248135,
      1.573759769627245,
      3.140936723550298,
      1.577572236735278,
      3.0739336092675535,
      3.941335513025004,
      3.8144776109681113
    ],
    "cost": -207720292.12180272,
    "energy": 0.012702161654186972,
    "entropy": 2.077202921345049,
    "rho": [
      [
        [
          0.12804158528645868,
          0.0
        ],
        [
          0.0067206488715277875,
          -0.003729926215277786
        ],
        [
          -0.0009528266059027717,
          -0.004309760199652783
        ],
        [
          -0.0033060709635416557,
          -0.0004272460937500052
        ],
        [
          -0.00045437282986112034,
          0.0005052354600694412
        ],
        [
          0.00013224283854166956,
          -0.002370198567708333
        ],
        [
          -0.0004374186197916557,
          0.002777099609374994
        ],
        [
          -0.002777099609375,
          -0.00390625
        ]
      ],
      [
        [
          0.0067206488715277875,
          0.003729926215277786
        ],
        [
          0.12797376844618089,
          0.0
        ],
        [
          -0.00041707356770833565,
          -6.1035156249994796e-05
        ],
        [
          0.006513807508680558,
          -0.0024990505642361123
        ],
        [
          -0.0016174316406250052,
          -0.0009460449218749965
        ],
        [
          -0.0023871527777777736,
          -0.0016920301649305581
        ],
        [
          -0.000274658203125,
          -0.00189208984375
        ],
        [
          0.0026753743489583235,
          0.00045776367187500173
        ]
      ],
      [
        [
          -0.0009528266059027717,
          0.004309760199652783
        ],
        [
          -0.00041707356770833565,
          6.1035156249994796e-05
        ],
        [
          0.12419637044270868,
          0.0
        ],
        [
          -0.0016004774305555414,
          -0.0007798936631944575
        ],
        [
          -0.001271565755208334,
          -0.0010070800781249948
        ],
        [
          -0.003814697265625,
          -0.00286865234375
        ],
        [
          -0.001532660590277771,
          -0.0005933973524305581
        ],
        [
          -0.00029500325520833565,
          0.0020853678385416696
        ]
      ],
      [
        [
          -0.0033060709635416557,
          0.0004272460937500052
        ],
        [
          0.006513807508680558,
          0.0024990505642361123
        ],
        [
          -0.0016004774305555414,
          0.0007798936631944575
        ],
        [
          0.11550225151909757,
          0.0
        ],
        [
          -0.002777099609375,
          0.003662109375
        ],
        [
          0.00025431315104166956,
          0.0014343261718749983
        ],
        [
          -9.1552734375e-05,
          0.0016784667968750017
        ],
        [
          0.0011732313368055455,
          0.0013597276475694343
        ]
      ],
      [
        [
          -0.00045437282986112034,
          -0.0005052354600694412
        ],
        [
          -0.0016174316406250052,
          0.0009460449218749965
        ],
        [
          -0.001271565755208334,
          0.0010070800781249948
        ],
        [
          -0.002777099609375,
          -0.003662109375
        ],
        [
          0.13783433702256978,
          0.0
        ],
        [
          0.0002102322048611184,
          -0.0007392035590277845
        ],
        [
          0.0032789442274305577,
          -0.00622219509548611
        ],
        [
          0.00047810872395832697,
          0.0006103515625000035
        ]
      ],
      [
        [
          0.00013224283854166956,
          0.002370198567708333
        ],
        [
          -0.0023871527777777736,
          0.0016920301649305581
        ],
        [
          -0.003814697265625,
          0.00286865234375
        ],
        [
          0.00025431315104166956,
          -0.0014343261718749983
        ],
        [
          0.0002102322048611184,
          0.0007392035590277845
        ],
        [
          0.12417602539062537,
          0.0
        ],
        [
          -0.0002950032552083339,
          -0.0006103515624999896
        ],
        [
          0.0046420627170138985,
          -0.0024583604600694514
        ]
      ],
      [
        [
          -0.0004374186197916557,
          -0.002777099609374994
        ],
        [
          -0.000274658203125,
          0.00189208984375
        ],
        [
          -0.001532660590277771,
          0.0005933973524305581
        ],
        [
          -9.1552734375e-05,
          -0.0016784667968750017
        ],
        [
          0.0032789442274305577,
          0.00622219509548611
        ],
        [
          -0.0002950032552083339,
          0.0006103515624999896
        ],
        [
          0.12239244249131985,
          0.0
        ],
        [
          0.005683051215277782,
          -0.0056016710069444475
        ]
      ],
      [
        [
          -0.002777099609375,
          0.00390625
        ],
        [
          0.0026753743489583235,
          -0.00045776367187500173
        ],
        [
          -0.00029500325520833565,
          -0.0020853678385416696
        ],
        [
          0.0011732313368055455,
          -0.0013597276475694343
        ],
        [
          0.00047810872395832697,
          -0.0006103515625000035
        ],
        [
          0.0046420627170138985,
          0.0024583604600694514
        ],
        [
          0.005683051215277782,
          0.0056016710069444475
        ],
        [
          0.11988321940104203,
          0.0
        ]
      ]
    ],