{
  "n": 3,
  "J": 1.0,
  "h": 0.5,
  "beta": 0.2,
  "calculated_result": {
    "n": 3,
    "J": 1.0,
    "h": 0.5,
    "beta": 0.2,
    "params": [
      0.7483730476714319,
      4.673522216798299,
      1.5646621851391644,
      4.837799821024106,
      2.304663201991327,
      3.33750514233045,
      3.18968341099587,
      5.545690509757557,
      2.0947419139526176,
      -0.2337590053895912
    ],
    "cost": -10.493209166891074,
    "energy": -0.24161983366670453,
    "entropy": 2.050317866644874,
    "rho": [
      [
        [
          0.15268961588541705,
          0.0
        ],
        [
          0.00036621093750000607,
          -0.0015631781684027853
        ],
        [
          0.007832845052083336,
          -0.0029907226562500126
        ],
        [
          0.008076985677083353,
          0.0030212402343749983
        ],
        [
          0.002431233723958327,
          0.0016106499565972183
        ],
        [
          0.005015055338541662,
          0.0017700195312500026
        ],
        [
          0.019927978515624997,
          -0.0023498535156249974
        ],
        [
          -0.001129150390625,
          0.00225830078125
        ]
      ],
      [
        [
          0.00036621093750000607,
          0.0015631781684027853
        ],
        [
          0.12065294053819475,
          0.0
        ],
        [
          0.020690917968750003,
          -0.0018412272135416687
        ],
        [
          0.0023600260416666817,
          -0.0066731770833333304
        ],
        [
          0.019968668619791675,
          0.0019327799479166618
        ],
        [
          -0.002024332682291662,
          -0.0009528266059027749
        ],
        [
          -0.002960205078125,
          0.0
        ],
        [
          -0.001251220703124974,
          0.0007019042968749887
        ]
      ],
      [
        [
          0.007832845052083336,
          0.0029907226562500126
        ],
        [
          0.020690917968750003,
          0.0018412272135416687
        ],
        [
          0.132548014322917,
          0.0
        ],
        [
          0.0019531250000000026,
          -0.002966986762152775
        ],
        [
          0.0026143391927083226,
          0.0014139811197916618
        ],
        [
          -9.1552734375e-05,
          0.001708984375
        ],
        [
          -0.0018208821614583326,
          -0.002743191189236107
        ],
        [
          0.011057535807291671,
          -0.0010986328124999957
        ]
      ],
      [
        [
          0.008076985677083353,
          -0.0030212402343749983
        ],
        [
          0.0023600260416666817,
          0.0066731770833333304
        ],
        [
          0.0019531250000000026,
          0.002966986762152775
        ],
        [
          0.10067409939236141,
          0.0
        ],
        [
          0.006988525390625,
          -0.00250244140625
        ],
        [
          -0.004770914713541667,
          -0.0007832845052083278
        ],
        [
          -0.0014546712239583252,
          -0.0002034505208333261
        ],
        [
          0.0015360514322916646,
          0.002017550998263881
        ]
      ],
      [
        [
          0.002431233723958327,
          -0.0016106499565972183
        ],
        [
          0.019968668619791675,
          -0.0019327799479166618
        ],
        [
          0.0026143391927083226,
          -0.0014139811197916618
        ],
        [
          0.006988525390625,
          0.00250244140625
        ],
        [
          0.14572482638888923,
          0.0
        ],
        [
          0.004231770833333339,
          -0.004859076605902783
        ],
        [
          0.004191080729166686,
          -0.005452473958333343
        ],
        [
          0.02132161458333334,
          -0.002471923828124994
        ]
      ],
      [
        [
          0.005015055338541662,
          -0.0017700195312500026
        ],
        [
          -0.002024332682291662,
          0.0009528266059027749
        ],
        [
          -9.1552734375e-05,
          -0.001708984375
        ],
        [
          -0.004770914713541667,
          0.0007832845052083278
        ],
        [
          0.004231770833333339,
          0.004859076605902783
        ],
        [
          0.1050618489583337,
          0.0
        ],
        [
          0.01025390625000002,
          0.0023091634114583356
        ],
        [
          0.007385253906250006,
          -0.002054850260416678
        ]
      ],
      [
        [
          0.019927978515624997,
          0.0023498535156249974
        ],
        [
          -0.002960205078125,
          0.0
        ],
        [
          -0.0018208821614583326,
          0.002743191189236107
        ],
        [
          -0.0014546712239583252,
          0.0002034505208333261
        ],
        [
          0.004191080729166686,
          0.005452473958333343
        ],
        [
          0.01025390625000002,
          -0.0023091634114583356
        ],
        [
          0.13363986545138923,
          0.0
        ],
        [
          0.0033772786458333348,
          -0.00015936957465278426
        ]
      ],
      [
        [
          -0.001129150390625,
          -0.00225830078125
        ],
        [
          -0.001251220703124974,
          -0.0007019042968749887
        ],
        [
          0.011057535807291671,
          0.0010986328124999957
        ],
        [
          0.0015360514322916646,
          -0.002017550998263881
        ],
        [
          0.02132161458333334,
          0.002471923828124994
        ],
        [
          0.007385253906250006,
          0.002054850260416678
        ],
        [
          0.0033772786458333348,
          0.00015936957465278426
        ],
        [
          0.10900878906250032,
          0.0
        ]
      ]
    ],