{
  "n": 3,
  "J": 1.0,
  "h": 0.5,
  "beta": 0.5,
  "calculated_result": {
    "n": 3,
    "J": 1.0,
    "h": 0.5,
    "beta": 0.5,
    "params": [
      1.3862954486155608,
      4.4597421112399775,
      2.5033047320593917,
      5.804310574429534,
      2.9153904009443847,
      1.6980919556216416,
      4.6303373412646565,
      2.96684042014249,
      1.645810305474435,
      -0.4928048722165392
    ],
    "cost": -4.432074136031813,
    "energy": -0.876140901440944,
    "entropy": 1.777966617295435,
    "rho": [
      [
        [
          0.1902872721354172,
          0.0
        ],
        [
          0.005259195963541679,
          -0.0038214789496527676
        ],
        [
          0.005069308810763896,
          -0.004553900824652788
        ],
        [
          0.04435221354166667,
          -0.0012003580729166678
        ],
        [
          -0.0025024414062499974,
          0.0036858452690972186
        ],
        [
          0.0617268880208334,
          0.001617431640624993
        ],
        [
          0.035959879557291685,
          -0.003072102864583333
        ],
        [
          0.003326416015625,
          -0.0047607421875
        ]
      ],
      [
        [
          0.005259195963541679,
          0.0038214789496527676
        ],
        [
          0.14196777343750044,
          0.0
        ],
        [
          0.04239908854166671,
          -0.0006917317708333322
        ],
        [
          0.0039910210503472324,
          -0.0017666286892361242
        ],
        [
          0.07137044270833338,
          -0.0035909016927083365
        ],
        [
          -0.001627604166666669,
          0.0002475314670138968
        ],
        [
          0.001068115234375,
          -0.00250244140625
        ],
        [
          0.030588785807291685,
          0.002360026041666668
        ]
      ],
      [
        [
          0.005069308810763896,
          0.004553900824652788
        ],
        [
          0.04239908854166671,
          0.0006917317708333322
        ],
        [
          0.10192192925347264,
          0.0
        ],
        [
          0.0015360514322916685,
          -0.003923204210069453
        ],
        [
          0.05772908528645837,
          0.00036621093749999306
        ],
        [
          0.001373291015625,
          0.00347900390625
        ],
        [
          0.0021769205729166713,
          -0.002722846137152766
        ],
        [
          0.047627766927083405,
          0.0014953613281250052
        ]
      ],
      [
        [
          0.04435221354166667,
          0.0012003580729166678
        ],
        [
          0.0039910210503472324,
          0.0017666286892361242
        ],
        [
          0.0015360514322916685,
          0.003923204210069453
        ],
        [
          0.1092664930555559,
          0.0
        ],
        [
          0.004119873046875,
          0.003662109375
        ],
        [
          0.027211507161458388,
          -0.0016479492187499965
        ],
        [
          0.037984212239583405,
          0.0016581217447916626
        ],
        [
          0.0008544921875000052,
          0.0012851291232638864
        ]
      ],
      [
        [
          -0.0025024414062499974,
          -0.0036858452690972186
        ],
        [
          0.07137044270833338,
          0.0035909016927083365
        ],
        [
          0.05772908528645837,
          -0.00036621093749999306
        ],
        [
          0.004119873046875,
          -0.003662109375
        ],
        [
          0.1399400499131949,
          0.0
        ],
        [
          -5.086263020832177e-05,
          -0.0003017849392361225
        ],
        [
          0.004194471571180566,
          -0.0035569932725694545
        ],
        [
          0.01029459635416672,
          0.0027058919270833304
        ]
      ],
      [
        [
          0.0617268880208334,
          -0.001617431640624993
        ],
        [
          -0.001627604166666669,
          -0.0002475314670138968
        ],
        [
          0.001373291015625,
          -0.00347900390625
        ],
        [
          0.027211507161458388,
          0.0016479492187499965
        ],
        [
          -5.086263020832177e-05,
          0.0003017849392361225
        ],
        [
          0.1347113715277781,
          0.0
        ],
        [
          0.015909830729166696,
          0.002360026041666672
        ],
        [
          0.005191379123263896,
          -0.0033331976996527797
        ]
      ],
      [
        [
          0.035959879557291685,
          0.003072102864583333
        ],
        [
          0.001068115234375,
          0.00250244140625
        ],
        [
          0.0021769205729166713,
          0.002722846137152766
        ],
        [
          0.037984212239583405,
          -0.0016581217447916626
        ],
        [
          0.004194471571180566,
          0.0035569932725694545
        ],
        [
          0.015909830729166696,
          -0.002360026041666672
        ],
        [
          0.10040283203125035,
          0.0
        ],
        [
          0.0011088053385416685,
          -0.0016242133246527778
        ]
      ],
      [
        [
          0.003326416015625,
          0.0047607421875
        ],
        [
          0.030588785807291685,
          -0.002360026041666668
        ],
        [
          0.047627766927083405,
          -0.0014953613281250052
        ],
        [
          0.0008544921875000052,
          -0.0012851291232638864
        ],
        [
          0.01029459635416672,
          -0.0027058919270833304
        ],
        [
          0.005191379123263896,
          0.0033331976996527797
        ],
        [
          0.0011088053385416685,
          0.0016242133246527778
        ],
        [
          0.08150227864583369,
          0.0
        ]
      ]
    ],