{
  "n": 3,
  "J": 1.0,
  "h": 0.5,
  "beta": 0.8,
  "calculated_result": {
    "n": 3,
    "J": 1.0,
    "h": 0.5,
    "beta": 0.8,
    "params": [
      2.5273483422990957,
      4.229870403446135,
      7.85792661683882,
      7.314590414171164,
      4.179600555510682,
      7.774567715896481,
      2.2490673234988305,
      2.89853158333071,
      4.996121688607195,
      5.9492213798650955
    ],
    "cost": -3.4283603607040276,
    "energy": -1.720430103798519,
    "entropy": 1.3663442055244068,
    "rho": [
      [
        [
          0.27635701497395876,
          0.0
        ],
        [
          0.006303575303819451,
          -0.00858222113715278
        ],
        [
          0.009192572699652787,
          -0.006852891710069441
        ],
        [
          0.10687255859375003,
          -0.001149495442708327
        ],
        [
          0.0005493164062499959,
          0.000545925564236114
        ],
        [
          0.08493041992187507,
          0.0018412272135416652
        ],
        [
          0.07592773437500003,
          0.0008951822916666626
        ],
        [
          0.00750732421875,
          -0.003021240234375
        ]
      ],
      [
        [
          0.006303575303819451,
          0.00858222113715278
        ],
        [
          0.1690639919704865,
          0.0
        ],
        [
          0.10837809244791671,
          0.0043843587239583304
        ],
        [
          0.004513210720486129,
          0.0011223687065972034
        ],
        [
          0.08114624023437504,
          0.0033671061197916565
        ],
        [
          0.00048828124999998894,
          0.001909044053819443
        ],
        [
          0.00714111328125,
          0.003082275390625
        ],
        [
          0.0462036132812501,
          0.0016276041666666765
        ]
      ],
      [
        [
          0.009192572699652787,
          0.006852891710069441
        ],
        [
          0.10837809244791671,
          -0.0043843587239583304
        ],
        [
          0.12796020507812544,
          0.0
        ],
        [
          0.003129747178819449,
          -0.00245836046006945
        ],
        [
          0.0546671549479167,
          0.005187988281249994
        ],
        [
          0.004638671875,
          -0.001495361328125
        ],
        [
          -0.00010172526041666869,
          -0.0015496148003472166
        ],
        [
          0.03329467773437508,
          -0.00023396809895833304
        ]
      ],
      [
        [
          0.10687255859375003,
          0.001149495442708327
        ],
        [
          0.004513210720486129,
          -0.0011223687065972034
        ],
        [
          0.003129747178819449,
          0.00245836046006945
        ],
        [
          0.08235337999131984,
          0.0
        ],
        [
          0.006591796875,
          0.005096435546875
        ],
        [
          0.02494303385416672,
          -0.003967285156250002
        ],
        [
          0.0357360839843751,
          -0.0018819173177083296
        ],
        [
          8.138020833333825e-05,
          0.0005459255642361071
        ]
      ],
      [
        [
          0.0005493164062499959,
          -0.000545925564236114
        ],
        [
          0.08114624023437504,
          -0.0033671061197916565
        ],
        [
          0.0546671549479167,
          -0.005187988281249994
        ],
        [
          0.006591796875,
          -0.005096435546875
        ],
        [
          0.12626478407118094,
          0.0
        ],
        [
          0.0026414659288194592,
          -0.0014614529079861225
        ],
        [
          0.00522528754340279,
          0.001325819227430541
        ],
        [
          0.05059814453125011,
          0.001841227213541666
        ]
      ],
      [
        [
          0.08493041992187507,
          -0.0018412272135416652
        ],
        [
          0.00048828124999998894,
          -0.001909044053819443
        ],
        [
          0.004638671875,
          0.001495361328125
        ],
        [
          0.02494303385416672,
          0.003967285156250002
        ],
        [
          0.0026414659288194592,
          0.0014614529079861225
        ],
        [
          0.08004760742187537,
          0.0
        ],
        [
          0.04770914713541678,
          -0.0032450358072916644
        ],
        [
          0.0021328396267361206,
          -0.006323920355902776
        ]
      ],
      [
        [
          0.07592773437500003,
          -0.0008951822916666626
        ],
        [
          0.00714111328125,
          -0.003082275390625
        ],
        [
          -0.00010172526041666869,
          0.0015496148003472166
        ],
        [
          0.0357360839843751,
          0.0018819173177083296
        ],
        [
          0.00522528754340279,
          -0.001325819227430541
        ],
        [
          0.04770914713541678,
          0.0032450358072916644
        ],
        [
          0.08309258355034752,
          0.0
        ],
        [
          0.0006883409288194497,
          -0.0016852484809027834
        ]
      ],
      [
        [
          0.00750732421875,
          0.003021240234375
        ],
        [
          0.0462036132812501,
          -0.0016276041666666765
        ],
        [
          0.03329467773437508,
          0.00023396809895833304
        ],
        [
          8.138020833333825e-05,
          -0.0005459255642361071
        ],
        [
          0.05059814453125011,
          -0.001841227213541666
        ],
        [
          0.0021328396267361206,
          0.006323920355902776
        ],
        [
          0.0006883409288194497,
          0.0016852484809027834
        ],
        [
          0.054860432942708585,
          0.0
        ]
      ]
    ],
    "noiseless_rho": [
      [
        0.2944557123142798,
        -3.969973804504547e-17,
        8.540161262734372e-17,
        0.1347871559848531,
        4.2318243404299777e-17,
        0.11144503281780747,
        0.10083671702365066,
        -2.408825731072565e-17
      ],
      [
        -3.969973804504547e-17,
        0.17728463792051352,
        0.13279659040793945,
        4.517233931153565e-17,
        0.10745569248777868,
        1.3277620573734458e-17,
        -1.885500855165105e-17,
        0.05671140327836668
      ],
      [
        8.540161262734372e-17,
        0.13279659040793945,
        0.12769171149976125,
        9.169714585993163e-17,
        0.06629320166442354,
        5.796451614089056e-17,
        3.1670075940102486e-17,
        0.04257203317078804
      ],
      [
        0.1347871559848531,
        4.517233931153565e-17,
        9.169714585993163e-17,
        0.08369575888859705,
        5.749744060762631e-17,
        0.03706004470870511,
        0.04664542825461861,
        1.0967843390524377e-17
      ],
      [
        4.2318243404299777e-17,
        0.10745569248777868,
        0.06629320166442354,
        5.749744060762631e-17,
        0.1078492049289415,
        4.092570308563008e-17,
        1.7145594563077505e-17,
        0.0542096290106871
      ],
      [
        0.11144503281780747,
        1.3277620573734458e-17,
        5.796451614089056e-17,
        0.03706004470870511,
        4.092570308563008e-17,
        0.0726031556927253,
        0.05197680271823898,
        5.976478965735e-18
      ],
      [
        0.10083671702365066,
        -1.885500855165105e-17,
        3.167007594010248e-17,
        0.04664542825461862,
        1.7145594563077505e-17,
        0.051976802718238985,
        0.07983797215837388,
        -4.256661553177763e-19
      ],
      [
        -2.4088257310725648e-17,
        0.05671140327836668,
        0.042572033170788046,
        1.096784339052438e-17,
        0.0542096290106871,
        5.9764789657349984e-18,
        -4.256661553177763e-19,
        0.05658184659680758
      ]
    ],