{
  "n": 3,
  "J": 1.0,
  "h": 0.5,
  "beta": 1.0,
  "calculated_result": {
    "n": 3,
    "J": 1.0,
    "h": 0.5,
    "beta": 1.0,
    "params": [
      0.7674461407174582,
      4.250627569896932,
      1.7254483857409937,
      5.355933368629953,
      3.484169963005725,
      0.3224443110545661,
      1.9184079312801587,
      5.034273924310571,
      3.256973124834254,
      2.7774547202540822
    ],
    "cost": -3.078248526610642,
    "energy": -1.8751432316917445,
    "entropy": 1.2031052949188976,
    "rho": [
      [
        [
          0.2798563639322919,
          0.0
        ],
        [
          0.008310953776041676,
          -0.006601969401041668
        ],
        [
          0.008260091145833348,
          -0.005126953125000005
        ],
        [
          0.11693318684895843,
          0.00018310546874999827
        ],
        [
          -0.0008205837673611149,
          0.0020209418402777693
        ],
        [
          0.09773763020833333,
          -1.017252604166869e-05
        ],
        [
          0.07906087239583337,
          -0.005503336588541669
        ],
        [
          -0.003936767578125,
          -0.002044677734375
        ]
      ],
      [
        [
          0.008310953776041676,
          0.006601969401041668
        ],
        [
          0.14350382486979216,
          0.0
        ],
        [
          0.1126607259114584,
          -0.0001627604166666765
        ],
        [
          0.0038655598958333395,
          -0.0042724609375000035
        ],
        [
          0.08107503255208344,
          0.0032043457031249957
        ],
        [
          -0.0014309353298611219,
          0.0004950629340277767
        ],
        [
          0.003143310546875,
          -0.003082275390625
        ],
        [
          0.04134114583333341,
          0.0011494954427083348
        ]
      ],
      [
        [
          0.008260091145833348,
          0.005126953125000005
        ],
        [
          0.1126607259114584,
          0.0001627604166666765
        ],
        [
          0.15012953016493108,
          0.0
        ],
        [
          0.0004577636718750067,
          -0.003957112630208339
        ],
        [
          0.0748087565104167,
          -0.0030212402343749965
        ],
        [
          0.002288818359375,
          -0.000946044921875
        ],
        [
          0.002251519097222221,
          -0.0007459852430555503
        ],
        [
          0.019185384114583426,
          -0.0028788248697916635
        ]
      ],
      [
        [
          0.11693318684895843,
          -0.00018310546874999827
        ],
        [
          0.0038655598958333395,
          0.0042724609375000035
        ],
        [
          0.0004577636718750067,
          0.003957112630208339
        ],
        [
          0.08201429578993087,
          0.0
        ],
        [
          0.002288818359375,
          0.001678466796875
        ],
        [
          0.046854654947916755,
          0.004241943359374994
        ],
        [
          0.03584798177083341,
          -0.004791259765624984
        ],
        [
          -0.001410590277777774,
          0.0013902452256944419
        ]
      ],
      [
        [
          -0.0008205837673611149,
          -0.0020209418402777693
        ],
        [
          0.08107503255208344,
          -0.0032043457031249957
        ],
        [
          0.0748087565104167,
          0.0030212402343749965
        ],
        [
          0.002288818359375,
          -0.001678466796875
        ],
        [
          0.15350002712673655,
          0.0
        ],
        [
          0.004160563151041671,
          -0.003061930338541671
        ],
        [
          0.004292805989583348,
          -0.0031127929687500065
        ],
        [
          0.06615193684895843,
          -0.00018310546875000173
        ]
      ],
      [
        [
          0.09773763020833333,
          1.017252604166869e-05
        ],
        [
          -0.0014309353298611219,
          -0.0004950629340277767
        ],
        [
          0.002288818359375,
          0.000946044921875
        ],
        [
          0.046854654947916755,
          -0.004241943359374994
        ],
        [
          0.004160563151041671,
          0.003061930338541671
        ],
        [
          0.07529364691840312,
          0.0
        ],
        [
          0.04820760091145844,
          -0.0007731119791666644
        ],
        [
          0.0009969075520833374,
          0.00018310546874998916
        ]
      ],
      [
        [
          0.07906087239583337,
          0.005503336588541669
        ],
        [
          0.003143310546875,
          0.003082275390625
        ],
        [
          0.002251519097222221,
          0.0007459852430555503
        ],
        [
          0.03584798177083341,
          0.004791259765624984
        ],
        [
          0.004292805989583348,
          0.0031127929687500065
        ],
        [
          0.04820760091145844,
          0.0007731119791666644
        ],
        [
          0.06967163085937533,
          0.0
        ],
        [
          0.001434326171875005,
          0.0019022623697916613
        ]
      ],
      [
        [
          -0.003936767578125,
          0.002044677734375
        ],
        [
          0.04134114583333341,
          -0.0011494954427083348
        ],
        [
          0.019185384114583426,
          0.0028788248697916635
        ],
        [
          -0.001410590277777774,
          -0.0013902452256944419
        ],
        [
          0.06615193684895843,
          0.00018310546875000173
        ],
        [
          0.0009969075520833374,
          -0.00018310546874998916
        ],
        [
          0.001434326171875005,
          -0.0019022623697916613
        ],
        [
          0.04603068033854189,
          0.0
        ]
      ]
    ],
    "noiseless_rho": [
      [
        0.2856181704084864,
        -6.345761643541423e-17,
        -1.469833639283792e-17,
        0.14183290291340772,
        -7.672392931283043e-17,
        0.12431879432052483,
        0.1048453610288822,
        8.69342110365698e-18
      ],
      [
        -6.345761643541423e-17,
        0.1545500527960111,
        0.13161209491804274,
        5.803017694357199e-18,
        0.10158503242888353,
        1.023743634159268e-18,
        -1.0150219978477222e-17,
        0.05101228297784102
      ],
      [
        -1.469833639283792e-17,
        0.13161209491804274,
        0.16273079306596003,
        3.568346511163455e-17,
        0.09516467345647332,
        2.2112183782444726e-17,
        1.2575126427484211e-17,
        0.02533386527891734
      ],
      [
        0.14183290291340772,
        5.803017694357199e-18,
        3.568346511163455e-17,
        0.08147316067278373,
        -1.6254642072522745e-17,
        0.061565005521977,
        0.049095351237611724,
        9.604128046940521e-18
      ],
      [
        -7.672392931283043e-17,
        0.10158503242888353,
        0.09516467345647332,
        -1.6254642072522745e-17,
        0.1440909279885561,
        -2.6568309535287382e-18,
        -2.2844131847790515e-17,
        0.06845160726376757
      ],
      [
        0.12431879432052483,
        1.023743634159268e-18,
        2.2112183782444726e-17,
        0.061565005521977,
        -2.6568309535287382e-18,
        0.06941444860307701,
        0.05553431225894323,
        2.1444800607539518e-17
      ],
      [
        0.10484536102888221,
        -1.0150219978477224e-17,
        1.2575126427484211e-17,
        0.04909535123761172,
        -2.284413184779051e-17,
        0.05553431225894323,
        0.0582149414401368,
        6.0839917327500155e-18
      ],
      [
        8.693421103656983e-18,
        0.05101228297784102,
        0.025333865278917338,
        9.604128046940521e-18,
        0.06845160726376756,
        2.1444800607539514e-17,
        6.0839917327500155e-18,
        0.0439075050249884
      ]
    ],