{
  "n": 3,
  "J": 1.0,
  "h": 0.5,
  "beta": 1.2,
  "calculated_result": {
    "n": 3,
    "J": 1.0,
    "h": 0.5,
    "beta": 1.2,
    "params": [
      6.329839921040791,
      4.32530858788365,
      2.7957765755360873,
      6.212543568811333,
      1.783849139787774,
      0.2852939955769118,
      0.37999980982917025,
      2.8745837509227132,
      4.958914698287264,
      5.767230634979735
    ],
    "cost": -2.930398326197283,
    "energy": -1.9942424550923996,
    "entropy": 1.12338704532586,
    "rho": [
      [
        [
          0.3440856933593755,
          0.0
        ],
        [
          0.006717258029513887,
          -0.0036756727430555663
        ],
        [
          0.00506252712673613,
          -0.004160563151041663
        ],
        [
          0.11762491861979166,
          -0.0005594889322916696
        ],
        [
          -0.00103420681423612,
          0.0019632975260416674
        ],
        [
          0.13672892252604163,
          0.003184000651041668
        ],
        [
          0.09355672200520843,
          -0.0016886393229166635
        ],
        [
          0.003753662109375,
          -0.0029296875
        ]
      ],
      [
        [
          0.006717258029513887,
          0.0036756727430555663
        ],
        [
          0.15588717990451442,
          0.0
        ],
        [
          0.09742228190104171,
          0.006500244140624995
        ],
        [
          0.004675971137152786,
          -0.003468831380208341
        ],
        [
          0.09766642252604167,
          0.00013224283854167043
        ],
        [
          -0.0007086859809027877,
          0.0001932779947916674
        ],
        [
          0.003875732421875,
          -0.00048828125
        ],
        [
          0.043019612630208426,
          0.003499348958333332
        ]
      ],
      [
        [
          0.00506252712673613,
          0.004160563151041663
        ],
        [
          0.09742228190104171,
          -0.006500244140624995
        ],
        [
          0.09793090820312549,
          0.0
        ],
        [
          -7.798936631943495e-05,
          -0.0035536024305555663
        ],
        [
          0.06395467122395838,
          0.004353841145833323
        ],
        [
          0.002655029296875,
          0.0003662109375
        ],
        [
          -0.0005459255642361112,
          -0.0011494954427083335
        ],
        [
          0.028208414713541793,
          -0.0020650227864583313
        ]
      ],
      [
        [
          0.11762491861979166,
          0.0005594889322916696
        ],
        [
          0.004675971137152786,
          0.003468831380208341
        ],
        [
          -7.798936631943495e-05,
          0.0035536024305555663
        ],
        [
          0.06870863172743084,
          0.0
        ],
        [
          0.002777099609375,
          0.00439453125
        ],
        [
          0.0436909993489584,
          -0.0024210611979166687
        ],
        [
          0.04358927408854177,
          0.002695719401041667
        ],
        [
          -0.0005866156684027791,
          0.0001322428385416726
        ]
      ],
      [
        [
          -0.00103420681423612,
          -0.0019632975260416674
        ],
        [
          0.09766642252604167,
          -0.00013224283854167043
        ],
        [
          0.06395467122395838,
          -0.004353841145833323
        ],
        [
          0.002777099609375,
          -0.00439453125
        ],
        [
          0.1345587836371532,
          0.0
        ],
        [
          -9.833441840276366e-05,
          -0.003960503472222229
        ],
        [
          0.004208034939236119,
          -0.0032653808593750035
        ],
        [
          0.042551676432291796,
          0.00023396809895833304
        ]
      ],
      [
        [
          0.13672892252604163,
          -0.003184000651041668
        ],
        [
          -0.0007086859809027877,
          -0.0001932779947916674
        ],
        [
          0.002655029296875,
          -0.0003662109375
        ],
        [
          0.0436909993489584,
          0.0024210611979166687
        ],
        [
          -9.833441840276366e-05,
          0.003960503472222229
        ],
        [
          0.09312947591145868,
          0.0
        ],
        [
          0.04981486002604174,
          -0.0006408691406249939
        ],
        [
          0.0026007758246527866,
          -0.0030619303385416713
        ]
      ],
      [
        [
          0.09355672200520843,
          0.0016886393229166635
        ],
        [
          0.003875732421875,
          0.00048828125
        ],
        [
          -0.0005459255642361112,
          0.0011494954427083335
        ],
        [
          0.04358927408854177,
          -0.002695719401041667
        ],
        [
          0.004208034939236119,
          0.0032653808593750035
        ],
        [
          0.04981486002604174,
          0.0006408691406249939
        ],
        [
          0.06377834743923637,
          0.0
        ],
        [
          0.0033603244357638907,
          -0.0013970269097222294
        ]
      ],
      [
        [
          0.003753662109375,
          0.0029296875
        ],
        [
          0.043019612630208426,
          -0.003499348958333332
        ],
        [
          0.028208414713541793,
          0.0020650227864583313
        ],
        [
          -0.0005866156684027791,
          -0.0001322428385416726
        ],
        [
          0.042551676432291796,
          -0.00023396809895833304
        ],
        [
          0.0026007758246527866,
          0.0030619303385416713
        ],
        [
          0.0033603244357638907,
          0.0013970269097222294
        ],
        [
          0.04192097981770856,
          0.0
        ]
      ]
    ],
    "noiseless_rho": [
      [
        0.36700111324186724,
        1.865619884870483e-17,
        3.587813168151633e-17,
        0.14670602494551888,
        -3.5227517869466276e-17,
        0.16832452915414942,
        0.12138075022297753,
        -1.7737933875128875e-17
      ],
      [
        1.865619884870483e-17,
        0.16440581788817998,
        0.11103393808513082,
        1.0711211398824347e-16,
        0.1257576603006191,
        5.381170419369383e-17,
        1.357196432168147e-17,
        0.04970541331609896
      ],
      [
        3.587813168151633e-17,
        0.11103393808513082,
        0.0949926953669531,
        8.381864994722328e-17,
        0.08254238926920618,
        4.9245666788030695e-17,
        1.4721717074830732e-17,
        0.037562775544003654
      ],
      [
        0.14670602494551888,
        1.0711211398824347e-16,
        8.381864994722328e-17,
        0.07179416022184044,
        6.833518626970129e-17,
        0.06214843911780298,
        0.053097066969936824,
        2.7739782165996556e-17
      ],
      [
        -3.5227517869466276e-17,
        0.1257576603006191,
        0.08254238926920618,
        6.833518626970129e-17,
        0.11638644859316237,
        1.4754510663455226e-17,
        -6.493116382350449e-18,
        0.044457003582416534
      ],
      [
        0.16832452915414942,
        5.381170419369383e-17,
        4.9245666788030695e-17,
        0.06214843911780298,
        1.4754510663455226e-17,
        0.08790210647408676,
        0.05644438055054337,
        6.6101474003118075e-18
      ],
      [
        0.12138075022297752,
        1.357196432168147e-17,
        1.472171707483073e-17,
        0.053097066969936824,
        -6.493116382350449e-18,
        0.05644438055054338,
        0.05916905733026237,
        -2.8875939671307077e-18
      ],
      [
        -1.7737933875128872e-17,
        0.04970541331609896,
        0.037562775544003654,
        2.773978216599655e-17,
        0.04445700358241654,
        6.6101474003118075e-18,
        -2.8875939671307077e-18,
        0.03834860088364781
      ]
    ],