{
  "n": 3,
  "J": 1.0,
  "h": 0.5,
  "beta": 2.0,
  "calculated_result": {
    "n": 3,
    "J": 1.0,
    "h": 0.5,
    "beta": 2.0,
    "params": [
      3.2330124170628327,
      1.2089644383480047,
      3.335626173769911,
      5.478418252558637,
      1.350479071743796,
      2.917857510170351,
      3.9256313145003565,
      3.3720901673740142,
      1.3487525747315934,
      2.633766912874896
    ],
    "cost": -2.5697761692049164,
    "energy": -2.195599146571036,
    "entropy": 0.7483540452677613,
    "rho": [
      [
        [
          0.35240681966145865,
          0.0
        ],
        [
          0.0007832845052083454,
          -0.004347059461805553
        ],
        [
          0.010633680555555561,
          -0.006100124782986115
        ],
        [
          0.13747151692708331,
          -0.003529866536458328
        ],
        [
          -0.002159966362847223,
          -0.002421061197916652
        ],
        [
          0.14990234375,
          -0.004018147786458331
        ],
        [
          0.10565185546875006,
          -0.000701904296875
        ],
        [
          0.004974365234375,
          -0.00067138671875
        ]
      ],
      [
        [
          0.0007832845052083454,
          0.004347059461805553
        ],
        [
          0.16760592990451434,
          0.0
        ],
        [
          0.1005859375,
          -0.001373291015624994
        ],
        [
          0.0029025607638888985,
          -0.004208034939236121
        ],
        [
          0.11071777343750008,
          0.0029805501302083287
        ],
        [
          0.0008511013454861117,
          0.0005696614583333268
        ],
        [
          0.004425048828125,
          -0.00238037109375
        ],
        [
          0.0475463867187501,
          0.0017395019531250035
        ]
      ],
      [
        [
          0.010633680555555561,
          0.006100124782986115
        ],
        [
          0.1005859375,
          0.001373291015624994
        ],
        [
          0.0879753960503477,
          0.0
        ],
        [
          0.002756754557291667,
          -0.0035942925347222272
        ],
        [
          0.07458496093750008,
          0.0029195149739583365
        ],
        [
          0.006378173828125,
          0.00146484375
        ],
        [
          -0.001569959852430555,
          0.0024617513020833356
        ],
        [
          0.03485107421875015,
          0.0023295084635416557
        ]
      ],
      [
        [
          0.13747151692708331,
          0.003529866536458328
        ],
        [
          0.0029025607638888985,
          0.004208034939236121
        ],
        [
          0.002756754557291667,
          0.0035942925347222272
        ],
        [
          0.06796942816840307,
          0.0
        ],
        [
          0.004119873046875,
          0.008544921875
        ],
        [
          0.06201171875000008,
          0.0032857259114583435
        ],
        [
          0.04901123046875007,
          -0.0001932779947916661
        ],
        [
          0.0019293891059027778,
          -0.000651041666666662
        ]
      ],
      [
        [
          -0.002159966362847223,
          0.002421061197916652
        ],
        [
          0.11071777343750008,
          -0.0029805501302083287
        ],
        [
          0.07458496093750008,
          -0.0029195149739583365
        ],
        [
          0.004119873046875,
          -0.008544921875
        ],
        [
          0.13647800021701437,
          0.0
        ],
        [
          0.004119873046875005,
          -0.0019666883680555577
        ],
        [
          0.0005018446180555692,
          -0.0014817979600694564
        ],
        [
          0.04561360677083347,
          0.0021464029947916618
        ]
      ],
      [
        [
          0.14990234375,
          0.004018147786458331
        ],
        [
          0.0008511013454861117,
          -0.0005696614583333268
        ],
        [
          0.006378173828125,
          -0.00146484375
        ],
        [
          0.06201171875000008,
          -0.0032857259114583435
        ],
        [
          0.004119873046875005,
          0.0019666883680555577
        ],
        [
          0.09828355577256974,
          0.0
        ],
        [
          0.06085205078125007,
          0.002105712890625001
        ],
        [
          0.003757052951388903,
          -0.00349595811631945
        ]
      ],
      [
        [
          0.10565185546875006,
          0.000701904296875
        ],
        [
          0.004425048828125,
          0.00238037109375
        ],
        [
          -0.001569959852430555,
          -0.0024617513020833356
        ],
        [
          0.04901123046875007,
          0.0001932779947916661
        ],
        [
          0.0005018446180555692,
          0.0014817979600694564
        ],
        [
          0.06085205078125007,
          -0.002105712890625001
        ],
        [
          0.056535508897569725,
          0.0
        ],
        [
          0.0013326009114583359,
          0.0015936957465277734
        ]
      ],
      [
        [
          0.004974365234375,
          0.00067138671875
        ],
        [
          0.0475463867187501,
          -0.0017395019531250035
        ],
        [
          0.03485107421875015,
          -0.0023295084635416557
        ],
        [
          0.0019293891059027778,
          0.000651041666666662
        ],
        [
          0.04561360677083347,
          -0.0021464029947916618
        ],
        [
          0.003757052951388903,
          0.00349595811631945
        ],
        [
          0.0013326009114583359,
          -0.0015936957465277734
        ],
        [
          0.03274536132812521,
          0.0
        ]
      ]
    ],
    "noiseless_rho": [
      [
        0.3780275376735169,
        8.049703593562274e-17,
        2.990654824510205e-17,
        0.16449257360988787,
        -4.153271264416622e-17,
        0.1906645759176898,
        0.13801440566652481,
        2.9543304237048556e-18
      ],
      [
        8.049703593562274e-17,
        0.1744444674412983,
        0.11994876669304888,
        4.780051067557586e-17,
        0.13987642986025928,
        3.220069581709835e-17,
        1.809713473767048e-17,
        0.06262718270129855
      ],
      [
        2.990654824510205e-17,
        0.11994876669304888,
        0.08649589230139244,
        2.190442199881324e-17,
        0.0986074369424429,
        9.509333048640291e-18,
        3.1508846446777115e-18,
        0.045396786282485196
      ],
      [
        0.16449257360988787,
        4.780051067557586e-17,
        2.190442199881324e-17,
        0.07203379987183371,
        -7.74580088182443e-18,
        0.08269438886069455,
        0.06048235536074009,
        5.8177743809643115e-18
      ],
      [
        -4.153271264416622e-17,
        0.13987642986025928,
        0.0986074369424429,
        -7.74580088182443e-18,
        0.11549437132054591,
        -2.7372053015175732e-17,
        -2.4140022802263222e-17,
        0.04982364626960592
      ],
      [
        0.1906645759176898,
        3.220069581709835e-17,
        9.509333048640291e-18,
        0.08269438886069455,
        -2.7372053015175732e-17,
        0.09635256907154716,
        0.0694345335621075,
        -1.5870199938101266e-18
      ],
      [
        0.13801440566652481,
        1.809713473767048e-17,
        3.1508846446777127e-18,
        0.060482355360740085,
        -2.414002280226322e-17,
        0.0694345335621075,
        0.05107091541974327,
        -3.156692602273056e-18
      ],
      [
        2.9543304237048556e-18,
        0.06262718270129855,
        0.045396786282485196,
        5.8177743809643115e-18,
        0.04982364626960591,
        -1.5870199938101266e-18,
        -3.156692602273056e-18,
        0.026080446900122005
      ]
    ],