{
  "n": 3,
  "J": 1.0,
  "h": 0.5,
  "beta": 5.0,
  "calculated_result": {
    "n": 3,
    "J": 1.0,
    "h": 0.5,
    "beta": 5.0,
    "params": [
      3.129052914312525,
      4.244023850457376,
      3.068932728209616,
      5.43509275417566,
      3.1087464394425623,
      -1.7194893410926333,
      0.8616728450556843,
      1.8299435234534485,
      3.291631140596774,
      2.723385136530517
    ],
    "cost": -2.4144461137222977,
    "energy": -2.266191369223788,
    "entropy": 0.7412737224925471,
    "rho": [
      [
        [
          0.34693739149305586,
          0.0
        ],
        [
          0.0025600857204861145,
          -0.004458957248263893
        ],
        [
          0.008392333984375016,
          -0.003597683376736115
        ],
        [
          0.15285237630208345,
          -0.0001831054687499948
        ],
        [
          -0.001268174913194442,
          0.008290608723958327
        ],
        [
          0.13943481445312503,
          0.002685546874999999
        ],
        [
          0.10745239257812501,
          0.0019531249999999913
        ],
        [
          0.0078125,
          -0.006256103515625
        ]
      ],
      [
        [
          0.0025600857204861145,
          0.004458957248263893
        ],
        [
          0.15212673611111163,
          0.0
        ],
        [
          0.11344401041666675,
          0.002054850260416666
        ],
        [
          0.0060526529947916834,
          -0.003699408637152776
        ],
        [
          0.10757446289062501,
          0.005594889322916664
        ],
        [
          0.0011732313368055455,
          -0.003143310546874989
        ],
        [
          0.00128173828125,
          -0.000396728515625
        ],
        [
          0.0429382324218751,
          -0.0014038085937499948
        ]
      ],
      [
        [
          0.008392333984375016,
          0.003597683376736115
        ],
        [
          0.11344401041666675,
          -0.002054850260416666
        ],
        [
          0.1142239040798616,
          0.0
        ],
        [
          0.0018683539496527782,
          -0.0008375379774305685
        ],
        [
          0.08285522460937512,
          -0.001993815104166654
        ],
        [
          0.0089111328125,
          0.000396728515625
        ],
        [
          0.001641167534722215,
          -0.004770914713541657
        ],
        [
          0.03659057617187515,
          -0.0023803710937499974
        ]
      ],
      [
        [
          0.15285237630208345,
          0.0001831054687499948
        ],
        [
          0.0060526529947916834,
          0.003699408637152776
        ],
        [
          0.0018683539496527782,
          0.0008375379774305685
        ],
        [
          0.09055582682291695,
          0.0
        ],
        [
          0.00531005859375,
          0.004547119140625
        ],
        [
          0.0704650878906251,
          0.0005086263020833356
        ],
        [
          0.048553466796875125,
          -0.002034505208333328
        ],
        [
          -0.003363715277777771,
          0.0001525878906249935
        ]
      ],
      [
        [
          -0.001268174913194442,
          -0.008290608723958327
        ],
        [
          0.10757446289062501,
          -0.005594889322916664
        ],
        [
          0.08285522460937512,
          0.001993815104166654
        ],
        [
          0.00531005859375,
          -0.004547119140625
        ],
        [
          0.12638346354166716,
          0.0
        ],
        [
          0.004289415147569455,
          -0.004275851779513893
        ],
        [
          0.005340576171875012,
          -0.004757351345486112
        ],
        [
          0.04884847005208348,
          0.004760742187499992
        ]
      ],
      [
        [
          0.13943481445312503,
          -0.002685546874999999
        ],
        [
          0.0011732313368055455,
          0.003143310546874989
        ],
        [
          0.0089111328125,
          -0.000396728515625
        ],
        [
          0.0704650878906251,
          -0.0005086263020833356
        ],
        [
          0.004289415147569455,
          0.004275851779513893
        ],
        [
          0.08924696180555586,
          0.0
        ],
        [
          0.057413736979166755,
          -0.0008138020833333339
        ],
        [
          0.002024332682291672,
          0.0003899468315972112
        ]
      ],
      [
        [
          0.10745239257812501,
          -0.0019531249999999913
        ],
        [
          0.00128173828125,
          0.000396728515625
        ],
        [
          0.001641167534722215,
          0.004770914713541657
        ],
        [
          0.048553466796875125,
          0.002034505208333328
        ],
        [
          0.005340576171875012,
          0.004757351345486112
        ],
        [
          0.057413736979166755,
          0.0008138020833333339
        ],
        [
          0.05370415581597245,
          0.0
        ],
        [
          0.0012783474392361138,
          -0.000410291883680559
        ]
      ],
      [
        [
          0.0078125,
          0.006256103515625
        ],
        [
          0.0429382324218751,
          0.0014038085937499948
        ],
        [
          0.03659057617187515,
          0.0023803710937499974
        ],
        [
          -0.003363715277777771,
          -0.0001525878906249935
        ],
        [
          0.04884847005208348,
          -0.004760742187499992
        ],
        [
          0.002024332682291672,
          -0.0003899468315972112
        ],
        [
          0.0012783474392361138,
          0.000410291883680559
        ],
        [
          0.026821560329861355,
          0.0
        ]
      ]
    ],
    "noiseless_rho": [
      [
        0.3726108739488745,
        -3.8328168628173026e-17,
        -2.9525603528417173e-17,
        0.18806356063189442,
        -6.280462870040898e-17,
        0.1787441996906596,
        0.1325909334829062,
        -1.0232217618097072e-17
      ],
      [
        -3.8328168628173026e-17,
        0.1576183392110306,
        0.13518377311952112,
        5.882646438598985e-17,
        0.12854618259689618,
        4.2604041122427495e-17,
        -7.072316398729984e-18,
        0.05611660970260937
      ],
      [
        -2.9525603528417173e-17,
        0.13518377311952112,
        0.1160701168276316,
        5.213895438389482e-17,
        0.11031471413349184,
        3.826540545787748e-17,
        -4.7703554838814584e-18,
        0.04810676041359186
      ],
      [
        0.18806356063189442,
        5.882646438598985e-17,
        5.213895438389482e-17,
        0.09512134588404456,
        3.211466627882951e-17,
        0.09024748694970205,
        0.06678980756178594,
        2.2637141155426335e-17
      ],
      [
        -6.280462870040898e-17,
        0.12854618259689618,
        0.11031471413349184,
        3.211466627882951e-17,
        0.10499458192683289,
        1.963533662153407e-17,
        -1.702488853592327e-17,
        0.04581312596375373
      ],
      [
        0.1787441996906596,
        4.2604041122427495e-17,
        3.826540545787748e-17,
        0.09024748694970205,
        1.963533662153407e-17,
        0.0860605492417103,
        0.06384523314217266,
        1.689021360426764e-17
      ],
      [
        0.1325909334829062,
        -7.072316398729987e-18,
        -4.770355483881458e-18,
        0.06678980756178594,
        -1.702488853592327e-17,
        0.06384523314217266,
        0.047502033465290416,
        -1.2063788926899347e-18
      ],
      [
        -1.0232217618097072e-17,
        0.05611660970260938,
        0.04810676041359186,
        2.2637141155426332e-17,
        0.04581312596375373,
        1.6890213604267642e-17,
        -1.2063788926899347e-18,
        0.020022159494585603
      ]
    ],