{
  "one_qubit_t1": 0.001998001332666921,
  "one_qubit_t2": 0.0009990006663334605,
  "one_qubit_depo": 0.0001,
  "two_qubit_t1": 0.003992010656008516,
  "two_qubit_t2": 0.001996005328004258,
  "two_qubit_depo": 0.01,
  "readout": 0.001
}
