{
  "metrics": {
    "exact_purity": 0.3482450223805722,
    "calculated_fidelity": [
      0.9667269000959794,
      0.9627041517588286,
      0.9748167936285959,
      0.9504953366797629,
      0.9474389905047971,
      0.972044116031655,
      0.9601254200776722,
      0.9636132649035023,
      0.9678184573514949,
      0.8066972059822117
    ],
    "calculated_trace_distance": [
      0.0818984125613982,
      0.0800034736228417,
      0.08826641994336068,
      0.07092638583184088,
      0.08216187269315486,
      0.09382387350274261,
      0.10706615568500821,
      0.0867188404812019,
      0.08157801638115764,
      0.2541642333268241
    ],
    "calculated_relative_entropy": [
      -0.04050535849964834,
      -0.014629725619725437,
      -0.03101326053813952,
      0.002511603046573895,
      0.02022475610402162,
      -0.011402242809699453,
      -0.022139576917480704,
      -0.017610706278043828,
      -0.04253049424747661,
      0.3796777286101276
    ],
    "calculated_purity": [
      0.3888462036848068,
      0.369471974670887,
      0.4040563702583313,
      0.3687695860862732,
      0.355354480445385,
      0.38757359236478806,
      0.40225110203027725,
      0.38081901520490646,
      0.4092304855585098,
      0.2566840648651123
    ],
    "calculated_kullback_leibler_divergence": [
      Infinity,
      0.0230300956116466,
      Infinity,
      0.01317331760829308,
      0.009403688723736408,
      0.02741313987322181,
      0.04233980522702542,
      0.017217060226319754,
      0.04467358272609511,
      0.17411557024945046
    ],
    "noiseless_fidelity": [
      0.9270783889461449,
      0.9481269258787839,
      0.939388800888798,
      0.9561150371592121,
      0.9508042901953192,
      0.9440413278218267,
      0.9399682858803123,
      0.9585521418544246,
      0.9459854869610503,
      0.8183397644976109
    ],
    "noiseless_trace_distance": [
      0.0399237484577834,
      0.030807439373124926,
      0.05930639591074165,
      0.026192670798608757,
      0.0297328055643283,
      0.04422390075204912,
      0.0462284475705764,
      0.035763263486273456,
      0.048241373914071586,
      0.23969862961886002
    ],
    "noiseless_relative_entropy": [
      0.3229084301427361,
      0.16542168477549518,
      0.27496161813031383,
      0.14032293918786096,
      0.13295161168302821,
      0.21501815884231945,
      0.24180043599665896,
      0.12926553409028002,
      0.20312212113423006,
      0.4133946347123699
    ],
    "noiseless_purity": [
      0.3807431030644349,
      0.35976802051599044,
      0.40313212012651883,
      0.3571366149529456,
      0.3463536349737475,
      0.3838356060666295,
      0.3891566327076471,
      0.37073645387445886,
      0.4010626184474655,
      0.25054285392645015
    ],
    "noiseless_kullback_leibler_divergence": [
      0.04332461170116215,
      0.02272145570163783,
      0.06564087561100757,
      0.01315626692458429,
      0.009321656053504997,
      0.02872186176427589,
      0.04303787126362576,
      0.017375342416059626,
      0.0432660701760434,
      0.17801474779960486
    ]
  },
  "metadata": {
    "job_ids": [
      null
    ],
    "backends": [
      null
    ],
    "n": 5,
    "J": 1.0,
    "h": 0.5,
    "beta": 1.0,
    "ancilla_reps": 1,
    "system_reps": 4,
    "optimizer": "SPSA",
    "min_kwargs": {
      "maxiter": 500
    },
    "shots": 4096,
    "noise_model": null
  }
}
