{
  "metrics": {
    "exact_purity": 0.3482450223805722,
    "calculated_fidelity": [
      0.8914918538057865,
      0.9701712166195471,
      0.7487235144654817,
      0.889208922182903,
      0.9701125055419333,
      0.9360682709125584,
      0.9071819426406885,
      0.9243421265942703,
      0.899881455423178,
      0.9543809559509602
    ],
    "calculated_trace_distance": [
      0.18528695962274874,
      0.11412105176002815,
      0.3106057159075965,
      0.1387149855974612,
      0.16968374581847995,
      0.17683687391900604,
      0.1493775214294523,
      0.16779249677596061,
      0.20157086316206108,
      0.1261166601207985
    ],
    "calculated_relative_entropy": [
      0.12307547837910132,
      -0.04707288109017124,
      0.5762068194915817,
      0.13372957101579658,
      -0.029325525039788386,
      0.028685864085275507,
      0.07527044752940583,
      0.09319098004747536,
      0.1637073088214165,
      -0.0013783308306930253
    ],
    "calculated_purity": [
      0.3098335266113281,
      0.37021398544311523,
      0.4211643934249878,
      0.26558172702789307,
      0.3536731004714966,
      0.3405332565307617,
      0.3145742416381836,
      0.3696948289871216,
      0.2917064428329468,
      0.35000526905059814
    ],
    "calculated_kullback_leibler_divergence": [
      0.10666436746471218,
      Infinity,
      Infinity,
      0.08266851039559152,
      0.027024569476313712,
      Infinity,
      Infinity,
      0.02227436567133899,
      0.0798229699364078,
      0.03520543450576419
    ],
    "noiseless_fidelity": [
      0.8848926858800092,
      0.9373327203267191,
      0.7149072050473235,
      0.872410169463906,
      0.927243384386518,
      0.8912880922627328,
      0.9063773167518666,
      0.8860958942244141,
      0.8670681990253514,
      0.9163850434698975
    ],
    "noiseless_trace_distance": [
      0.11522272944470574,
      0.05458827953148508,
      0.22731573285638948,
      0.09378990654967291,
      0.057275697212779364,
      0.08922476236030805,
      0.10755769567077586,
      0.12479690897607802,
      0.1480350109819382,
      0.06206417816858612
    ],
    "noiseless_relative_entropy": [
      0.25120379711635255,
      0.1779483553991647,
      0.8695327133449939,
      0.304810413138257,
      0.19694113697236418,
      0.35129513463180917,
      0.25114501777907977,
      0.353444146342512,
      0.39226842004454776,
      0.2595299498862775
    ],
    "noiseless_purity": [
      0.27762666168205263,
      0.32723254696984927,
      0.38068475230657883,
      0.23522197665185285,
      0.32004883453447497,
      0.304488990181734,
      0.2904969136391964,
      0.3381392835616241,
      0.2582269723695716,
      0.32893192680174477
    ],
    "noiseless_kullback_leibler_divergence": [
      0.1074738313492084,
      0.019703109097995115,
      0.39601744508050246,
      0.0839672299161348,
      0.027124072636388313,
      0.05818923819454638,
      0.07053182614688148,
      0.023930815313839192,
      0.07765923440123265,
      0.035763178458116864
    ]
  },
  "metadata": {
    "job_ids": [
      null
    ],
    "backends": [
      null
    ],
    "n": 5,
    "J": 1.0,
    "h": 0.5,
    "beta": 1.0,
    "ancilla_reps": 1,
    "system_reps": 8,
    "optimizer": "SPSA",
    "min_kwargs": {
      "maxiter": 500
    },
    "shots": 1024,
    "noise_model": null
  }
}
