{
  "metrics": {
    "exact_purity": 0.3482450223805722,
    "calculated_fidelity": [
      1.0014696918415849,
      1.0232143518882355,
      1.0134223674693001,
      0.9999699580088952,
      1.0022635076122928,
      1.0076706830955535,
      0.9709385804620855,
      1.0000060589148352,
      1.0104499336610555,
      1.0039900350594497
    ],
    "calculated_trace_distance": [
      0.1042625735146926,
      0.14662003411786478,
      0.13514858062653518,
      0.16646406709325606,
      0.20400931000931388,
      0.1891548043108987,
      0.1326714805768688,
      0.12049466394115856,
      0.1368702068865223,
      0.13789058322448344
    ],
    "calculated_relative_entropy": [
      -0.07208993883013284,
      -0.12466048084495462,
      -0.09805184226141438,
      -0.09800257760819767,
      -0.08197875859469958,
      -0.08446050287251432,
      -0.03688820742066122,
      -0.09995868218804782,
      -0.1417535300284902,
      -0.10367905325714241
    ],
    "calculated_purity": [
      0.3916044235229492,
      0.4370921850204468,
      0.3948420286178589,
      0.4011908769607544,
      0.4231598377227783,
      0.39714252948760986,
      0.3789544105529785,
      0.40671420097351074,
      0.4495774507522583,
      0.406704306602478
    ],
    "calculated_kullback_leibler_divergence": [
      Infinity,
      Infinity,
      Infinity,
      0.03461548527004764,
      0.04319285963995399,
      Infinity,
      0.04234464611251273,
      Infinity,
      Infinity,
      Infinity
    ],
    "noiseless_fidelity": [
      0.9440128285933522,
      0.9578439396257661,
      0.9453592315665493,
      0.9477445402543271,
      0.9495542710414883,
      0.9650625009783447,
      0.9451909596273917,
      0.9428052898064194,
      0.9358011359769621,
      0.9357969747050702
    ],
    "noiseless_trace_distance": [
      0.032902837727029094,
      0.03614854115218276,
      0.03836149728681856,
      0.04397118442614893,
      0.03218515357428829,
      0.044407937800609615,
      0.03568266237868148,
      0.03650069455290762,
      0.059541040967620286,
      0.061823474942688
    ],
    "noiseless_relative_entropy": [
      0.17413142921092237,
      0.1605432061113648,
      0.19394400804498918,
      0.18438164260012369,
      0.17213871677722753,
      0.10023129752196192,
      0.17698330109934518,
      0.21985973738757447,
      0.28205355343053506,
      0.2598473590643767
    ],
    "noiseless_purity": [
      0.3697690094977744,
      0.3872688189284007,
      0.36638994355217125,
      0.3862433706011351,
      0.3682723886169501,
      0.3632253396474886,
      0.3662535404930245,
      0.3923570724565413,
      0.4104349192235826,
      0.38586640189252225
    ],
    "noiseless_kullback_leibler_divergence": [
      0.029366430027947213,
      0.03599282225604195,
      0.028150664900923935,
      0.03496566153261266,
      0.03868388015528972,
      0.02492527342714042,
      0.042761905202696356,
      0.037488683740245256,
      0.04595242219186736,
      0.03276444018569308
    ]
  },
  "metadata": {
    "job_ids": [
      null
    ],
    "backends": [
      null
    ],
    "n": 5,
    "J": 1.0,
    "h": 0.5,
    "beta": 1.0,
    "ancilla_reps": 1,
    "system_reps": 4,
    "optimizer": "SPSA",
    "min_kwargs": {
      "maxiter": 700
    },
    "shots": 1024,
    "noise_model": null
  }
}
