{
  "metrics": {
    "exact_purity": 0.020703601841129404,
    "calculated_fidelity": [
      0.6119949329592707,
      0.6102092735392053,
      0.6060288958720742,
      0.6066246152409586,
      0.6091743429902685,
      0.6086150584015552,
      0.6203585474566885,
      0.6205541653300644,
      0.6049059504511084,
      0.60506423595532
    ],
    "calculated_trace_distance": [
      0.0696388202159338,
      0.06907013050937284,
      0.06837749018950862,
      0.06794103903859695,
      0.07063491148273154,
      0.06760451864170683,
      0.06771850177914066,
      0.06880771298526571,
      0.06978640757547457,
      0.06929720541646452
    ],
    "calculated_relative_entropy": [
      10.115413513683201,
      9.91576476885067,
      10.151999306432318,
      10.343121596097237,
      9.94459503218629,
      10.237250940652991,
      9.447734574151147,
      9.424939974508474,
      10.399167421403671,
      10.223837956166157
    ],
    "calculated_purity": [
      0.029540656029723212,
      0.02951597419895852,
      0.02983594054038525,
      0.029724037331410585,
      0.029567888278793506,
      0.029523441891705724,
      0.029063561387580775,
      0.029237041215437888,
      0.03043450949742725,
      0.03073443231413568
    ],
    "noiseless_fidelity": [
      0.926624762954251,
      0.9291743090158578,
      0.9299589789429978,
      0.8231345866855488,
      0.9273919538201426,
      0.9053965223086724,
      0.9295682131751593,
      0.8993399704820003,
      0.9368943404226906,
      0.9367866303792458
    ],
    "noiseless_trace_distance": [
      0.02576064976762685,
      0.027208796097359517,
      0.026622202064994948,
      0.029452481339515946,
      0.026676786692713766,
      0.028886571797706772,
      0.02571415997820923,
      0.029902135725325497,
      0.02529057341233827,
      0.024083722655059765
    ],
    "noiseless_relative_entropy": [
      0.15107192703534605,
      0.14502201331816644,
      0.14345205884655468,
      0.48459455845883836,
      0.14894298422748914,
      0.1986840789916579,
      0.14425870363780025,
      0.21625483309087165,
      0.12915780793439907,
      0.1307077980019494
    ],
    "noiseless_purity": [
      0.01583853512482784,
      0.01575859525567072,
      0.015762241860746047,
      0.02125932150295743,
      0.015766686744337687,
      0.017115538502290587,
      0.015697235065509848,
      0.018745258923338923,
      0.015941216702547705,
      0.01699469644073085
    ]
  },
  "metadata": {
    "job_ids": [
      null
    ],
    "backends": [
      null
    ],
    "n": 6,
    "J": 1.0,
    "h": 0.5,
    "beta": 0.2,
    "ancilla_reps": 1,
    "system_reps": 5,
    "optimizer": "SPSA",
    "min_kwargs": {
      "maxiter": 600
    },
    "shots": 1024,
    "noise_model": "ibmq_guadalupe"
  }
}
