{
  "metrics": {
    "exact_purity": 0.18973317531478173,
    "calculated_fidelity": [
      0.4190480284528563,
      0.39129411340372955,
      0.30303698881017677,
      0.30941017623696393,
      0.3413206676399749,
      0.3128513339571732,
      0.32773856367896875,
      0.42521658283508446,
      0.3106175793016522,
      0.37102923955804934
    ],
    "calculated_trace_distance": [
      0.2900805657899441,
      0.31830108354752434,
      0.30956122464216534,
      0.29943495369267237,
      0.3085926444496111,
      0.30791908573585114,
      0.29301674531895616,
      0.2943601219169487,
      0.2997735085388596,
      0.3019596243516229
    ],
    "calculated_relative_entropy": [
      6.764850593218279,
      8.517571763971377,
      12.162510481157728,
      11.568437286398972,
      8.586356288941955,
      11.362500661977693,
      9.236628399281331,
      7.163829563146347,
      10.405683629245612,
      7.958051150363712
    ],
    "calculated_purity": [
      0.03208089484143802,
      0.031562211057655436,
      0.03136908621511775,
      0.029753238309077744,
      0.02971205232243864,
      0.02943760162879544,
      0.030075562910075952,
      0.032646211811214645,
      0.029822064366122322,
      0.030496592666421008
    ],
    "noiseless_fidelity": [
      0.5451957724668081,
      0.5177125347719709,
      0.33102970534148235,
      0.37690362874936323,
      0.43581195353801816,
      0.38141671032695873,
      0.40388134878698995,
      0.565898739642164,
      0.38708963637508337,
      0.48346422985297705
    ],
    "noiseless_trace_distance": [
      0.2643064873592031,
      0.2851186124473809,
      0.27454597391174007,
      0.28047155649131306,
      0.27451153818727986,
      0.2816908648670998,
      0.27219333958759123,
      0.25920349017066385,
      0.2748495198142745,
      0.2738583742477364
    ],
    "noiseless_relative_entropy": [
      1.0998993140793354,
      1.2412748699182898,
      2.2453404314562455,
      1.7422538235481413,
      1.6435574203443308,
      1.745083970470393,
      1.6067249311692648,
      1.1009798965804838,
      1.6936156895613559,
      1.3282955293239778
    ],
    "noiseless_purity": [
      0.022903303483312182,
      0.027057469948420947,
      0.027326494337333238,
      0.016759400449750828,
      0.02329176169992792,
      0.017462584229234773,
      0.01868172538155979,
      0.03687291336650026,
      0.017739142055330816,
      0.022266871222123154
    ]
  },
  "metadata": {
    "job_ids": [
      null
    ],
    "backends": [
      null
    ],
    "n": 6,
    "J": 1.0,
    "h": 0.5,
    "beta": 0.8,
    "ancilla_reps": 1,
    "system_reps": 5,
    "optimizer": "SPSA",
    "min_kwargs": {
      "maxiter": 600
    },
    "shots": 1024,
    "noise_model": "ibmq_guadalupe"
  }
}
