{
  "metrics": {
    "exact_purity": 0.2928518126053356,
    "calculated_fidelity": [
      0.27691620291193003,
      0.29224795611669085,
      0.20941002544210865,
      0.25333732978415346,
      0.2061344396587579,
      0.2650790218640468,
      0.2493753041437436,
      0.21527358709653283,
      0.26308604604662456,
      0.22466419829676318
    ],
    "calculated_trace_distance": [
      0.37804751773286305,
      0.38136219183853554,
      0.3915148181792859,
      0.3888872373190851,
      0.3974694721766137,
      0.39088089650364566,
      0.3854122220642554,
      0.394611875319014,
      0.3829929102526827,
      0.3956870860938587
    ],
    "calculated_relative_entropy": [
      7.355586307622152,
      7.2956796126220445,
      12.863945846213399,
      9.391018753893096,
      14.127513109956963,
      7.953971263584597,
      9.598305240054184,
      10.234379556444033,
      8.201719202994408,
      11.034515897705427
    ],
    "calculated_purity": [
      0.03177208069459378,
      0.03409737021368839,
      0.0298380274964945,
      0.030452486793799433,
      0.030807008076266247,
      0.030111061151888094,
      0.03032552474917208,
      0.03015431681279936,
      0.030665451834965163,
      0.030575003943356962
    ],
    "noiseless_fidelity": [
      0.35278822311132974,
      0.36168528110075887,
      0.23361440440281714,
      0.3086127417040545,
      0.2203777539829074,
      0.32430772947521,
      0.29501562057297726,
      0.24567565955174114,
      0.32417360740891865,
      0.2534167465509326
    ],
    "noiseless_trace_distance": [
      0.33502247767664417,
      0.3568266244568646,
      0.37070935254965,
      0.35931087360646385,
      0.35952462570989724,
      0.36183078785138056,
      0.3531044516909686,
      0.3641979578211891,
      0.35273802938067683,
      0.3615658844383506
    ],
    "noiseless_relative_entropy": [
      1.9266354592194714,
      1.8535901639677508,
      2.4785801459436962,
      2.010197352828855,
      3.268757798808535,
      1.8832960757491406,
      2.0779616880719494,
      2.3896835617782006,
      1.88477645820834,
      3.004750469095258
    ],
    "noiseless_purity": [
      0.02884748395558944,
      0.03559073016860611,
      0.017532836649733805,
      0.021137514657133694,
      0.025743783690750355,
      0.02125514380158485,
      0.023684787982780932,
      0.01931023852932674,
      0.020339425766371103,
      0.026387578515633125
    ]
  },
  "metadata": {
    "job_ids": [
      null
    ],
    "backends": [
      null
    ],
    "n": 6,
    "J": 1.0,
    "h": 0.5,
    "beta": 1.0,
    "ancilla_reps": 1,
    "system_reps": 5,
    "optimizer": "SPSA",
    "min_kwargs": {
      "maxiter": 600
    },
    "shots": 1024,
    "noise_model": "ibmq_guadalupe"
  }
}
