{
  "metrics": {
    "exact_purity": 0.375430500287981,
    "calculated_fidelity": [
      0.17302921130526852,
      0.1513131202600295,
      0.1374594712759496,
      0.16829312992615408,
      0.1593263118733063,
      0.18618784543671402,
      0.1580498332467635,
      0.14555347931083173,
      0.14696372846723357,
      0.17134086102576937
    ],
    "calculated_trace_distance": [
      0.44316112296519,
      0.44418333366687107,
      0.45442456453416225,
      0.44854360465068527,
      0.4554926334507345,
      0.4468822745597536,
      0.4380561833165669,
      0.4505479809709214,
      0.4509115259637164,
      0.44487526456654725
    ],
    "calculated_relative_entropy": [
      9.273294378839832,
      11.634138639840149,
      14.455521906197317,
      10.449685073654452,
      12.091516541904548,
      9.090465354562582,
      10.575176476206238,
      15.457407316794882,
      13.76308504527917,
      10.301462980532634
    ],
    "calculated_purity": [
      0.030420897546096,
      0.029997356912115702,
      0.030152181682901805,
      0.02993861312662355,
      0.030961300857316777,
      0.03160268928463507,
      0.02969617975441123,
      0.03110069176278713,
      0.03018304812265266,
      0.03033852373964987
    ],
    "noiseless_fidelity": [
      0.21231978511987365,
      0.16857258790871785,
      0.13896160155866905,
      0.19887156030164735,
      0.18826434607900522,
      0.2363032416208427,
      0.18122545215565797,
      0.1625184800825947,
      0.15258775869526653,
      0.20189238459962247
    ],
    "noiseless_trace_distance": [
      0.4141767858983433,
      0.42202904033694927,
      0.4202981703220203,
      0.42051644923260517,
      0.4277570439803108,
      0.41454185767777335,
      0.42712039643107885,
      0.42707826038805097,
      0.43028917267175065,
      0.41606179384400194
    ],
    "noiseless_relative_entropy": [
      2.4165688129508873,
      2.7670495119936156,
      3.674189334441116,
      2.4609658944196138,
      2.778768401455885,
      2.3546452389756425,
      2.6467734026821015,
      2.9070868751798273,
      3.213342087989764,
      2.471785894783243
    ],
    "noiseless_purity": [
      0.0214010893530521,
      0.01816073512855672,
      0.024547340682289233,
      0.01824784934214415,
      0.025337646823944893,
      0.026634885028076077,
      0.01824997094684584,
      0.022267693894184044,
      0.022959793270843895,
      0.019377722440837176
    ]
  },
  "metadata": {
    "job_ids": [
      null
    ],
    "backends": [
      null
    ],
    "n": 6,
    "J": 1.0,
    "h": 0.5,
    "beta": 1.2,
    "ancilla_reps": 1,
    "system_reps": 5,
    "optimizer": "SPSA",
    "min_kwargs": {
      "maxiter": 600
    },
    "shots": 1024,
    "noise_model": "ibmq_guadalupe"
  }
}
