{
  "metrics": {
    "exact_purity": 0.48819693130919045,
    "calculated_fidelity": [
      0.07104981339463362,
      0.26877601739979784,
      0.08686780317761064,
      0.14296200776327098,
      0.1225109576951818,
      0.14963830140675102,
      0.08921168334621674,
      0.12753779869845974,
      0.06908927089613671,
      0.051943238247275585
    ],
    "calculated_trace_distance": [
      0.5279332165421986,
      0.3986879960485967,
      0.515325995929629,
      0.5198601927687913,
      0.5308489401483126,
      0.509381650325246,
      0.5079024550567907,
      0.47176271940921355,
      0.5295502993246172,
      0.5310274385405812
    ],
    "calculated_relative_entropy": [
      9.48050378452451,
      3.4386572372998514,
      8.646428990145473,
      6.022661070146101,
      7.7418856717608,
      4.594804724441147,
      7.985487483047585,
      6.5961837568404,
      9.342645828985686,
      14.784812622261354
    ],
    "calculated_purity": [
      0.031481397259836646,
      0.060029921937989075,
      0.03527381066767353,
      0.042367612629498896,
      0.04046161959946408,
      0.03980482912586615,
      0.03302648304547472,
      0.04381424471346483,
      0.03175039416342626,
      0.03237074504016667
    ],
    "noiseless_fidelity": [
      0.10157709486318582,
      0.4500424033451059,
      0.10597562796040766,
      0.2232336373752973,
      0.17608597205273058,
      0.22622750218694326,
      0.10736857265124834,
      0.16973691952158895,
      0.08714933921210312,
      0.050207298436459304
    ],
    "noiseless_trace_distance": [
      0.48520611212254305,
      0.29682294171278806,
      0.4807233027638855,
      0.5123811620943666,
      0.5265795248328347,
      0.48738954836822396,
      0.472475975608865,
      0.44691855078815695,
      0.4981634409470377,
      0.4978690724348455
    ],
    "noiseless_relative_entropy": [
      3.0748272366854676,
      1.1323008181295453,
      2.9665515016602777,
      2.2786496404940157,
      2.9916116948237064,
      2.157245482099264,
      2.908869595494948,
      2.5073827492750222,
      3.0045817956069727,
      4.561482153631488
    ],
    "noiseless_purity": [
      0.029546521370270865,
      0.11740992587463278,
      0.041598059566971116,
      0.08012624910634836,
      0.07838923483803988,
      0.06934867298562492,
      0.03164411706612898,
      0.06037999802561998,
      0.027645921290730978,
      0.026543263574305188
    ]
  },
  "metadata": {
    "job_ids": [
      null
    ],
    "backends": [
      null
    ],
    "n": 6,
    "J": 1.0,
    "h": 0.5,
    "beta": 2.0,
    "ancilla_reps": 1,
    "system_reps": 5,
    "optimizer": "SPSA",
    "min_kwargs": {
      "maxiter": 600
    },
    "shots": 1024,
    "noise_model": "ibmq_guadalupe"
  }
}
