{
  "metrics": {
    "exact_purity": 0.5000491910541773,
    "calculated_fidelity": [
      0.12177375628920713,
      0.41588633235273004,
      0.2976198608574499,
      0.29839488664791725,
      0.3600102601951899,
      0.18001410332064594,
      0.25580921833112363,
      0.2191710464662886,
      0.03987993914778631,
      0.16354775685275913
    ],
    "calculated_trace_distance": [
      0.4183888766986865,
      0.3255753979787568,
      0.3637743332882283,
      0.48404840063088167,
      0.3325173064281277,
      0.524504408799459,
      0.44446111112448783,
      0.49533006962934056,
      0.5322501852957247,
      0.5033732672310369
    ],
    "calculated_relative_entropy": [
      9.677859145372741,
      1.9325587394981147,
      2.974855051606875,
      3.7603464393686754,
      3.952262723072592,
      7.034108714570468,
      3.8736187130585362,
      4.508549235591851,
      13.1994975763942,
      5.191681824773379
    ],
    "calculated_purity": [
      0.0811307148864409,
      0.12815261461842703,
      0.08190348399522067,
      0.08482140205932029,
      0.12123176355802356,
      0.09822480716048455,
      0.0903900085753205,
      0.09185554630615028,
      0.05088738829965364,
      0.05898979533458249
    ],
    "noiseless_fidelity": [
      0.16162974125283433,
      0.7988869814960031,
      0.5489191127677995,
      0.5651186165717162,
      0.6075116936810531,
      0.2527488493124974,
      0.4314350103045526,
      0.3718348928557496,
      0.050438925000964877,
      0.3974584845066669
    ],
    "noiseless_trace_distance": [
      0.4332582884779346,
      0.2910867162562366,
      0.2741623802872554,
      0.42135934153084137,
      0.300204736519116,
      0.5068463177592312,
      0.35155263061321157,
      0.4715369091520089,
      0.5233959643390722,
      0.4360843740685739
    ],
    "noiseless_relative_entropy": [
      4.353735600269946,
      0.6763447680138835,
      1.126405736838758,
      1.8347180371575438,
      1.4290411631705044,
      3.3665084362026483,
      1.9827733933836558,
      1.9322261887100423,
      3.9705445018254983,
      1.8169325780516552
    ],
    "noiseless_purity": [
      0.2093850816141723,
      0.43270736058159054,
      0.22673614697609185,
      0.26544606920552516,
      0.3196878394087812,
      0.3974720375112324,
      0.2777517733352425,
      0.291779061502101,
      0.12541740477436067,
      0.19751850891892653
    ]
  },
  "metadata": {
    "job_ids": [
      null
    ],
    "backends": [
      null
    ],
    "n": 6,
    "J": 1.0,
    "h": 0.5,
    "beta": 4.0,
    "ancilla_reps": 1,
    "system_reps": 5,
    "optimizer": "SPSA",
    "min_kwargs": {
      "maxiter": 600
    },
    "shots": 1024,
    "noise_model": "ibmq_guadalupe"
  }
}
