{
  "metrics": {
    "exact_purity": 0.3482450223805722,
    "calculated_fidelity": [
      0.9840606735894813,
      1.0069742103149555,
      1.0003593925200518,
      0.9917741367881374,
      0.9954848791285796,
      1.0036249096077021,
      1.018781293994643,
      0.9874022787249845,
      0.9614351161922576,
      0.9588096916347087
    ],
    "calculated_trace_distance": [
      0.12533056892763952,
      0.15716171499266476,
      0.14825897930943577,
      0.12734559319092922,
      0.12888830856314443,
      0.17012081071981955,
      0.12464193392751337,
      0.10606968896260906,
      0.19090504601550098,
      0.09842919472928023
    ],
    "calculated_relative_entropy": [
      -0.04590560699475574,
      -0.12073823074230598,
      -0.10194136198092317,
      -0.05606216891619776,
      -0.09371769605290725,
      -0.0941069344451695,
      -0.1313815475974568,
      -0.11106118207033862,
      0.007025021265971376,
      -0.014262828979196254
    ],
    "calculated_purity": [
      0.3836984634399414,
      0.4358123540878296,
      0.40750253200531006,
      0.404258131980896,
      0.408791184425354,
      0.40352582931518555,
      0.42166316509246826,
      0.4194384813308716,
      0.3481234312057495,
      0.36760127544403076
    ],
    "calculated_kullback_leibler_divergence": [
      0.04874493648526661,
      Infinity,
      Infinity,
      0.027832904214179527,
      0.01837769974514993,
      Infinity,
      Infinity,
      0.025181036526148535,
      Infinity,
      0.012772043235819517
    ],
    "noiseless_fidelity": [
      0.935463053647287,
      0.9431681049510413,
      0.9433465337341317,
      0.9470014891031846,
      0.9612889857533257,
      0.94559837252734,
      0.945479543317323,
      0.943990377046749,
      0.927097265199665,
      0.9478373675580851
    ],
    "noiseless_trace_distance": [
      0.04762463127190333,
      0.04369702712627417,
      0.03479173931740112,
      0.035299573782931214,
      0.050305124183190324,
      0.048664890673680045,
      0.04877386414275283,
      0.042044512108868316,
      0.10471414991858,
      0.05375811286921233
    ],
    "noiseless_relative_entropy": [
      0.22421812623362614,
      0.24039418177754568,
      0.17383055285742052,
      0.1851414395775454,
      0.12658508741224103,
      0.17328385735758536,
      0.175908358335528,
      0.20475825948814597,
      0.2134993208858529,
      0.16426664334727725
    ],
    "noiseless_purity": [
      0.3658401265742521,
      0.3999893357594373,
      0.3609887316298287,
      0.38411465832384173,
      0.38387118303956314,
      0.3679622906070814,
      0.3796320634351513,
      0.38635814704253413,
      0.34019244962936246,
      0.3416642587342418
    ],
    "noiseless_kullback_leibler_divergence": [
      0.048888543330689295,
      0.051866785495042575,
      0.03592415128415682,
      0.027823612494682452,
      0.018199376913263902,
      0.03528785032947179,
      0.0470194649467112,
      0.025681662436910096,
      0.03221223751624954,
      0.012166878830336122
    ]
  },
  "metadata": {
    "job_ids": [
      null
    ],
    "backends": [
      null
    ],
    "n": 5,
    "J": 1.0,
    "h": 0.5,
    "beta": 1.0,
    "ancilla_reps": 1,
    "system_reps": 4,
    "optimizer": "SPSA",
    "min_kwargs": {
      "maxiter": 600
    },
    "shots": 1024,
    "noise_model": null
  }
}
