{
  "n": 2,
  "J": 1.0,
  "h": 0.5,
  "beta": 1.2,
  "calculated_result": {
    "params": [
      2.662079857503177,
      -3.757852468461674,
      11.100187328972675,
      25.7616414807733,
      8.94078439052395,
      1.1615741659717091
    ],
    "cost": -1.8462108132574921,
    "energy": -1.1962890625,
    "entropy": 0.7799061009089905,
    "rho": [
      [
        [
          0.5953776041666669,
          0.0
        ],
        [
          -0.0003255208333333287,
          -0.020345052083333322
        ],
        [
          -0.010579427083333318,
          -0.008951822916666664
        ],
        [
          0.20458984375,
          0.0087890625
        ]
      ],
      [
        [
          -0.0003255208333333287,
          0.020345052083333322
        ],
        [
          0.15201822916666738,
          0.0
        ],
        [
          0.14697265625,
          0.0068359375
        ],
        [
          -0.004720052083333346,
          0.0017903645833333218
        ]
      ],
      [
        [
          -0.010579427083333318,
          0.008951822916666664
        ],
        [
          0.14697265625,
          -0.0068359375
        ],
        [
          0.15852864583333398,
          0.0
        ],
        [
          -0.0061848958333333495,
          0.006998697916666664
        ]
      ],
      [
        [
          0.20458984375,
          -0.0087890625
        ],
        [
          -0.004720052083333346,
          -0.0017903645833333218
        ],
        [
          -0.0061848958333333495,
          -0.006998697916666664
        ],
        [
          0.09407552083333365,
          0.0
        ]
      ]
    ],
    "noiseless_rho": [
      [
        0.5925379766437018,
        5.3189504374459185e-17,
        3.37213953314863e-17,
        0.2011338648975235
      ],
      [
        5.3189504374459185e-17,
        0.14681976060757942,
        0.14151705823756242,
        1.2614018173401776e-17
      ],
      [
        3.37213953314863e-17,
        0.14151705823756242,
        0.16802214765758128,
        5.583209567152589e-18
      ],
      [
        0.2011338648975235,
        1.2614018173401776e-17,
        5.583209567152589e-18,
        0.09262011509113753
      ]
    ],
    "sigma": [
      0.025716145833333637,
      0.010091145833334004,
      0.29752604166666746,
      0.666666666666667
    ],
    "noiseless_sigma": [
      0.021745290343725687,
      0.015507378050627744,
      0.299334530214533,
      0.6634128013911136
    ],
    "eigenvalues": [
      0.010091145833334004,
      0.025716145833333637,
      0.29752604166666746,
      0.666666666666667
    ],
    "noiseless_eigenvalues": [
      0.015507378050627744,
      0.021745290343725687,
      0.299334530214533,
      0.6634128013911136
    ],
    "hamiltonian_eigenvalues": [
      -1.5083232231673556,
      -0.8359995442463171,
      1.2043193882429493,
      1.9838699282277998
    ],
    "noiseless_hamiltonian_eigenvalues": [
      -1.5042459332448626,
      -0.8410495625354004,
      1.344087587421999,
      1.6258219909460472
    ]
  },
  "exact_result": {
    "hamiltonian_matrix": [
      [
        [
          -1.0,
          0.0
        ],
        [
          0.0,
          0.0
        ],
        [
          0.0,
          0.0
        ],
        [
          -1.0,
          0.0
        ]
      ],
      [
        [
          0.0,
          0.0
        ],
        [
          0.0,
          0.0
        ],
        [
          -1.0,
          0.0
        ],
        [
          0.0,
          0.0
        ]
      ],
      [
        [
          0.0,
          0.0
        ],
        [
          -1.0,
          0.0
        ],
        [
          0.0,
          0.0
        ],
        [
          0.0,
          0.0
        ]
      ],
      [
        [
          -1.0,
          0.0
        ],
        [
          0.0,
          0.0
        ],
        [
          0.0,
          0.0
        ],
        [
          1.0,
          0.0
        ]
      ]
    ],
    "gibbs_state": [
      [
        0.5058526567926453,
        0.0,
        0.0,
        0.20133735000697395
      ],
      [
        0.0,
        0.19548469321432851,
        0.1629667150984828,
        0.0
      ],
      [
        0.0,
        0.16296671509848276,
        0.19548469321432851,
        0.0
      ],
      [
        0.201337350006974,
        0.0,
        0.0,
        0.10317795677869743
      ]
    ],
    "energy": -1.1312828302248614,
    "entropy": 0.8684227735250276,
    "cost": -1.8549684748290511,
    "eigenvalues": [
      0.01978129579355002,
      0.03251797811584574,
      0.3584514083128113,
      0.5892493177777928
    ],
    "hamiltonian_eigenvalues": [
      -1.4142135623730951,
      -1.0,
      1.0,
      1.4142135623730951
    ]
  },
  "metrics": {
    "exact_purity": 0.47715088918704646,
    "calculated_fidelity": 0.9819890747418402,
    "calculated_trace_distance": 0.06655136207103227,
    "calculated_relative_entropy": 0.046921540305820325,
    "calculated_purity": 0.540167066786025,
    "noiseless_fidelity": 0.9899932481523879,
    "noiseless_trace_distance": 0.04344440248025351,
    "noiseless_relative_entropy": 0.023955252100869007,
    "noiseless_purity": 0.5304310424544983
  }
}
