{
  "n": 2,
  "J": 1.0,
  "h": 0.5,
  "beta": 1e-08,
  "calculated_result": {
    "params": [
      6.231770585115146,
      -1.8700614229313597,
      1.6167558017159005,
      5.98531825896504,
      6.602234315384616,
      -0.06219041053074219
    ],
    "cost": -138533576.44356492,
    "energy": 0.0458984375,
    "entropy": 1.3853357648946336,
    "rho": [
      [
        [
          0.24039713541666724,
          0.0
        ],
        [
          0.0027669270833333426,
          0.007649739583333315
        ],
        [
          -0.00618489583333336,
          0.004720052083333325
        ],
        [
          0.00390625,
          -0.0126953125
        ]
      ],
      [
        [
          0.0027669270833333426,
          -0.007649739583333315
        ],
        [
          0.2667643229166672,
          0.0
        ],
        [
          0.0087890625,
          0.0009765625
        ],
        [
          0.0035807291666666817,
          -0.011881510416666675
        ]
      ],
      [
        [
          -0.00618489583333336,
          -0.004720052083333325
        ],
        [
          0.0087890625,
          -0.0009765625
        ],
        [
          0.25569661458333387,
          0.0
        ],
        [
          0.007649739583333336,
          -0.025553385416666647
        ]
      ],
      [
        [
          0.00390625,
          0.0126953125
        ],
        [
          0.0035807291666666817,
          0.011881510416666675
        ],
        [
          0.007649739583333336,
          0.025553385416666647
        ],
        [
          0.2371419270833339,
          0.0
        ]
      ]
    ],
    "noiseless_rho": [
      [
        0.24722832924488,
        1.0797988225047974e-17,
        -4.309796175868419e-18,
        0.0002666850969068777
      ],
      [
        1.0797988225047974e-17,
        0.25328859049606056,
        0.00019978480734538423,
        2.244783502856472e-17
      ],
      [
        -4.309796175868419e-18,
        0.00019978480734538423,
        0.25428539488348295,
        5.5408520077564544e-17
      ],
      [
        0.0002666850969068777,
        2.244783502856472e-17,
        5.5408520077564544e-17,
        0.24519768537557654
      ]
    ],
    "sigma": [
      0.21940104166666724,
      0.26562500000000044,
      0.2705078125000004,
      0.24446614583333393
    ],
    "noiseless_sigma": [
      0.2472627689840844,
      0.2532500395112337,
      0.25432394586830986,
      0.24516324563637218
    ],
    "eigenvalues": [
      0.21940104166666724,
      0.24446614583333393,
      0.26562500000000044,
      0.2705078125000004
    ],
    "noiseless_eigenvalues": [
      0.24516324563637218,
      0.2472627689840844,
      0.2532500395112337,
      0.25432394586830986
    ],
    "hamiltonian_eigenvalues": [
      -7788146.502353594,
      -5966602.51321952,
      2334267.8067776263,
      13151821.891960412
    ],
    "noiseless_hamiltonian_eigenvalues": [
      -1618931.7303383052,
      -1195778.4599010348,
      1196790.1356609166,
      2049521.7166972458
    ]
  },
  "exact_result": {
    "hamiltonian_matrix": [
      [
        [
          -1.0,
          0.0
        ],
        [
          0.0,
          0.0
        ],
        [
          0.0,
          0.0
        ],
        [
          -1.0,
          0.0
        ]
      ],
      [
        [
          0.0,
          0.0
        ],
        [
          0.0,
          0.0
        ],
        [
          -1.0,
          0.0
        ],
        [
          0.0,
          0.0
        ]
      ],
      [
        [
          0.0,
          0.0
        ],
        [
          -1.0,
          0.0
        ],
        [
          0.0,
          0.0
        ],
        [
          0.0,
          0.0
        ]
      ],
      [
        [
          -1.0,
          0.0
        ],
        [
          0.0,
          0.0
        ],
        [
          0.0,
          0.0
        ],
        [
          1.0,
          0.0
        ]
      ]
    ],
    "gibbs_state": [
      [
        0.25000000250000004,
        0.0,
        0.0,
        2.5000000000000005e-09
      ],
      [
        0.0,
        0.25,
        2.5e-09,
        0.0
      ],
      [
        0.0,
        2.5e-09,
        0.25,
        0.0
      ],
      [
        2.4999999999999996e-09,
        0.0,
        0.0,
        0.24999999750000002
      ]
    ],
    "energy": -1.5000000019860238e-08,
    "entropy": 1.3862943611198908,
    "cost": -138629436.1119891,
    "eigenvalues": [
      0.24999999646446613,
      0.24999999750000002,
      0.2500000025,
      0.2500000035355339
    ],
    "hamiltonian_eigenvalues": [
      -1.4142135623730951,
      -1.0,
      1.0,
      1.4142135623730951
    ]
  },
  "metrics": {
    "exact_purity": 0.25000000000000006,
    "calculated_fidelity": 0.9968968380687758,
    "calculated_trace_distance": 0.03261197436811394,
    "calculated_relative_entropy": 0.006251037732700894,
    "calculated_purity": 0.253064685397679,
    "noiseless_fidelity": 0.9999398127159717,
    "noiseless_trace_distance": 0.002534497360665215,
    "noiseless_relative_entropy": 0.00012040744108542025,
    "noiseless_purity": 0.25006014589110526
  }
}
