{
  "n": 2,
  "J": 1.0,
  "h": 0.5,
  "beta": 0.8,
  "calculated_result": {
    "params": [
      1.7031510189945027,
      -5.419973177288118,
      8.308757701677342,
      9.832603803300877,
      7.514823753687728,
      -0.5039815918523438
    ],
    "cost": -2.2590150557925837,
    "energy": -0.9375,
    "entropy": 1.0572120446340671,
    "rho": [
      [
        [
          0.4438476562500003,
          0.0
        ],
        [
          -0.006184895833333339,
          0.007486979166666664
        ],
        [
          0.002766927083333315,
          -0.0035807291666666644
        ],
        [
          0.17578125,
          0.0009765625
        ]
      ],
      [
        [
          -0.006184895833333339,
          -0.007486979166666664
        ],
        [
          0.2504882812500005,
          0.0
        ],
        [
          0.1240234375,
          -0.009765625
        ],
        [
          -0.013834635416666671,
          -0.0035807291666666782
        ]
      ],
      [
        [
          0.002766927083333315,
          0.0035807291666666644
        ],
        [
          0.1240234375,
          0.009765625
        ],
        [
          0.20947265625000047,
          0.0
        ],
        [
          0.004557291666666657,
          -0.004231770833333329
        ]
      ],
      [
        [
          0.17578125,
          -0.0009765625
        ],
        [
          -0.013834635416666671,
          0.0035807291666666782
        ],
        [
          0.004557291666666657,
          0.004231770833333329
        ],
        [
          0.09619140625000046,
          0.0
        ]
      ]
    ],
    "noiseless_rho": [
      [
        0.45586014162021005,
        6.202183662121109e-17,
        -1.0628970153058472e-17,
        0.15918832904201075
      ],
      [
        6.202183662121109e-17,
        0.24386474204126826,
        0.12627398682685295,
        1.8613032285683667e-17
      ],
      [
        -1.0628970153058472e-17,
        0.12627398682685295,
        0.20185775770785563,
        -1.388974281900596e-17
      ],
      [
        0.15918832904201075,
        1.8613032285683667e-17,
        -1.388974281900596e-17,
        0.09841735863066553
      ]
    ],
    "sigma": [
      0.5262044270833338,
      0.09423828125000057,
      0.33837890625000056,
      0.041178385416667115
    ],
    "noiseless_sigma": [
      0.5164758761235059,
      0.09485239692936472,
      0.35087010281975917,
      0.03780162412736967
    ],
    "eigenvalues": [
      0.041178385416667115,
      0.09423828125000057,
      0.33837890625000056,
      0.5262044270833338
    ],
    "noiseless_eigenvalues": [
      0.03780162412736967,
      0.09485239692936472,
      0.35087010281975917,
      0.5164758761235059
    ],
    "hamiltonian_eigenvalues": [
      -1.4564331844149911,
      -0.9045288220807168,
      0.6933959407755497,
      1.7282871768323878
    ],
    "noiseless_hamiltonian_eigenvalues": [
      -1.4331066833504875,
      -0.9498410539820723,
      0.6852765844372066,
      1.8352389578912796
    ]
  },
  "exact_result": {
    "hamiltonian_matrix": [
      [
        [
          -1.0,
          0.0
        ],
        [
          0.0,
          0.0
        ],
        [
          0.0,
          0.0
        ],
        [
          -1.0,
          0.0
        ]
      ],
      [
        [
          0.0,
          0.0
        ],
        [
          0.0,
          0.0
        ],
        [
          -1.0,
          0.0
        ],
        [
          0.0,
          0.0
        ]
      ],
      [
        [
          0.0,
          0.0
        ],
        [
          -1.0,
          0.0
        ],
        [
          0.0,
          0.0
        ],
        [
          0.0,
          0.0
        ]
      ],
      [
        [
          -1.0,
          0.0
        ],
        [
          0.0,
          0.0
        ],
        [
          0.0,
          0.0
        ],
        [
          1.0,
          0.0
        ]
      ]
    ],
    "gibbs_state": [
      [
        0.4416950076916649,
        0.0,
        0.0,
        0.1610414349807664
      ],
      [
        0.0,
        0.2193464272891015,
        0.14565409314684655,
        0.0
      ],
      [
        0.0,
        0.14565409314684655,
        0.2193464272891015,
        0.0
      ],
      [
        0.16104143498076634,
        0.0,
        0.0,
        0.11961213773013224
      ]
    ],
    "energy": -0.9354739262167585,
    "entropy": 1.0594773585753432,
    "cost": -2.2598206244359376,
    "eigenvalues": [
      0.052906591257073816,
      0.07369233414225496,
      0.365000520435948,
      0.5084005541647234
    ],
    "hamiltonian_eigenvalues": [
      -1.4142135623730951,
      -1.0,
      1.0,
      1.4142135623730951
    ]
  },
  "metrics": {
    "exact_purity": 0.3999261709032876,
    "calculated_fidelity": 0.9882975980583656,
    "calculated_trace_distance": 0.03943826609142055,
    "calculated_relative_entropy": 0.025964287078505132,
    "calculated_purity": 0.40634642706977075,
    "noiseless_fidelity": 0.9957615063630977,
    "noiseless_trace_distance": 0.02194921053608022,
    "noiseless_relative_entropy": 0.00915821339161528,
    "noiseless_purity": 0.40028309966020403
  }
}
