{
  "n": 2,
  "J": 1.0,
  "h": 0.5,
  "beta": 1.0,
  "calculated_result": {
    "params": [
      3.5390016045903088,
      -1.7939302443125709,
      9.6095931503805,
      19.25965149382708,
      10.608285428686633,
      2.65853894204044
    ],
    "cost": -2.000271007267466,
    "energy": -1.0439453125,
    "entropy": 0.956325694767466,
    "rho": [
      [
        [
          0.4916992187500005,
          0.0
        ],
        [
          -0.0008138020833333669,
          -0.009440104166666664
        ],
        [
          -0.004720052083333315,
          0.009114583333333336
        ],
        [
          0.1630859375,
          -0.00830078125
        ]
      ],
      [
        [
          -0.0008138020833333669,
          0.009440104166666664
        ],
        [
          0.2296549479166672,
          0.0
        ],
        [
          0.1640625,
          0.00341796875
        ],
        [
          0.00992838541666665,
          -0.0006510416666666435
        ]
      ],
      [
        [
          -0.004720052083333315,
          -0.009114583333333336
        ],
        [
          0.1640625,
          -0.00341796875
        ],
        [
          0.1853841145833339,
          0.0
        ],
        [
          -0.013509114583333339,
          0.005208333333333318
        ]
      ],
      [
        [
          0.1630859375,
          0.00830078125
        ],
        [
          0.00992838541666665,
          0.0006510416666666435
        ],
        [
          -0.013509114583333339,
          -0.005208333333333318
        ],
        [
          0.09326171875000043,
          0.0
        ]
      ]
    ],
    "noiseless_rho": [
      [
        0.47967529975275547,
        4.8436526331937615e-17,
        -1.79074854384198e-17,
        0.16737650930900577
      ],
      [
        4.8436526331937615e-17,
        0.23404516444782197,
        0.15810098945741324,
        3.6341257272802954e-17
      ],
      [
        -1.79074854384198e-17,
        0.15810098945741324,
        0.2036712194954468,
        1.1470359802500474e-17
      ],
      [
        0.16737650930900577,
        3.6341257272802954e-17,
        1.1470359802500474e-17,
        0.08260831630397575
      ]
    ],
    "sigma": [
      0.5260416666666671,
      0.06477864583333393,
      0.39518229166666724,
      0.013997395833333773
    ],
    "noiseless_sigma": [
      0.5408155325457801,
      0.06002945716459271,
      0.37768692677867605,
      0.02146808351095114
    ],
    "eigenvalues": [
      0.013997395833333773,
      0.06477864583333393,
      0.39518229166666724,
      0.5260416666666671
    ],
    "noiseless_eigenvalues": [
      0.02146808351095114,
      0.06002945716459271,
      0.37768692677867605,
      0.5408155325457801
    ],
    "hamiltonian_eigenvalues": [
      -1.3578961520809445,
      -1.071862884619348,
      0.7365082622755952,
      2.2686129713065033
    ],
    "noiseless_hamiltonian_eigenvalues": [
      -1.385593974025041,
      -1.0265813446927021,
      0.8126488772272258,
      1.840916927387572
    ]
  },
  "exact_result": {
    "hamiltonian_matrix": [
      [
        [
          -1.0,
          0.0
        ],
        [
          0.0,
          0.0
        ],
        [
          0.0,
          0.0
        ],
        [
          -1.0,
          0.0
        ]
      ],
      [
        [
          0.0,
          0.0
        ],
        [
          0.0,
          0.0
        ],
        [
          -1.0,
          0.0
        ],
        [
          0.0,
          0.0
        ]
      ],
      [
        [
          0.0,
          0.0
        ],
        [
          -1.0,
          0.0
        ],
        [
          0.0,
          0.0
        ],
        [
          0.0,
          0.0
        ]
      ],
      [
        [
          -1.0,
          0.0
        ],
        [
          0.0,
          0.0
        ],
        [
          0.0,
          0.0
        ],
        [
          1.0,
          0.0
        ]
      ]
    ],
    "gibbs_state": [
      [
        0.47651580836299356,
        0.0,
        0.0,
        0.18384866024320862
      ],
      [
        0.0,
        0.20733285188021505,
        0.15790348832961396,
        0.0
      ],
      [
        0.0,
        0.157903488329614,
        0.20733285188021502,
        0.0
      ],
      [
        0.18384866024320862,
        0.0,
        0.0,
        0.10881848787657636
      ]
    ],
    "energy": -1.0512016176320624,
    "entropy": 0.9560090098858776,
    "cost": -2.00721062751794,
    "eigenvalues": [
      0.03266587937971612,
      0.04942936355060101,
      0.3652363402098291,
      0.5526684168598538
    ],
    "hamiltonian_eigenvalues": [
      -1.4142135623730951,
      -1.0,
      1.0,
      1.4142135623730951
    ]
  },
  "metrics": {
    "exact_purity": 0.44235028486091477,
    "calculated_fidelity": 0.9927952801555777,
    "calculated_trace_distance": 0.03117268733101883,
    "calculated_relative_entropy": 0.018113333799223585,
    "calculated_purity": 0.445770263671876,
    "noiseless_fidelity": 0.9967592326485917,
    "noiseless_trace_distance": 0.02134116125340175,
    "noiseless_relative_entropy": 0.008202470026836939,
    "noiseless_purity": 0.43919326923940555
  }
}
