{
  "n": 2,
  "J": 1.0,
  "h": 0.5,
  "beta": 2.0,
  "calculated_result": {
    "params": [
      0.4446732100840185,
      -8.292508934268156,
      14.003986172909359,
      29.42287248005244,
      2.7845961836604025,
      1.082046409604908
    ],
    "cost": -1.6099569604043875,
    "energy": -1.244140625,
    "entropy": 0.7316326708087748,
    "rho": [
      [
        [
          0.5388223165792121,
          0.0
        ],
        [
          -0.00834383772595228,
          0.008463329921984413
        ],
        [
          0.007624896288185804,
          0.0023040007683550073
        ],
        [
          0.21690201205107087,
          0.012089560141384214
        ]
      ],
      [
        [
          -0.00834383772595228,
          -0.008463329921984413
        ],
        [
          0.20675578032096037,
          0.0
        ],
        [
          0.16593313610085897,
          -0.00334285464166377
        ],
        [
          0.00012709005445854255,
          0.0074584026605256926
        ]
      ],
      [
        [
          0.007624896288185804,
          -0.0023040007683550064
        ],
        [
          0.16593313610085897,
          0.003342854641663784
        ],
        [
          0.16099099379899273,
          1.3877787807814457e-17
        ],
        [
          0.012490231090111797,
          -0.0015569779686577523
        ]
      ],
      [
        [
          0.21690201205107087,
          -0.012089560141384214
        ],
        [
          0.00012709005445854255,
          -0.007458402660525692
        ],
        [
          0.012490231090111796,
          0.0015569779686577523
        ],
        [
          0.09343090930083643,
          0.0
        ]
      ]
    ],
    "noiseless_rho": [
      [
        0.5504240093512062,
        5.68725397227896e-17,
        -2.1443056514404958e-17,
        0.20708935808280038
      ],
      [
        5.68725397227896e-17,
        0.2068422249470352,
        0.1776488661254027,
        3.0901587601331875e-17
      ],
      [
        -2.1443056514404958e-17,
        0.1776488661254027,
        0.15975776216567938,
        -2.1589764176443588e-19
      ],
      [
        0.20708935808280038,
        3.0901587601331875e-17,
        -2.1589764176443588e-19,
        0.08297600353607912
      ]
    ],
    "sigma": [
      0.005950756413534773,
      0.0033077176920356098,
      0.34009792192829813,
      0.6506436039661323
    ],
    "noiseless_sigma": [
      0.00442943183520937,
      0.0040979949779556294,
      0.362501992134759,
      0.6289705810520758
    ],
    "eigenvalues": [
      0.0033077176920356098,
      0.005950756413534773,
      0.34009792192829813,
      0.6506436039661323
    ],
    "noiseless_eigenvalues": [
      0.0040979949779556294,
      0.00442943183520937,
      0.362501992134759,
      0.6289705810520758
    ],
    "hamiltonian_eigenvalues": [
      -1.3950603373896024,
      -1.0706961118213192,
      0.9521615091853861,
      1.2457914628172184
    ],
    "noiseless_hamiltonian_eigenvalues": [
      -1.3781215632254453,
      -1.1025943058252148,
      1.099785018122315,
      1.138671766922037
    ]
  },
  "exact_result": {
    "hamiltonian_matrix": [
      [
        [
          -1.0,
          0.0
        ],
        [
          0.0,
          0.0
        ],
        [
          0.0,
          0.0
        ],
        [
          -1.0,
          0.0
        ]
      ],
      [
        [
          0.0,
          0.0
        ],
        [
          0.0,
          0.0
        ],
        [
          -1.0,
          0.0
        ],
        [
          0.0,
          0.0
        ]
      ],
      [
        [
          0.0,
          0.0
        ],
        [
          -1.0,
          0.0
        ],
        [
          0.0,
          0.0
        ],
        [
          0.0,
          0.0
        ]
      ],
      [
        [
          -1.0,
          0.0
        ],
        [
          0.0,
          0.0
        ],
        [
          0.0,
          0.0
        ],
        [
          1.0,
          0.0
        ]
      ]
    ],
    "gibbs_state": [
      [
        0.5897309313931668,
        0.0,
        0.0,
        0.24327536307992276
      ],
      [
        0.0,
        0.15354443168675583,
        0.1480210669130998,
        0.0
      ],
      [
        0.0,
        0.1480210669130998,
        0.15354443168675583,
        0.0
      ],
      [
        0.24327536307992276,
        0.0,
        0.0,
        0.10318020523332135
      ]
    ],
    "energy": -1.2691435861458906,
    "entropy": 0.6604808716629245,
    "cost": -1.599384021977353,
    "eigenvalues": [
      0.0024122504543784146,
      0.005523364773656059,
      0.30156549859985565,
      0.6904988861721097
    ],
    "hamiltonian_eigenvalues": [
      -1.4142135623730951,
      -1.0,
      1.0,
      1.4142135623730951
    ]
  },
  "metrics": {
    "exact_purity": 0.5677667882613812,
    "calculated_fidelity": 0.9855900717711338,
    "calculated_trace_distance": 0.04988551343384976,
    "calculated_relative_entropy": 0.15626230384941836,
    "calculated_purity": 0.5180376557353981,
    "noiseless_fidelity": 0.9934004714822162,
    "noiseless_trace_distance": 0.04146279623629118,
    "noiseless_relative_entropy": 0.017980353170689696,
    "noiseless_purity": 0.5270480995598769
  }
}
