{
  "n": 2,
  "J": 1.0,
  "h": 0.5,
  "beta": 5.0,
  "calculated_result": {
    "params": [
      -3.3092670437354847,
      -11.832215092777517,
      18.593889421992877,
      32.96465380600081,
      -1.9467459593535192,
      -0.3529414820763517
    ],
    "cost": -1.4457765106008587,
    "energy": -1.34375,
    "entropy": 0.5101325530042935,
    "rho": [
      [
        [
          0.6805651402823533,
          0.0
        ],
        [
          0.0037391193416266367,
          0.008918081956546033
        ],
        [
          0.006541754351310751,
          0.011869860044417452
        ],
        [
          0.3034438768624413,
          -0.013463413162505782
        ]
      ],
      [
        [
          0.003739119341626636,
          -0.008918081956546033
        ],
        [
          0.0825370848094259,
          0.0
        ],
        [
          0.07780004975869541,
          0.001264330973207023
        ],
        [
          -0.0020916693479577195,
          -0.010453582518968621
        ]
      ],
      [
        [
          0.00654175435131075,
          -0.011869860044417452
        ],
        [
          0.07780004975869541,
          -0.0012643309732070195
        ],
        [
          0.08897367914545865,
          3.469446951953614e-18
        ],
        [
          -0.0018259067825924747,
          0.002072562168227397
        ]
      ],
      [
        [
          0.3034438768624413,
          0.01346341316250578
        ],
        [
          -0.0020916693479577195,
          0.010453582518968621
        ],
        [
          -0.0018259067825924747,
          -0.0020725621682273977
        ],
        [
          0.14792409576276302,
          0.0
        ]
      ]
    ],
    "noiseless_rho": [
      [
        0.6887063932032842,
        1.76450423483434e-16,
        1.5173216546424468e-17,
        0.30504993669148517
      ],
      [
        1.76450423483434e-16,
        0.08178986304798602,
        0.08211764214716841,
        8.978362435527441e-17
      ],
      [
        1.5173216546424468e-17,
        0.08211764214716841,
        0.08556928011668882,
        1.7843500358052603e-17
      ],
      [
        0.30504993669148517,
        8.978362435527441e-17,
        1.7843500358052603e-17,
        0.14393446363204127
      ]
    ],
    "sigma": [
      0.008308130251627414,
      0.17293079443324216,
      0.0065021574703340145,
      0.8122589178447961
    ],
    "noiseless_sigma": [
      0.007358843806500336,
      0.1658189540377419,
      0.001540189126932944,
      0.8252820130288252
    ],
    "eigenvalues": [
      0.0065021574703340145,
      0.008308130251627414,
      0.17293079443324216,
      0.8122589178447961
    ],
    "noiseless_eigenvalues": [
      0.001540189126932944,
      0.007358843806500336,
      0.1658189540377419,
      0.8252820130288252
    ],
    "hamiltonian_eigenvalues": [
      -1.4041892855396572,
      -1.0948037512615856,
      -0.4876723715538195,
      -0.4386522628727818
    ],
    "noiseless_hamiltonian_eigenvalues": [
      -1.4073704871838497,
      -1.0864047657746148,
      -0.46340602058293423,
      -0.15060649852078334
    ]
  },
  "exact_result": {
    "hamiltonian_matrix": [
      [
        [
          -1.0,
          0.0
        ],
        [
          0.0,
          0.0
        ],
        [
          0.0,
          0.0
        ],
        [
          -1.0,
          0.0
        ]
      ],
      [
        [
          0.0,
          0.0
        ],
        [
          0.0,
          0.0
        ],
        [
          -1.0,
          0.0
        ],
        [
          0.0,
          0.0
        ]
      ],
      [
        [
          0.0,
          0.0
        ],
        [
          -1.0,
          0.0
        ],
        [
          0.0,
          0.0
        ],
        [
          0.0,
          0.0
        ]
      ],
      [
        [
          -1.0,
          0.0
        ],
        [
          0.0,
          0.0
        ],
        [
          0.0,
          0.0
        ],
        [
          1.0,
          0.0
        ]
      ]
    ],
    "gibbs_state": [
      [
        0.7580016602485866,
        0.0,
        0.0,
        0.31397430263046044
      ],
      [
        0.0,
        0.05597264238187379,
        0.05596756030453423,
        0.0
      ],
      [
        0.0,
        0.055967560304534224,
        0.05597264238187379,
        0.0
      ],
      [
        0.31397430263046044,
        0.0,
        0.0,
        0.1300530549876658
      ]
    ],
    "energy": -1.3678323311309102,
    "entropy": 0.3506287991959459,
    "cost": -1.4379580909700993,
    "eigenvalues": [
      6.406014945448124e-07,
      5.082077339582658e-06,
      0.11194020268640802,
      0.8880540746347578
    ],
    "hamiltonian_eigenvalues": [
      -1.4142135623730951,
      -1.0,
      1.0,
      1.4142135623730951
    ]
  },
  "metrics": {
    "exact_purity": 0.8011706484791081,
    "calculated_fidelity": 0.9746707766982923,
    "calculated_trace_distance": 0.05887619793089684,
    "calculated_relative_entropy": 0.05396508997705751,
    "calculated_purity": 0.6972038930621308,
    "noiseless_fidelity": 0.9843501829579605,
    "noiseless_trace_distance": 0.039109816492138946,
    "noiseless_relative_entropy": 0.02449541402462993,
    "noiseless_purity": 0.7086428513117957
  }
}
