{
  "n": 2,
  "J": 1.0,
  "h": 0.5,
  "beta": 0.2,
  "calculated_result": {
    "params": [
      4.857418715087712,
      -0.19507650815503674,
      3.855585644073601,
      3.9771378240515842,
      7.472034516248827,
      -3.1016763559918754
    ],
    "cost": -7.050219464156273,
    "energy": -0.2529296875,
    "entropy": 1.3594579553312545,
    "rho": [
      [
        [
          0.26757812500000044,
          0.0
        ],
        [
          0.007324218749999976,
          0.0008138020833333356
        ],
        [
          0.009765625,
          0.006347656249999986
        ],
        [
          0.0478515625,
          -0.01708984375
        ]
      ],
      [
        [
          0.007324218749999976,
          -0.0008138020833333356
        ],
        [
          0.22298177083333381,
          0.0
        ],
        [
          0.0498046875,
          0.00537109375
        ],
        [
          0.002929687500000014,
          -0.00634765625
        ]
      ],
      [
        [
          0.009765625,
          -0.006347656249999986
        ],
        [
          0.0498046875,
          -0.00537109375
        ],
        [
          0.2740885416666672,
          0.0
        ],
        [
          -0.0024414062500000104,
          -0.010904947916666664
        ]
      ],
      [
        [
          0.0478515625,
          0.01708984375
        ],
        [
          0.002929687500000014,
          0.00634765625
        ],
        [
          -0.0024414062500000104,
          0.010904947916666664
        ],
        [
          0.2353515625000005,
          0.0
        ]
      ]
    ],
    "noiseless_rho": [
      [
        0.2735113247140684,
        -1.576552660590259e-17,
        -8.234608386562326e-17,
        0.06676746370815734
      ],
      [
        -1.576552660590259e-17,
        0.23120248258079723,
        0.04246117485146375,
        2.5422646635510904e-17
      ],
      [
        -8.234608386562326e-17,
        0.04246117485146375,
        0.2693164348819279,
        3.865057270882414e-18
      ],
      [
        0.06676746370815734,
        2.5422646635510904e-17,
        3.865057270882414e-18,
        0.22596975782320672
      ]
    ],
    "sigma": [
      0.17220052083333384,
      0.2975260416666672,
      0.21614583333333381,
      0.31412760416666713
    ],
    "noiseless_sigma": [
      0.17886780775546146,
      0.2968010499135493,
      0.20371786754917592,
      0.3206132747818137
    ],
    "eigenvalues": [
      0.17220052083333384,
      0.21614583333333381,
      0.2975260416666672,
      0.31412760416666713
    ],
    "noiseless_eigenvalues": [
      0.17886780775546146,
      0.20371786754917592,
      0.2968010499135493,
      0.3206132747818137
    ],
    "hamiltonian_eigenvalues": [
      -1.2604394995133958,
      -0.9889518500892178,
      0.6087902597993606,
      1.74525884789003
    ],
    "noiseless_hamiltonian_eigenvalues": [
      -1.3626212961208708,
      -0.9767533129032966,
      0.9048767587340691,
      1.5553217864904454
    ]
  },
  "exact_result": {
    "hamiltonian_matrix": [
      [
        [
          -1.0,
          0.0
        ],
        [
          0.0,
          0.0
        ],
        [
          0.0,
          0.0
        ],
        [
          -1.0,
          0.0
        ]
      ],
      [
        [
          0.0,
          0.0
        ],
        [
          0.0,
          0.0
        ],
        [
          -1.0,
          0.0
        ],
        [
          0.0,
          0.0
        ]
      ],
      [
        [
          0.0,
          0.0
        ],
        [
          -1.0,
          0.0
        ],
        [
          0.0,
          0.0
        ],
        [
          0.0,
          0.0
        ]
      ],
      [
        [
          -1.0,
          0.0
        ],
        [
          0.0,
          0.0
        ],
        [
          0.0,
          0.0
        ],
        [
          1.0,
          0.0
        ]
      ]
    ],
    "gibbs_state": [
      [
        0.30163668885233524,
        0.0,
        0.0,
        0.04918555449042901
      ],
      [
        0.0,
        0.24754886563809372,
        0.04886003662663048,
        0.0
      ],
      [
        0.0,
        0.04886003662663048,
        0.24754886563809372,
        0.0
      ],
      [
        0.04918555449042902,
        0.0,
        0.0,
        0.2032655798714772
      ]
    ],
    "energy": -0.294462291214977,
    "entropy": 1.357122893136917,
    "cost": -7.080076756899562,
    "eigenvalues": [
      0.18289225612870066,
      0.19868882901146326,
      0.2964089022647242,
      0.32201001259511175
    ],
    "hamiltonian_eigenvalues": [
      -1.4142135623730951,
      -1.0,
      1.0,
      1.4142135623730951
    ]
  },
  "metrics": {
    "exact_purity": 0.2644755136790756,
    "calculated_fidelity": 0.9952466999066985,
    "calculated_trace_distance": 0.03510850428826546,
    "calculated_relative_entropy": 0.009597113626326904,
    "calculated_purity": 0.2627436319986989,
    "noiseless_fidelity": 0.9972449669357447,
    "noiseless_trace_distance": 0.02285363667799762,
    "noiseless_relative_entropy": 0.005647807364062632,
    "noiseless_purity": 0.26437839740613217
  }
}
