{
  "n": 2,
  "J": 1.0,
  "h": 0.5,
  "beta": 0.5,
  "calculated_result": {
    "params": [
      3.149263216163388,
      -5.5564854076060355,
      5.260609297074307,
      7.250679575012502,
      10.620777439653889,
      -0.4395396996590378
    ],
    "cost": -3.172008061037526,
    "energy": -0.7021484375,
    "entropy": 1.234929811768763,
    "rho": [
      [
        [
          0.37939453125000044,
          0.0
        ],
        [
          0.01220703124999998,
          0.014160156249999986
        ],
        [
          -0.019368489583333336,
          0.01513671875000001
        ],
        [
          0.10546875,
          0.01318359375
        ]
      ],
      [
        [
          0.01220703124999998,
          -0.014160156249999986
        ],
        [
          0.24235026041666718,
          0.0
        ],
        [
          0.1025390625,
          0.00439453125
        ],
        [
          0.004069010416666647,
          -0.003417968749999979
        ]
      ],
      [
        [
          -0.019368489583333336,
          -0.01513671875000001
        ],
        [
          0.1025390625,
          -0.00439453125
        ],
        [
          0.22249348958333384,
          0.0
        ],
        [
          -0.007324218749999983,
          -0.015136718749999997
        ]
      ],
      [
        [
          0.10546875,
          -0.01318359375
        ],
        [
          0.004069010416666647,
          0.003417968749999979
        ],
        [
          -0.007324218749999983,
          0.015136718749999997
        ],
        [
          0.15576171875000047,
          0.0
        ]
      ]
    ],
    "noiseless_rho": [
      [
        0.38103263465625875,
        5.684471053763369e-18,
        -1.1121158087131924e-17,
        0.10979931192556502
      ],
      [
        5.684471053763369e-18,
        0.24168074457203895,
        0.09822053276740594,
        1.177497492632382e-17
      ],
      [
        -1.1121158087131924e-17,
        0.09822053276740594,
        0.22894478998195014,
        1.0111013689684791e-17
      ],
      [
        0.10979931192556502,
        1.177497492632382e-17,
        1.0111013689684791e-17,
        0.14834183078975216
      ]
    ],
    "sigma": [
      0.09293619791666718,
      0.33902994791666713,
      0.16292317708333384,
      0.4051106770833339
    ],
    "noiseless_sigma": [
      0.10471179257565727,
      0.3337395125850827,
      0.13688602196890634,
      0.42466267287035364
    ],
    "eigenvalues": [
      0.09293619791666718,
      0.16292317708333384,
      0.33902994791666713,
      0.4051106770833339
    ],
    "noiseless_eigenvalues": [
      0.10471179257565727,
      0.13688602196890634,
      0.3337395125850827,
      0.42466267287035364
    ],
    "hamiltonian_eigenvalues": [
      -1.3648181161176969,
      -1.0086743939044567,
      0.4569449299870425,
      1.5796760693054583
    ],
    "noiseless_hamiltonian_eigenvalues": [
      -1.4590877888249874,
      -0.9772190755826586,
      0.8052052506688159,
      1.3410790097583662
    ]
  },
  "exact_result": {
    "hamiltonian_matrix": [
      [
        [
          -1.0,
          0.0
        ],
        [
          0.0,
          0.0
        ],
        [
          0.0,
          0.0
        ],
        [
          -1.0,
          0.0
        ]
      ],
      [
        [
          0.0,
          0.0
        ],
        [
          0.0,
          0.0
        ],
        [
          -1.0,
          0.0
        ],
        [
          0.0,
          0.0
        ]
      ],
      [
        [
          0.0,
          0.0
        ],
        [
          -1.0,
          0.0
        ],
        [
          0.0,
          0.0
        ],
        [
          0.0,
          0.0
        ]
      ],
      [
        [
          -1.0,
          0.0
        ],
        [
          0.0,
          0.0
        ],
        [
          0.0,
          0.0
        ],
        [
          1.0,
          0.0
        ]
      ]
    ],
    "gibbs_state": [
      [
        0.3775435925176229,
        0.0,
        0.0,
        0.11362464936063967
      ],
      [
        0.0,
        0.23608105684301672,
        0.10909710687123368,
        0.0
      ],
      [
        0.0,
        0.10909710687123368,
        0.23608105684301672,
        0.0
      ],
      [
        0.11362464936063967,
        0.0,
        0.0,
        0.15029429379634357
      ]
    ],
    "energy": -0.672692811185026,
    "entropy": 1.2273481730923634,
    "cost": -3.1273891573697528,
    "eigenvalues": [
      0.10322942301127919,
      0.12698394997178303,
      0.3451781637142504,
      0.42460846330268726
    ],
    "hamiltonian_eigenvalues": [
      -1.4142135623730951,
      -1.0,
      1.0,
      1.4142135623730951
    ]
  },
  "metrics": {
    "exact_purity": 0.32622154913908924,
    "calculated_fidelity": 0.9969351017343085,
    "calculated_trace_distance": 0.03143956670340886,
    "calculated_relative_entropy": 0.006526392606120567,
    "calculated_purity": 0.32263056437174575,
    "noiseless_fidelity": 0.9995763256874235,
    "noiseless_trace_distance": 0.00900642048244717,
    "noiseless_relative_entropy": 0.0008693781791172064,
    "noiseless_purity": 0.321422790504801
  }
}
