{
  "metrics": {
    "exact_purity": 0.4423502848609148,
    "calculated_fidelity": [
      0.9952529574551898,
      0.9914715587221303,
      0.9930823650539409,
      0.996344370412777,
      0.9968012671178449,
      0.9943200421939309,
      0.9971912046651771,
      0.9924067511568211,
      0.9874806333801142,
      0.9939385143442151
    ],
    "calculated_trace_distance": [
      0.030261738633594916,
      0.04514548456047636,
      0.02856021701810535,
      0.03204938838190806,
      0.03335690239646918,
      0.02812764586016947,
      0.024044810432517407,
      0.0313834713182102,
      0.05555501083016764,
      0.0303751469256425
    ],
    "calculated_relative_entropy": [
      0.010526109863749345,
      0.02249620431956075,
      0.016570779487026337,
      0.00858694784909947,
      0.007308288837689599,
      0.01360824474205632,
      0.006858416295204683,
      0.01617165788813866,
      0.02662512790282315,
      0.012471894531239026
    ],
    "calculated_purity": [
      0.45833905537923264,
      0.46233050028483164,
      0.4605954488118499,
      0.4195190005832258,
      0.425664054022896,
      0.44116719563802187,
      0.44959492153591674,
      0.4196275075276702,
      0.41915490892198437,
      0.4226377275255001
    ],
    "noiseless_fidelity": [
      0.982930666172677,
      0.9639845594942195,
      0.9645268432486456,
      0.9937072929902094,
      0.9968195714402058,
      0.9930208784202061,
      0.9947268081760725,
      0.9989467933564129,
      0.9962484439275281,
      0.9988461867932338
    ],
    "noiseless_trace_distance": [
      0.021773422190457876,
      0.03164133856423955,
      0.028023398673230324,
      0.021028436344367494,
      0.01649608878181494,
      0.01796840469880815,
      0.014734033090959399,
      0.00792830532603772,
      0.018428172316986534,
      0.011295291527775938
    ],
    "noiseless_relative_entropy": [
      0.04613804113954835,
      0.1623589810093762,
      0.2398784553124762,
      0.015041134687754407,
      0.007281876532392812,
      0.016588309622172042,
      0.012291750362489869,
      0.002206256531637025,
      0.00825356744506787,
      0.002918982514607295
    ],
    "noiseless_purity": [
      0.47783940438709804,
      0.4894808670079285,
      0.4967599914979497,
      0.46024672211178796,
      0.45775679973785044,
      0.47043509400777633,
      0.47329790407070993,
      0.457828645674508,
      0.44591573108962723,
      0.4376228370178803
    ]
  },
  "metadata": {
    "job_ids": [
      "cei3ij5iuboftdmpnf7g"
    ],
    "backends": [
      "ibmq_qasm_simulator"
    ],
    "n": 2,
    "J": 1,
    "h": 0.5,
    "beta": 1,
    "ancilla_reps": 1,
    "system_reps": 1,
    "optimizer": "SPSA",
    "min_kwargs": {
      "maxiter": 200
    },
    "shots": 1024,
    "noise_model": "ibmq_guadalupe"
  }
}
