{
  "metrics": {
    "exact_purity": 0.6514456428594425,
    "calculated_fidelity": [
      0.9574022291562412,
      0.9699016659725664,
      0.9646721933172214,
      0.9627544965051567,
      0.968577122634111,
      0.9700875651585517,
      0.9585013212442186,
      0.9585338297608367,
      0.9608057594438167,
      0.9496682462946383
    ],
    "calculated_trace_distance": [
      0.06278850384354759,
      0.04150124623583432,
      0.04455862122990769,
      0.03886030968714013,
      0.037341835609803614,
      0.03703343432227979,
      0.06526994283300593,
      0.047444455706160224,
      0.04914700192324799,
      0.08527103378888971
    ],
    "calculated_relative_entropy": [
      0.060460284016266866,
      0.06973827492269749,
      0.05340988941166126,
      0.048729807161509625,
      0.048904666014631504,
      0.04718136498222071,
      0.055938341715177926,
      0.06570190679487733,
      0.05409137072290621,
      0.07033429272884661
    ],
    "calculated_purity": [
      0.5703682369656041,
      0.6680493207638448,
      0.6363862355550137,
      0.5956535339355477,
      0.5851298438178179,
      0.6024106343587246,
      0.5659387376573362,
      0.6232626173231346,
      0.5797142452663853,
      0.5292421976725269
    ],
    "noiseless_fidelity": [
      0.9987686102600886,
      0.9937462238245667,
      0.997771921356884,
      0.9980630333502203,
      0.9982211901575286,
      0.9974732337902725,
      0.9984997438527746,
      0.9947760147687351,
      0.999675728898679,
      0.9915216807271798
    ],
    "noiseless_trace_distance": [
      0.015280822066947591,
      0.0374406355968208,
      0.015200360384361717,
      0.026147747686230814,
      0.013980816067471442,
      0.01962499874790271,
      0.01871490869026985,
      0.031011947547687675,
      0.005773263415949948,
      0.04553818235773216
    ],
    "noiseless_relative_entropy": [
      0.004097532202579475,
      0.013071195360779657,
      0.01055774802672075,
      0.010914685238840663,
      0.0048467786073623995,
      0.012034215041453453,
      0.003956651257191281,
      0.0154518407896726,
      0.0011936952237938895,
      0.024676839214299917
    ],
    "noiseless_purity": [
      0.6278401255742005,
      0.7275242191782385,
      0.673907163942718,
      0.6743771261724387,
      0.6310300780068087,
      0.6654042038222714,
      0.6209017799837449,
      0.7140811514925157,
      0.6442832928332582,
      0.579811439127415
    ]
  },
  "metadata": {
    "job_ids": [
      "cei3ijdqhr8ghdiej2og"
    ],
    "backends": [
      "ibmq_qasm_simulator"
    ],
    "n": 2,
    "J": 1,
    "h": 0.5,
    "beta": 3,
    "ancilla_reps": 1,
    "system_reps": 1,
    "optimizer": "SPSA",
    "min_kwargs": {
      "maxiter": 200
    },
    "shots": 1024,
    "noise_model": "ibmq_guadalupe"
  }
}
