{
  "metadata": {
    "n": 2,
    "J": 1.0,
    "h": 0.5,
    "beta": 1e-10,
    "ancilla_reps": 1,
    "system_reps": null,
    "optimizer": "NFT",
    "min_kwargs": {},
    "shots": 1024
  },
  "metrics": {
    "exact_purity": 0.25,
    "calculated_fidelity": [
      0.8290894101304268,
      0.9878340325250514,
      0.9272693293919498,
      0.7195726265482276,
      0.5657660505931652,
      0.9664900189122517,
      0.546629243502657,
      0.9283859772424199,
      0.8039153096027001,
      0.8051643328598388
    ],
    "calculated_trace_distance": [
      0.14573757947952984,
      0.06528246327355225,
      0.13215245717956095,
      0.28318156450054477,
      0.22301168068152238,
      0.0921696562465286,
      0.38552027624821017,
      0.1297702893535647,
      0.1718636032365659,
      0.22135727254710158
    ],
    "calculated_relative_entropy": [
      0.5884200783170093,
      0.025254542239250544,
      0.15710553692273999,
      0.7777484125820415,
      1.234156479385965,
      0.06890165014107602,
      1.3452139202656883,
      0.1769704294125179,
      0.522946720147478,
      0.467708458251234
    ],
    "calculated_purity": [
      0.33458423614501953,
      0.2612590789794922,
      0.32235145568847656,
      0.5508241653442383,
      0.5491924285888672,
      0.2835855484008789,
      0.699915885925293,
      0.2987995147705078,
      0.4081735610961914,
      0.44713878631591797
    ],
    "noiseless_fidelity": [
      0.8396211636110317,
      0.9897892119563431,
      0.9328255111089888,
      0.742649204437337,
      0.5022529619479467,
      0.9752351389217336,
      0.6355022128073748,
      0.9291968097595501,
      0.8193116518801894,
      0.8052453421474278
    ],
    "noiseless_trace_distance": [
      0.13210442726538646,
      0.049547134068081436,
      0.1251404239247942,
      0.2626655764930585,
      0.2109949011818435,
      0.0694930756753416,
      0.34440419812019896,
      0.115344030962384,
      0.16421946328787898,
      0.20585337443616047
    ],
    "noiseless_relative_entropy": [
      0.5274730831310013,
      0.021275293793511632,
      0.14021341564344575,
      0.6771002030816184,
      4.134427370038176,
      0.05093062100296815,
      1.018176921605023,
      0.17628591593108983,
      0.452173994541431,
      0.46972405715439147
    ],
    "noiseless_purity": [
      0.3319936172038404,
      0.25929805474543255,
      0.3215031686294245,
      0.5303069378373517,
      0.5466363422825553,
      0.27435719047001195,
      0.6639051057193106,
      0.2969135071515658,
      0.40782845985270966,
      0.445631888960592
    ]
  }
}
