{
  "metadata": {
    "n": 2,
    "J": 1.0,
    "h": 0.5,
    "beta": 0.2,
    "ancilla_reps": 1,
    "system_reps": null,
    "optimizer": "NFT",
    "min_kwargs": {},
    "shots": 1024
  },
  "metrics": {
    "exact_purity": 0.2644755136790756,
    "calculated_fidelity": [
      0.6598765595088563,
      0.3763885899098363,
      0.6646594143997474,
      0.9202158127783011,
      0.3877306904573103,
      0.43194854645121505,
      0.4019770452194449,
      0.4418901788181126,
      0.516177402261727,
      0.8386440580826907
    ],
    "calculated_trace_distance": [
      0.34600212278233755,
      0.361236234306679,
      0.20162290827582802,
      0.08726137831869638,
      0.37084149449967396,
      0.43653132411923573,
      0.44038544865747686,
      0.36273280225465526,
      0.40839012454778434,
      0.18051218689581675
    ],
    "calculated_relative_entropy": [
      0.752712285793256,
      1.9895454724445347,
      0.9951928572598874,
      0.18613536091450988,
      2.3589650759878404,
      1.6002839077409403,
      1.9827791937018275,
      1.4485982842955079,
      1.3293074328246306,
      0.5393193161099151
    ],
    "calculated_purity": [
      0.6707143783569336,
      0.9934577941894531,
      0.5285425186157227,
      0.3790435791015625,
      0.9794607162475586,
      1.0173206329345703,
      1.0031232833862305,
      0.9924383163452148,
      0.9064388275146484,
      0.4078350067138672
    ],
    "noiseless_fidelity": [
      0.7123457419758239,
      0.3463216260045552,
      0.6998706594614575,
      0.927189739100539,
      0.365993829954038,
      0.35612293149681745,
      0.3310125482282536,
      0.36340244303793146,
      0.5158812211390635,
      0.8653464305544648
    ],
    "noiseless_trace_distance": [
      0.2986260272240694,
      0.34977008269405974,
      0.19217867177818315,
      0.07439116846436823,
      0.3519696693596962,
      0.4267276346588512,
      0.4280108093343268,
      0.3506438589476983,
      0.3963636881557942,
      0.15888643606507236
    ],
    "noiseless_relative_entropy": [
      0.8198305010549369,
      5.92642944921029,
      1.1703153366608643,
      0.16616119813190922,
      4.261439069344821,
      4.971998690774576,
      7.728203826008922,
      3.570539121794385,
      2.094310727686688,
      0.4052183215522488
    ],
    "noiseless_purity": [
      0.653580996218083,
      0.9873863104436542,
      0.5174972662787296,
      0.3742379828989758,
      0.9780373188407752,
      0.9953487315152182,
      0.999591858814634,
      0.9852099116381966,
      0.8989732011490489,
      0.403119489790693
    ]
  }
}
