{
  "metadata": {
    "n": 2,
    "J": 1.0,
    "h": 0.5,
    "beta": 0.5,
    "ancilla_reps": 1,
    "system_reps": null,
    "optimizer": "NFT",
    "min_kwargs": {},
    "shots": 1024
  },
  "metrics": {
    "exact_purity": 0.32622154913908924,
    "calculated_fidelity": [
      0.3840493809674224,
      0.547252485381623,
      0.5109363261615253,
      0.7111523968659571,
      0.6308693268383493,
      0.40278353357488716,
      0.7525097848487577,
      0.6587417894302998,
      0.4440162574492978,
      0.46134192034648663
    ],
    "calculated_trace_distance": [
      0.3315541219388898,
      0.31912030060389596,
      0.40664872464397306,
      0.3086013727335216,
      0.34736384927517483,
      0.34302154448490463,
      0.26756327370963934,
      0.2888989147239146,
      0.3472730614679059,
      0.34490105737793075
    ],
    "calculated_relative_entropy": [
      2.4875236959458027,
      1.242415898928609,
      1.315144215218644,
      0.6152270191151352,
      0.7954893975065433,
      2.3844434460769883,
      0.4903160564368779,
      0.7179025170876414,
      1.9415071704910296,
      1.4811677188188315
    ],
    "calculated_purity": [
      1.0001220703125,
      0.9188461303710938,
      1.0405569076538086,
      0.8081827163696289,
      0.9106464385986328,
      1.0011043548583984,
      0.7285795211791992,
      0.7997350692749023,
      0.9990081787109375,
      0.9968013763427734
    ],
    "noiseless_fidelity": [
      0.3460715639447118,
      0.5162991226982573,
      0.43813331216576035,
      0.672628826437896,
      0.6119477160890724,
      0.3460183643675776,
      0.7156296812434988,
      0.5973320370456954,
      0.39148146498015873,
      0.40630732684333853
    ],
    "noiseless_trace_distance": [
      0.32742449444307675,
      0.3035897175332746,
      0.35769147365083825,
      0.28442113372531475,
      0.31822242940021794,
      0.327433111456477,
      0.2601351866985392,
      0.2721838651913753,
      0.32790079099072167,
      0.32577552050697256
    ],
    "noiseless_relative_entropy": [
      8.821233794150638,
      2.669542064997245,
      4.811725075602441,
      1.8640476437253568,
      2.6464428402695526,
      9.680263570818893,
      1.2809992127340104,
      2.7353223170972036,
      4.652685991056177,
      4.852956614277738
    ],
    "noiseless_purity": [
      0.9999977134710061,
      0.9084017895552323,
      0.9994444018220556,
      0.7860802447514622,
      0.8771225325156446,
      0.9999978707666388,
      0.7282242113071072,
      0.8007450267288343,
      0.9929107320557169,
      0.9877348679897631
    ]
  }
}
