{
  "metadata": {
    "n": 2,
    "J": 1.0,
    "h": 0.5,
    "beta": 0.8,
    "ancilla_reps": 1,
    "system_reps": null,
    "optimizer": "NFT",
    "min_kwargs": {},
    "shots": 1024
  },
  "metrics": {
    "exact_purity": 0.3999261709032876,
    "calculated_fidelity": [
      0.5636069812344967,
      0.5489752081096883,
      0.5641615110544537,
      0.473616069353652,
      0.9467025293660056,
      0.4745141723670399,
      0.40371360342605966,
      0.6489659659584357,
      0.42758914006609916,
      0.4420665337816736
    ],
    "calculated_trace_distance": [
      0.31407257074633593,
      0.31356844653396543,
      0.3141271103543505,
      0.340277196949087,
      0.11383615072913046,
      0.3496514571101392,
      0.34294539328408075,
      0.30888175811002805,
      0.33245453323806584,
      0.32210668745904963
    ],
    "calculated_relative_entropy": [
      1.431247170375384,
      1.9767436080090242,
      2.5220279571720696,
      1.3465647014834958,
      0.013392229509717002,
      1.2361449506314877,
      2.3494442018913295,
      0.7331346113689087,
      2.0679355106290074,
      2.0594971316661947
    ],
    "calculated_purity": [
      1.004105567932129,
      1.0099411010742188,
      1.014908790588379,
      1.0059814453125,
      0.5231657028198242,
      0.9970979690551758,
      1.0028972625732422,
      0.9909629821777344,
      1.0017948150634766,
      0.9897251129150391
    ],
    "noiseless_fidelity": [
      0.5196975479562786,
      0.5231773006906093,
      0.5175392712741582,
      0.37133397410200514,
      0.8594035104581439,
      0.4357102392971404,
      0.36537344496040247,
      0.5653541545554822,
      0.3685820851672852,
      0.41787199333625363
    ],
    "noiseless_trace_distance": [
      0.3020530939956384,
      0.3019955695786191,
      0.3020618452535133,
      0.3177531536173298,
      0.09060710004488565,
      0.3142920923779349,
      0.31752190989586593,
      0.2997799998009253,
      0.31803666341561243,
      0.31570358087617256
    ],
    "noiseless_relative_entropy": [
      4.523510535002714,
      4.14871243878103,
      4.47495361102357,
      6.080588381208632,
      1.669221143446951,
      3.481368034575029,
      9.375624734958777,
      2.9940220631630634,
      6.663814537497855,
      3.527476232270983
    ],
    "noiseless_purity": [
      0.9996656703573643,
      0.9994184500556591,
      0.9997973689456194,
      0.9998966882930458,
      0.504213132008393,
      0.9870183078375421,
      0.9999996861946678,
      0.9922597812775871,
      0.9999683078517319,
      0.9928295225732817
    ]
  }
}
