{
  "metadata": {
    "n": 2,
    "J": 1.0,
    "h": 0.5,
    "beta": 1.0,
    "ancilla_reps": 1,
    "system_reps": null,
    "optimizer": "NFT",
    "min_kwargs": {},
    "shots": 1024
  },
  "metrics": {
    "exact_purity": 0.4423502848609148,
    "calculated_fidelity": [
      0.613157887062909,
      0.4663793517647201,
      0.43074919913421367,
      0.6317440388931251,
      0.437967079370902,
      0.5934283244020252,
      0.621375205915819,
      0.6050647512239634,
      0.6723416169445252,
      0.44897687323271707
    ],
    "calculated_trace_distance": [
      0.2860744341795204,
      0.32885877212045106,
      0.34773375833510756,
      0.27687310406625637,
      0.34785331016413895,
      0.2941775295008201,
      0.2708500965379014,
      0.2786216480858211,
      0.2755789119913423,
      0.33974040797217137
    ],
    "calculated_relative_entropy": [
      1.0983048678294802,
      1.9368245038681047,
      1.7217357187670883,
      1.1007108721290741,
      2.055116104694641,
      1.3880692620479598,
      1.236635681598761,
      1.1715489428114543,
      0.9710047553252534,
      1.4603939961210501
    ],
    "calculated_purity": [
      1.0129079818725586,
      0.985687255859375,
      1.000401496887207,
      1.0064868927001953,
      1.0039310455322266,
      1.0252094268798828,
      0.989802360534668,
      0.9956607818603516,
      0.981964111328125,
      1.001626968383789
    ],
    "noiseless_fidelity": [
      0.5529036758150213,
      0.4455001218624967,
      0.38886111746726726,
      0.553030363072562,
      0.36807973759563334,
      0.553598968947837,
      0.6096175139972059,
      0.5626076540290675,
      0.6515306476517386,
      0.3821323801422216
    ],
    "noiseless_trace_distance": [
      0.2733670084927975,
      0.3255587577683014,
      0.32978514471698306,
      0.27336917676056816,
      0.33017644395513573,
      0.2733291092607817,
      0.2708837106792562,
      0.27329351707312854,
      0.2655604980737448,
      0.32997415264132735
    ],
    "noiseless_relative_entropy": [
      8.453031142782171,
      2.96206330165157,
      4.267605152580222,
      6.473791294685883,
      7.033498721640885,
      5.691380519837642,
      2.4298189716111644,
      3.7937616028723617,
      2.008755013053336,
      4.8634045399093715
    ],
    "noiseless_purity": [
      0.9999994314242837,
      0.9847898349427046,
      0.9986800555548546,
      0.9999997105672813,
      0.9999807211204211,
      0.9999979172992128,
      0.9918309594440526,
      0.9997585278845312,
      0.9746678384126234,
      0.9993101304103513
    ]
  }
}
