{
  "metadata": {
    "n": 2,
    "J": 1.0,
    "h": 0.5,
    "beta": 1.2,
    "ancilla_reps": 1,
    "system_reps": null,
    "optimizer": "NFT",
    "min_kwargs": {},
    "shots": 1024
  },
  "metrics": {
    "exact_purity": 0.47715088918704646,
    "calculated_fidelity": [
      0.6778559354812282,
      0.4590476512958871,
      0.8349591662096894,
      0.40148508475403827,
      0.43798045685766057,
      0.4136019938628201,
      0.7194887730719242,
      0.717884501371703,
      0.6468510937333132,
      0.41846954470059794
    ],
    "calculated_trace_distance": [
      0.27892106723954146,
      0.36336217836298695,
      0.2063402125516371,
      0.3581414820222075,
      0.3628380325847568,
      0.36360774590684575,
      0.24599603827071845,
      0.2729515462209434,
      0.2631032030569746,
      0.366941399967712
    ],
    "calculated_relative_entropy": [
      0.8486933121869888,
      1.5697402040526152,
      0.3087468551511447,
      2.195142746508299,
      1.747875151774244,
      3.02417973622984,
      0.9276448569587477,
      0.7474186267278653,
      1.0140252890610382,
      1.7024731547894953
    ],
    "calculated_purity": [
      1.0098018646240234,
      1.0002145767211914,
      0.6352367401123047,
      1.0009937286376953,
      1.0021743774414062,
      1.0012397766113281,
      0.962982177734375,
      1.008408546447754,
      0.990595817565918,
      1.0030136108398438
    ],
    "noiseless_fidelity": [
      0.5964023893364346,
      0.39604845250449405,
      0.8144459327091702,
      0.36318964364089795,
      0.3585666722025338,
      0.3596092826345291,
      0.6830853004921317,
      0.5970516352738074,
      0.657208198897202,
      0.364019840774854
    ],
    "noiseless_trace_distance": [
      0.24986359808061342,
      0.3526201866076702,
      0.20338590596599054,
      0.3535793119624339,
      0.35359500416398565,
      0.3535942472098616,
      0.24329587343472134,
      0.24987337414566824,
      0.24654140065793054,
      0.35357421093448443
    ],
    "noiseless_relative_entropy": [
      3.4366697706336566,
      3.6839008532309547,
      0.7089158884000406,
      6.472879611580953,
      13.545602111505591,
      8.019446158294365,
      1.4960942253065754,
      3.605261247395422,
      1.7747829637845975,
      6.077268443025035
    ],
    "noiseless_purity": [
      0.999883433848219,
      0.9967714403987016,
      0.626107909255238,
      0.9999478477116422,
      0.9999996292679467,
      0.999996821418718,
      0.978209975830064,
      0.9998603250472792,
      0.9887496259883682,
      0.9999295131542746
    ]
  }
}
