{
  "metadata": {
    "n": 2,
    "J": 1.0,
    "h": 0.5,
    "beta": 2.0,
    "ancilla_reps": 1,
    "system_reps": null,
    "optimizer": "NFT",
    "min_kwargs": {},
    "shots": 1024
  },
  "metrics": {
    "exact_purity": 0.5677667882613814,
    "calculated_fidelity": [
      0.7167779560976505,
      0.7283938578433777,
      0.8816195544207814,
      0.7385307290363212,
      0.9793869948871701,
      0.3356904517311257,
      0.7230940087438569,
      0.7443792927149631,
      0.33256718959594816,
      0.713422249737362
    ],
    "calculated_trace_distance": [
      0.19470808069972226,
      0.20315150804471446,
      0.1717642573314594,
      0.19987966855123546,
      0.10930958408737744,
      0.4465681913842918,
      0.19240640892723795,
      0.19064443984455742,
      0.42932414330271285,
      0.19970982360100348
    ],
    "calculated_relative_entropy": [
      1.5871676612245478,
      0.5491497164453992,
      0.32424852352566835,
      1.7248455264821818,
      0.055515893752900655,
      1.792630056877885,
      0.41184712624860575,
      1.020682328636759,
      2.1122547881221094,
      0.6404625857974133
    ],
    "calculated_purity": [
      1.0161428451538086,
      1.0256786346435547,
      0.9047412872314453,
      1.0189857482910156,
      0.7322607040405273,
      1.0067462921142578,
      0.9995698928833008,
      0.9881629943847656,
      1.0023250579833984,
      0.9798574447631836
    ],
    "noiseless_fidelity": [
      0.694305177074528,
      0.7161900079926206,
      0.8775589486062226,
      0.7012415743617092,
      0.9693061041692044,
      0.30164250365168743,
      0.7059270387423716,
      0.6917584905806321,
      0.30181197222238776,
      0.7713627525502298
    ],
    "noiseless_trace_distance": [
      0.1870249553166619,
      0.18626382421482668,
      0.1537237109002284,
      0.1869380047708517,
      0.08139560515486662,
      0.4165031434480793,
      0.18679622486870262,
      0.18701931070967387,
      0.41650313871959943,
      0.18186713556658435
    ],
    "noiseless_relative_entropy": [
      3.104012044441247,
      1.6398924127667196,
      0.3729471940583682,
      2.142341599814143,
      0.12440105496575478,
      12.547179425794585,
      1.918682301635426,
      3.4824447360082034,
      12.085603105367206,
      0.9189159509022782
    ],
    "noiseless_purity": [
      0.9999361048494005,
      0.9974657218887221,
      0.8956974804943555,
      0.9997225310501,
      0.7111889732140491,
      0.9999999816402164,
      0.999421584026012,
      0.9999942375757161,
      0.9999951621501983,
      0.982992326569593
    ]
  }
}
