{
  "metadata": {
    "n": 2,
    "J": 1.0,
    "h": 0.5,
    "beta": 3.0,
    "ancilla_reps": 1,
    "system_reps": null,
    "optimizer": "NFT",
    "min_kwargs": {},
    "shots": 1024
  },
  "metrics": {
    "exact_purity": 0.6514456428594425,
    "calculated_fidelity": [
      0.7801623331940059,
      0.7892859465988196,
      0.7876648924193055,
      0.7826055603341436,
      0.8578008957868567,
      0.8072565539469492,
      0.7847746575113985,
      0.7857182405992356,
      0.8041304006561236,
      0.8085752310623487
    ],
    "calculated_trace_distance": [
      0.1425591115983663,
      0.14145405465238042,
      0.18258917395696897,
      0.15522134288627168,
      0.16932909456083378,
      0.14659274170164188,
      0.16253730831842994,
      0.15443002592633448,
      0.15710727242783024,
      0.16598402628981754
    ],
    "calculated_relative_entropy": [
      0.7993877340387474,
      0.742567992760648,
      0.29513001315659393,
      0.5894974985543175,
      0.37885713121494957,
      0.5209192069915964,
      0.5681710643837601,
      1.0483554733691838,
      0.587743122305725,
      0.34698177663966845
    ],
    "calculated_purity": [
      1.0052061080932617,
      0.9926462173461914,
      1.013991355895996,
      1.005722999572754,
      1.0225563049316406,
      0.9939861297607422,
      0.9987020492553711,
      1.0192594528198242,
      1.0190486907958984,
      1.0737056732177734
    ],
    "noiseless_fidelity": [
      0.776398583325759,
      0.7770267753103342,
      0.7754309241074505,
      0.7977986450506137,
      0.7817153911641338,
      0.7801676547032009,
      0.7755037495591738,
      0.7754496253053875,
      0.7859347783807487,
      0.7900588968290216
    ],
    "noiseless_trace_distance": [
      0.13552073679708287,
      0.13552022873967964,
      0.1354568722934546,
      0.13505685797129835,
      0.13546701641720818,
      0.13551341898670574,
      0.13552618391074117,
      0.13550836734133107,
      0.13542843010805042,
      0.13534341811274964
    ],
    "noiseless_relative_entropy": [
      2.71749444651946,
      2.285677838962989,
      3.890323213237651,
      1.0861269431026395,
      1.6616509961663142,
      1.7922483571125256,
      4.16612488671232,
      5.299014952748678,
      1.4328995407034881,
      1.2802348759634978
    ],
    "noiseless_purity": [
      0.9999952971259025,
      0.999992895163073,
      0.9999999886338637,
      0.9985086801447514,
      0.9998854882836117,
      0.9999360276719823,
      0.9999991364097887,
      0.9999999147292937,
      0.9996598489130627,
      0.9993734596157018
    ]
  }
}
