{
  "metadata": {
    "n": 2,
    "J": 1.0,
    "h": 0.5,
    "beta": 4.0,
    "ancilla_reps": 1,
    "system_reps": null,
    "optimizer": "NFT",
    "min_kwargs": {},
    "shots": 1024
  },
  "metrics": {
    "exact_purity": 0.7308553090569767,
    "calculated_fidelity": [
      0.8516059365338376,
      0.8369876864639845,
      0.855275039550915,
      0.848900114348198,
      0.8483104264606328,
      0.9100102640709353,
      0.837039764024847,
      0.8401925783195775,
      0.8446757886793231,
      0.8600235905436544
    ],
    "calculated_trace_distance": [
      0.10895633491764155,
      0.10720733463728395,
      0.11787388977191676,
      0.12177100265518817,
      0.12089185450457843,
      0.12396740585251878,
      0.11118739028790063,
      0.1307175991161575,
      0.10964323027243168,
      0.12480094341343698
    ],
    "calculated_relative_entropy": [
      0.5880908577056558,
      0.38356218135202774,
      0.4032862510195808,
      0.2762079377017108,
      0.7951470147434272,
      0.18836656354754963,
      0.47698962290483926,
      0.20190856940436264,
      0.5576838359958215,
      0.3379468054604526
    ],
    "calculated_purity": [
      1.0152034759521484,
      0.9885444641113281,
      1.035440444946289,
      0.9968671798706055,
      1.0193166732788086,
      1.0195846557617188,
      0.9939022064208984,
      0.9998331069946289,
      1.0111942291259766,
      1.0294504165649414
    ],
    "noiseless_fidelity": [
      0.8585334395381389,
      0.8422453691989957,
      0.8399091897192278,
      0.8425968956008287,
      0.841630403924644,
      0.8400070106770231,
      0.8398540063007679,
      0.8779830998027397,
      0.8431285989771138,
      0.8789601198035402
    ],
    "noiseless_trace_distance": [
      0.09623299382642217,
      0.09669217813913777,
      0.09670699288990059,
      0.09669372715448721,
      0.0966740673748476,
      0.09668030264421668,
      0.09663630878957061,
      0.09462505658526832,
      0.09656748945403398,
      0.09478770014330798
    ],
    "noiseless_relative_entropy": [
      0.8200594319294702,
      1.3903620384358573,
      2.29234197255119,
      1.404263722308149,
      1.681225843894619,
      2.132163075697687,
      2.462794995656894,
      0.49314154878771155,
      1.277670394665976,
      0.4841928845487436
    ],
    "noiseless_purity": [
      0.9984356298169346,
      0.9999745680162541,
      0.9999995159095814,
      0.9999674134768659,
      0.9999828223731794,
      0.9999978144466288,
      0.9999997205760998,
      0.9932871740379827,
      0.9999526147098847,
      0.9936387888206046
    ]
  }
}
