{
  "metadata": {
    "n": 2,
    "J": 1.0,
    "h": 0.5,
    "beta": 5.0,
    "ancilla_reps": 1,
    "system_reps": null,
    "optimizer": "NFT",
    "min_kwargs": {},
    "shots": 1024
  },
  "metrics": {
    "exact_purity": 0.8011706484791081,
    "calculated_fidelity": [
      0.9273495195813511,
      0.9596532539852398,
      0.8915756083298219,
      0.8984154160060985,
      0.8789871620727077,
      0.9371424637708986,
      0.9551851145616855,
      0.9189805808258394,
      0.9091437608294549,
      0.11417934739447275
    ],
    "calculated_trace_distance": [
      0.09670670576841037,
      0.09300739255902159,
      0.08507358692370122,
      0.1135265345728775,
      0.08754474589657706,
      0.11871283393570087,
      0.07978683067049698,
      0.07382101214668464,
      0.07006968713752434,
      0.5517323273515083
    ],
    "calculated_relative_entropy": [
      0.12570092256830026,
      0.12240916428379711,
      0.06783625392155554,
      0.0934502505198656,
      0.11820673917910854,
      0.07241863842390849,
      0.17749933618207625,
      0.4239645515233527,
      0.4215377363398125,
      2.7331509756014296
    ],
    "calculated_purity": [
      0.9881267547607422,
      0.9789819717407227,
      1.008835792541504,
      1.0276403427124023,
      0.981719970703125,
      1.0257940292358398,
      0.9902448654174805,
      0.980006217956543,
      0.9655389785766602,
      1.0077762603759766
    ],
    "noiseless_fidelity": [
      0.8882537233988694,
      0.912137207435462,
      0.8891366673086551,
      0.8884375300661133,
      0.9014682726287168,
      0.8882012384186446,
      0.9303854379281675,
      0.9017053090765361,
      0.9042991979745922,
      0.11442965768421297
    ],
    "noiseless_trace_distance": [
      0.0674402669692073,
      0.06657286638449078,
      0.06753705968198065,
      0.0675562179030049,
      0.06725285029665609,
      0.06755972077230285,
      0.06424255330518516,
      0.06724904410354174,
      0.06711527914226059,
      0.5359797104916441
    ],
    "noiseless_relative_entropy": [
      1.427557176105113,
      0.3707184383985432,
      1.3181176854386554,
      1.3178308914812957,
      0.5059004496711568,
      1.556084598847928,
      0.2373140735095346,
      0.5046491161205349,
      0.4618701869804333,
      10.59716870440311
    ],
    "noiseless_purity": [
      0.9999988310012057,
      0.9967651696757337,
      0.9999660185927008,
      0.999998208177304,
      0.9990397694551221,
      0.9999980068771366,
      0.9890739621377715,
      0.999003784321467,
      0.9985743756127143,
      0.999948696383852
    ]
  }
}
